"sample","CD_8_T_effector","IFNG_signature_Ayers_et_al","T_cell_inflamed_GEP_Ayers_et_al","CAF_Peng_et_al","TAM_Peng_et_al","MDSC_Peng_et_al","Immune_Checkpoint","EMT1","EMT2","EMT3","Pan_F_TBRs","CD8_T_cells_Bindea_et_al","NK_cells_Bindea_et_al","Cytotoxic_cells_Bindea_et_al","Macrophages_Bindea_et_al","DC_Bindea_et_al","B_cells_Bindea_et_al"
"TCGA-D8-A146-01A",0.25796966561159,0.50383692156047,0.428504249704339,0.835958963185421,0.433480638041849,0.410552981550087,0.253593982914766,0.767420599859195,0.694467083370939,0.521568576948434,0.779125597514902,0.563009019554138,0.510851927855969,0.316056839738899,0.559506421700629,0.33267641749875,0.412781731229114
"TCGA-AQ-A0Y5-01A",0.181691713479704,0.507524437311665,0.333349349712519,0.821650517647241,0.417306983274532,0.396764543187439,0.230633756566253,0.79029800841418,0.7182805438621,0.535826355921245,0.750613327199761,0.542072244085869,0.493170223803222,0.240136918147774,0.55370430719357,0.313546374216348,0.201557722030036
"TCGA-C8-A274-01A",0.238188568642828,0.539852560837115,0.393336327610053,0.72537903449013,0.350919504480235,0.366791753330418,0.233498019347323,0.694334315734331,0.537208909061856,0.429388995649409,0.653811729167746,0.539369856429097,0.46726892362387,0.257610961222662,0.452072688144958,0.236407872941033,0.224098374723524
"TCGA-BH-A0BD-01A",0.426957314120901,0.705258174402428,0.536532367735616,0.816906359487509,0.42240341282703,0.422613579911228,0.337503345713013,0.71553015640852,0.689881751476226,0.482812899657174,0.731131629018419,0.560663340986026,0.491098613598105,0.340908646038482,0.532345989906161,0.357136430450043,0.348934521866062
"TCGA-B6-A1KC-01B",0.159733884579927,0.450439328746582,0.339760688327532,0.674408813495761,0.330309785921892,0.295036905484475,0.174689110871426,0.77890326098899,0.393806305947549,0.483534950686784,0.601577990265918,0.517273081229516,0.454940632500036,0.211968217082382,0.436818564420107,0.216661523627408,0.204412085377245
"TCGA-AC-A62V-01A",0.182119932018776,0.412944849853304,0.347328197277656,0.770478389622249,0.434860007864895,0.371669631221738,0.198248574660585,0.781317894250249,0.637798832560365,0.462562425447606,0.754150960074691,0.537824780445309,0.486497453981398,0.287724410909768,0.475052971863201,0.319440716006506,0.221959468219632
"TCGA-AO-A0J5-01A",0.218342875194974,0.468820691147951,0.384795130369513,0.814731809355039,0.415933837012304,0.398986932256313,0.225183142296639,0.809590329115504,0.735488068485402,0.585445403946469,0.753963258708397,0.55801561381117,0.507416884611187,0.292190332180583,0.508868054774969,0.316142200733722,0.328712912864142
"TCGA-BH-A0B1-01A",0.27182385020041,0.55409738373253,0.449448134634033,0.805859193903856,0.437034148909865,0.440720062658561,0.243870017549505,0.786711140255,0.667397818661475,0.531488125221362,0.709193487718441,0.556356183277915,0.501650841974947,0.294422756317435,0.489446462574882,0.245602223604039,0.333810833722941
"TCGA-A2-A0YM-01A",0.383785786912384,0.723251266803334,0.547003215315707,0.787356901915326,0.399696884944989,0.483373413049798,0.35365847536801,0.752942849474681,0.576718021993879,0.512268282037439,0.772542826715832,0.511956382419937,0.486854414119588,0.316535774700157,0.575724559354211,0.339898989963735,0.39412836527505
"TCGA-AO-A03N-01B",0.217718784561195,0.508258350940284,0.388092420841422,0.807265891681222,0.377657623704683,0.410459870338773,0.237245781214589,0.805237672637657,0.691708889042947,0.551834989313266,0.764447180940033,0.566397170744836,0.472246389538607,0.250654556104387,0.493445114750741,0.256067397818496,0.288915475092006
"TCGA-AO-A1KQ-01A",0.49603869593107,0.683547019351071,0.59973181443528,0.808295562958909,0.397576538725758,0.371715613510289,0.356925367564921,0.748766709224519,0.559402140271561,0.378620040703919,0.701922393501342,0.562123336939782,0.485310068119893,0.389878122193969,0.489767114609135,0.23982609160343,0.362758975041419
"TCGA-E2-A1LI-01A",0.429272599411934,0.726418627438312,0.565606084537906,0.742232210721577,0.342434161940582,0.483822285092371,0.324484269682888,0.741357267686213,0.459240298326226,0.448930259669867,0.746197261424237,0.524808573761871,0.44415533975753,0.307178358313415,0.499681015106998,0.2722738791469,0.432258374610708
"TCGA-B6-A0WV-01A",0.0984586925280863,0.429396266783238,0.300520173003207,0.733038658398275,0.352854334186336,0.392110786027915,0.162861217847107,0.697394879892734,0.589032058108263,0.418437528886312,0.692395386703884,0.516072797922458,0.470097863647417,0.201570039426522,0.410902412818989,0.235014235367626,0.205536363813483
"TCGA-E2-A1LE-01A",0.468502059009227,0.676238140294453,0.574712170429223,0.833970623792515,0.429974959511841,0.424592545628797,0.327485319491411,0.782560716138602,0.664476204915059,0.548239777652528,0.763582143436878,0.598791959108676,0.521825375335156,0.37304914625372,0.520406792670525,0.383201152096901,0.346965784289812
"TCGA-A2-A0CO-01A",0.437592277257067,0.639825912575124,0.587019115218444,0.829951370645011,0.437575903620718,0.419366568571781,0.367717682205932,0.737892408611744,0.64802610278729,0.585756579306253,0.803201143027578,0.603588614555045,0.53831802060875,0.430206854359486,0.519346223514586,0.416708799574562,0.435895412450889
"TCGA-AN-A0AK-01A",0.423395560927364,0.671412071657458,0.487587346565533,0.692774055144311,0.348926303721039,0.363162098772207,0.337535057855472,0.723558181905355,0.516207270550903,0.367267769187123,0.648654507645116,0.5431651837881,0.502686526874635,0.334430914071215,0.463480206460324,0.298117393889934,0.353647467495133
"TCGA-BH-A28Q-01A",0.264912861622809,0.522174092482318,0.446168826138956,0.795528776437838,0.379567212153265,0.370077711392404,0.220481091972507,0.665021241668773,0.616692566521207,0.498756930075492,0.720430378375402,0.564977911619656,0.508809895326769,0.302291888886857,0.464008450875442,0.277593325973021,0.33735096055035
"TCGA-3C-AALJ-01A",0.435989608624005,0.639589061050655,0.53603498956074,0.797031526628169,0.42715384683624,0.344737815284283,0.314183109166219,0.711368188887777,0.60744853564149,0.484659340388339,0.752179301228073,0.585565837928853,0.513560579716971,0.385823479643558,0.48982732736923,0.308625693714152,0.364792935083299
"TCGA-BH-A0BM-01A",0.247923203746867,0.480441911778432,0.403560109937175,0.809124978233715,0.411835887645898,0.394967368663228,0.209913339984147,0.763627570918637,0.678951714628315,0.533749517640657,0.75929591848939,0.579988686421629,0.514187470725476,0.317817750889652,0.502594053990764,0.332005471268296,0.36953309138992
"TCGA-AO-A03O-01A",0.464267097561063,0.722186151476072,0.575193717179849,0.726914144622643,0.395288122196094,0.377918813674293,0.398588720036822,0.693052473199415,0.516811995937531,0.464566956459551,0.646909287834118,0.539271172038141,0.473918912904327,0.353617941646293,0.527557210062721,0.322504868720299,0.38323846966138
"TCGA-AC-A4ZE-01A",0.270672443972849,0.505765443037428,0.400397976360398,0.692158201711752,0.399852917119563,0.308165662649317,0.223945469740931,0.731716845790581,0.44196537941061,0.481617083701602,0.623299661912363,0.573752732788039,0.504978824137615,0.297597060233466,0.421324207329719,0.224015504275843,0.257475280420222
"TCGA-E9-A22A-01A",0.509462454241946,0.757588187995292,0.60064761813991,0.862269925830345,0.43737146011557,0.404133409137745,0.39929248584529,0.80845738593731,0.74804480231732,0.576728968066974,0.806175751268216,0.576328687944605,0.500913806186304,0.393511338214778,0.567619849239295,0.304901913280256,0.344034064371592
"TCGA-AR-A0TW-01A",0.561309458986313,0.753410358261438,0.611081217344597,0.745286644619776,0.390174254180893,0.355840416686835,0.41432200040547,0.75705612357207,0.570691906750855,0.44560932042085,0.665680085367025,0.568253242963282,0.51227741348894,0.427631914907591,0.53011383683149,0.306417403020009,0.403420312910978
"TCGA-BH-A1FE-01A",0.49682785102324,0.730252240990263,0.621595123140874,0.827655595113598,0.404734381915747,0.427472927941715,0.368472634225796,0.771335614813965,0.698868063092383,0.572252966411529,0.765919469420427,0.580926884828758,0.513195962146925,0.413475703304412,0.502816129255955,0.340103580506259,0.450218209087298
"TCGA-A2-A3XX-01A",0.367208730830543,0.619628824698164,0.493881743520858,0.783696454840274,0.393539188019205,0.45979541481047,0.308971893250877,0.749785167158658,0.544598734590733,0.520515041343678,0.778886149949874,0.564847251076728,0.493389101264846,0.354564450244493,0.487356534110008,0.343580608515903,0.450572214354028
"TCGA-A8-A095-01A",0.250392554606444,0.513533861150112,0.43215874096733,0.792668583714555,0.402042917447458,0.41904024610381,0.238358170144294,0.713868899850941,0.66521952702428,0.481962833395074,0.722972644439661,0.54622088863331,0.492560723475568,0.303506575414164,0.487479776697335,0.298314422956949,0.343673901817851
"TCGA-AN-A0FL-01A",0.200221459732676,0.505861517718972,0.380125915784654,0.672686805912377,0.439973895146287,0.375004914404745,0.202327384312251,0.726864803234969,0.497076366124646,0.50795347599369,0.689054171943652,0.516180804824828,0.451427566779139,0.262364285104772,0.458700784475159,0.297560686255157,0.326042505991336
"TCGA-D8-A1Y2-01A",0.470056640151085,0.655806448511877,0.589362147125564,0.862466524659972,0.434839988923732,0.391716656249007,0.409809786961441,0.77124009021781,0.71267703345714,0.515911182941616,0.76541815082673,0.566444563582056,0.495594411915948,0.408720703179706,0.676873415193799,0.34657086239203,0.397989174676891
"TCGA-C8-A138-01A",0.583780109240531,0.746612973184175,0.647026880968323,0.835164160894359,0.407918129588462,0.437935573996314,0.391564336402917,0.819164865514422,0.674080217072644,0.487474340543383,0.791967317371851,0.573680304453287,0.513197764979855,0.434359684992936,0.528937945736179,0.405165430633385,0.396062662602442
"TCGA-AR-A255-01A",0.408935490208051,0.662682707156902,0.499954423185724,0.820215619638531,0.418274825820256,0.39401121084679,0.353888655902959,0.733016760699252,0.707133478149411,0.505200311730334,0.753426970118415,0.563632177204738,0.496144604514763,0.318502954896701,0.542555517105347,0.308741057277504,0.350353172668864
"TCGA-GM-A5PV-01A",0.321604981085577,0.588476574428095,0.46401176355733,0.659317973729631,0.421235747839031,0.360936442289096,0.238479369851333,0.702071461173136,0.493226015504314,0.391597749777914,0.682209882561147,0.570589281995741,0.494969181538989,0.322301088960012,0.501323963221232,0.3075247802842,0.311241820047717
"TCGA-E2-A108-01A",0.625130981663025,0.783763393416313,0.724398049692995,0.862378675768214,0.461849790009268,0.441552364948491,0.516558109944478,0.76080264318066,0.70769492070724,0.58285005022947,0.805638501726415,0.608511025567987,0.531775421221129,0.486338672992822,0.615285714270425,0.454442738508911,0.423239376137759
"TCGA-AC-A2BM-01A",0.372583242047792,0.641779335549791,0.489744109211063,0.761839905723308,0.363935117076781,0.31725429442869,0.324297729529546,0.703677527174165,0.548062558885828,0.437747269106212,0.653976193051913,0.544226013753674,0.488368318998596,0.34905741712652,0.455238653551775,0.186397982861932,0.354730758402088
"TCGA-E2-A1IN-01A",0.1408758286085,0.473659316152246,0.350377663753294,0.834442746168265,0.384866622068232,0.408529397440117,0.250582202296981,0.764243912759476,0.753948288325388,0.507878711703458,0.787168123081174,0.549177331413537,0.49176699805146,0.225851543587246,0.495876377350975,0.220065479149687,0.299908395287395
"TCGA-A8-A08I-01A",0.609309016035742,0.770319074655658,0.679367893863268,0.674405170783296,0.386967508009709,0.332201283667015,0.515000460043144,0.659203461762641,0.481549253624284,0.438714118992623,0.597925261576448,0.561534117732968,0.487794787516968,0.469236004404937,0.63687198793719,0.441048256838532,0.412653908145387
"TCGA-AC-A3W7-01A",0.208111088583899,0.447093625474775,0.39263653815285,0.820995638326743,0.389707916730907,0.392354902575771,0.206450566059816,0.738883351117092,0.701068184528216,0.490521057043042,0.785555543513787,0.561186776178533,0.524865469430574,0.289405590008871,0.462350823374599,0.305075646579927,0.291803115326022
"TCGA-E9-A1QZ-01A",0.485846108133028,0.692992840950954,0.604251020555318,0.788339099168618,0.455876841074483,0.446047566967958,0.355976514756494,0.716296469515466,0.574334915876354,0.481517430572457,0.756674204648616,0.588131640571122,0.508924937988639,0.426917168581871,0.521567917046707,0.411516033412264,0.440591833206661
"TCGA-EW-A1PH-01A",0.370245064029076,0.634238088401252,0.486523029550329,0.755403224122707,0.375751577574175,0.560046405353262,0.302501470871462,0.773417629337179,0.58943972441232,0.515140729935976,0.716393419253367,0.515975731897362,0.470989362958008,0.309973421424785,0.526503835589577,0.280349439402678,0.399597683717408
"TCGA-BH-A0W7-01A",0.49593892362145,0.690185806265696,0.611306179431765,0.840380371462688,0.398418518175285,0.399404654578201,0.400112577076939,0.791291137595558,0.725871604580566,0.487393463730017,0.781081572540743,0.591239525048654,0.526333492699789,0.396946880446178,0.531521781379918,0.305034633335669,0.407707053527086
"TCGA-AR-A24K-01A",0.138290684267871,0.418173346749618,0.318192701811005,0.75177883078402,0.311562500648843,0.352616308349281,0.163869486026492,0.699583468287094,0.607123109015961,0.403799737772007,0.670031863608492,0.541242747365504,0.459936129788369,0.249219065865816,0.40597926574747,0.19132359346424,0.239253210105067
"TCGA-BH-A0H9-01A",0.225688790885697,0.470031048361693,0.381069479201121,0.764776687796891,0.403337996655845,0.417348741806074,0.196259199409881,0.750296835291607,0.556573918613647,0.439943285377014,0.680275476224385,0.556890293109363,0.495365979293618,0.259178406849055,0.472275123530029,0.278303549080823,0.310237149390311
"TCGA-A8-A09B-01A",0.224941033225757,0.479207095144012,0.367192477262814,0.776191282776362,0.41372946671755,0.371455825165354,0.193700037640722,0.778976547503882,0.615764056685081,0.466102960084278,0.704281630151208,0.562622650166792,0.5052294450792,0.277190396025912,0.473877678262684,0.245481954351274,0.290465143163281
"TCGA-A2-A0YT-01A",0.308221350274445,0.534854236362894,0.427822810563706,0.727643597000887,0.417672467908587,0.404158107237247,0.260006943651334,0.769770145796045,0.533948124882397,0.417795348024659,0.664377171255881,0.558531730222887,0.484951110841578,0.304694780133936,0.470933941157955,0.366070431608653,0.300941525058295
"TCGA-BH-A0B5-01A",0.363437217257448,0.615690644795061,0.469616640810098,0.806429229780013,0.392415094913148,0.409489610658008,0.319396674998841,0.756457779045115,0.702593615623055,0.476367606336738,0.74675026657711,0.556807887935617,0.504898397799244,0.326723141771041,0.537397768428175,0.351504778496779,0.339088292010955
"TCGA-C8-A131-01A",0.351812439872382,0.570073518004602,0.463726449077145,0.842613898941858,0.429667119621731,0.496508321450516,0.266300897283741,0.794067375866742,0.650091553067859,0.516200760420731,0.769898862923818,0.551765774098234,0.4682410677336,0.291117273279734,0.572097485165341,0.35847344488764,0.367871741075562
"TCGA-A8-A093-01A",0.119812684449533,0.422811739100971,0.305595763171051,0.803920147965228,0.392194050454509,0.359910433310452,0.172306455929061,0.766912824364638,0.688294126157488,0.462470109186614,0.733379313770337,0.53941212367723,0.503451067677187,0.22169631138242,0.485135608822087,0.22568373981612,0.283142070855266
"TCGA-A1-A0SK-01A",0.149453546333581,0.417867299074574,0.281184776059663,0.651223879019129,0.332624637823278,0.406551221545474,0.143030876305702,0.613941347811616,0.487855080123385,0.377491121225029,0.641250021050863,0.520781895126435,0.4508028902014,0.17815190772312,0.381818292063288,0.138453369847686,0.339980769254562
"TCGA-3C-AALK-01A",0.266032507382599,0.515088345263809,0.441044329614822,0.843985043814613,0.415338258580652,0.415368447564235,0.268747889266878,0.792855612537334,0.730145676125924,0.530583937736595,0.810978331113365,0.568779075320934,0.516888082714934,0.326556670127948,0.48222738659141,0.291430032958365,0.355238594736286
"TCGA-AC-A6IV-01A",0.373724084143852,0.579768059595658,0.520420500065705,0.835128763175006,0.458701867163389,0.427016059575828,0.342666455801646,0.762523271353275,0.675628851837099,0.50712113803822,0.755734904753346,0.596550402381054,0.538243879120633,0.401173439026004,0.599950167037365,0.403556753455179,0.359786005741868
"TCGA-BH-A0GZ-01A",0.225132716268225,0.484973051661634,0.361800612058829,0.811240254981766,0.42480879889997,0.412556212951988,0.18693124545513,0.790879525496174,0.658994495716715,0.504443642750038,0.73225020183571,0.539847415244848,0.492591904133936,0.265201447778917,0.481739185234399,0.244827822827541,0.327543478709527
"TCGA-A2-A0CV-01A",0.39066309932152,0.63131666210305,0.524924334916481,0.817162720803053,0.378015531435341,0.414487531319977,0.277569315409746,0.777497652190423,0.686360185575796,0.545029333376522,0.778063043158137,0.5882462308286,0.516671999409041,0.353542114316417,0.484814233081663,0.294988619203757,0.381484729071576
"TCGA-C8-A12Q-01A",0.329637695401538,0.602825322133993,0.442227781562672,0.805393331219426,0.424377769429409,0.445294543041727,0.293657299276395,0.755241932313421,0.635143345778102,0.478860935637361,0.744400324976955,0.55658626575702,0.464873178400485,0.30736297675154,0.55352293141277,0.311242561626585,0.368898540272022
"TCGA-AR-A1AL-01A",0.217961417500269,0.443217658054896,0.418171334167436,0.813767539538885,0.407154309465727,0.405400589291602,0.235441626370134,0.725745267126492,0.682455405948738,0.548815928717764,0.79193254696841,0.564696368906133,0.511830220762192,0.310656595035535,0.481711939717947,0.341737246816373,0.382333664265101
"TCGA-AN-A0XP-01A",0.22038265011079,0.539321213220496,0.398926993924947,0.804154218160919,0.378959255221638,0.353685688228479,0.271057206129237,0.717056236996369,0.686468129403494,0.463342662337675,0.723184520549428,0.548695089633539,0.50552225173202,0.274432901630151,0.490270286565214,0.254192584603693,0.236385184256088
"TCGA-AN-A046-01A",0.526636160511249,0.740408032353168,0.623029399560957,0.806936343013021,0.403872691217495,0.345538728863645,0.435482957594701,0.742791011797928,0.6627427515629,0.398352877343339,0.707976578358782,0.58433841891693,0.507486693891339,0.460885701183922,0.528532701313354,0.331917903691063,0.32918814477451
"TCGA-A7-A4SF-01A",0.356587141225355,0.599356809415718,0.477887586811701,0.748570640679178,0.406270397588305,0.311422509537141,0.315435146474097,0.723865443864432,0.527563574447181,0.375251710953359,0.638246378353661,0.568822044910575,0.510519401787188,0.329599633834591,0.489838387396144,0.289722831019548,0.386055884627077
"TCGA-LL-A740-01A",0.208296212551983,0.473534903676649,0.404709303372823,0.830361938097239,0.47922700564522,0.434849290083979,0.28972120096125,0.800600183128694,0.717094408299998,0.526143693029686,0.826225053732074,0.574973044464828,0.479850148446813,0.32851300554163,0.563031126765649,0.35437998189668,0.331317744514916
"TCGA-EW-A1J5-01A",0.481216415281348,0.703177674656433,0.588352542483998,0.769815961467537,0.397712023709756,0.380020815408448,0.433000098431209,0.662746091633704,0.580683628392367,0.463191481621678,0.729371288477441,0.56864311154946,0.495196139296292,0.349376125566539,0.496209865552069,0.273746314934243,0.399894113225113
"TCGA-BH-A18G-01A",0.317407776898585,0.560767165970101,0.456382911429184,0.796141629487017,0.346838682308999,0.491713684074471,0.28204746916782,0.769068941275567,0.643876606965099,0.507275105087613,0.722651983909396,0.557253151464975,0.478736400826081,0.396447587810857,0.516228245586366,0.230427390315452,0.299516983717549
"TCGA-A8-A07R-01A",0.226564402681585,0.525406365332485,0.396033459489095,0.760089283424551,0.346050289790634,0.532469529482143,0.287031089224266,0.671009735061382,0.580358249293943,0.46228563803079,0.787983870790187,0.503696177731767,0.457976834776757,0.235149647059737,0.51336844192318,0.20200342760646,0.394846174791974
"TCGA-EW-A6SB-01A",0.615558944303526,0.801139426806258,0.757920588508203,0.659065892113327,0.426404125957466,0.476111265304698,0.539530657785007,0.721073354787163,0.498403842263471,0.411031076074785,0.699644810472155,0.57116511076687,0.471516754123318,0.457310295466282,0.548137182141216,0.401278961221305,0.52759271106597
"TCGA-A2-A04Q-01A",0.686380582329771,0.836563062169415,0.793217405845532,0.83677670293878,0.449097937434081,0.455298126916375,0.58120687462766,0.745709852972034,0.600181780433447,0.603320136898618,0.756426444296011,0.599739541757898,0.506272662401598,0.53536854478288,0.577151446800917,0.406071482697581,0.510618630769181
"TCGA-B6-A0IC-01A",0.0944906101654733,0.413229036017764,0.28444987015159,0.516209762193917,0.334747873836622,0.26609387440009,0.109957061639356,0.622037487812095,0.40110860614111,0.230375149878539,0.54355161731576,0.517208574863486,0.473263487055295,0.225699932793113,0.406142700324703,0.184536557246336,0.16925817175341
"TCGA-C8-A12X-01A",0.258963414694526,0.47690431812676,0.410891975197053,0.738133404248256,0.3666329462954,0.319162484477559,0.259559091716555,0.755968763165372,0.520879760687513,0.501493402736808,0.698559545671722,0.540897667426862,0.508418000263884,0.320267831333856,0.462705220524236,0.207950607764083,0.247181306613735
"TCGA-Z7-A8R5-01A",0.312487747249821,0.44524836141146,0.508320725479037,0.815568201425018,0.430705162929215,0.433756579631651,0.2817896144435,0.745195914677296,0.622531960233051,0.471433755639606,0.774275873961582,0.582430707288903,0.535384781262154,0.425739607609889,0.560344187352357,0.304411977172945,0.434965098092573
"TCGA-OL-A97C-01A",0.457101167929041,0.632410492947592,0.536114413925522,0.768391957399218,0.38402645998869,0.444208148737231,0.320662097953608,0.827783622601588,0.692444587763181,0.586981251402445,0.782564699210449,0.57764322907602,0.523454421314764,0.445287243617996,0.514948006747122,0.309993329342175,0.299696759002131
"TCGA-A2-A0EV-01A",0.381610217847491,0.62718305254982,0.499280156464766,0.824888288152616,0.432934662699911,0.435440492870915,0.320802903819078,0.755010465240381,0.664890459235902,0.510149450417094,0.745708461794217,0.569772825376899,0.4994492435096,0.358201784137498,0.567683654426215,0.371781535272039,0.357131209188293
"TCGA-AR-A0U4-01A",0.467591126717879,0.787356289015588,0.629161637052769,0.8071271868808,0.44143469580994,0.496416522139799,0.410241257057741,0.778058086329262,0.630151933761176,0.576319306785945,0.743086481274677,0.537004453609181,0.481158772342735,0.385881860526343,0.651341159728538,0.314437893816682,0.401353420286542
"TCGA-A8-A06X-01A",0.443838496774897,0.695900894515644,0.526764315118019,0.781941796471448,0.379601130405746,0.407108094901065,0.386052363382151,0.753880471339225,0.542736194213541,0.441539267405654,0.659561764540543,0.572443227352446,0.502334393645297,0.335990630449732,0.494506186391344,0.29473687328315,0.324940217005275
"TCGA-PL-A8LY-01A",0.219533656664436,0.423159096516222,0.417928169907906,0.647856911561254,0.382125427392399,0.394539595447092,0.193043328239264,0.678307636823913,0.583993024910424,0.343212969851147,0.720491064643497,0.554039367554236,0.529470310790191,0.346106840355719,0.423422703436847,0.281565977795336,0.367700573137046
"TCGA-A2-A4S2-01A",0.423327374618807,0.637977391169424,0.56921102810981,0.806548981562582,0.417330569476504,0.374803300166663,0.395568160880517,0.737882911213865,0.668406713117812,0.522578101569012,0.697832284593151,0.582299560841859,0.54583080622369,0.402587692204745,0.525771159646044,0.339031986196739,0.375007396902353
"TCGA-A2-A04Y-01A",0.408931391734681,0.649875945503745,0.527940444612129,0.754225635729103,0.398897469190103,0.361830439191899,0.338076591190075,0.760756362536517,0.51627011110972,0.412888996081686,0.698429829205623,0.575538964876447,0.483079304325183,0.378838270874635,0.496197537507573,0.238894664881922,0.338603335387895
"TCGA-D8-A1JA-01A",0.344946169501453,0.681244210410644,0.448045268653476,0.81210351765304,0.362151978160073,0.391531337051846,0.324362933111326,0.750482653538524,0.653197142161974,0.544859900982311,0.68449676767244,0.54882234477124,0.461967877558892,0.22807675770437,0.534324494420995,0.347175084739435,0.304884364499545
"TCGA-D8-A27E-01A",0.289951696672942,0.544075455770419,0.426667393067436,0.70204460533395,0.353504709205561,0.293059342731869,0.266735048722298,0.657140544468692,0.503994342023138,0.366955208644869,0.623670276338763,0.546734474866367,0.479602913409097,0.325398459146126,0.469179262050005,0.241837743932596,0.270380794901541
"TCGA-A8-A06O-01A",0.309878570690321,0.573401538768831,0.439941116739531,0.771620642550992,0.396905064027812,0.364528506199415,0.294171442280926,0.744235115334886,0.575776181628122,0.467239057290442,0.67117489307609,0.529252185561155,0.463709603189137,0.299895100737102,0.511774442551671,0.270529602713884,0.367712655408066
"TCGA-A1-A0SO-01A",0.341170391179778,0.618161709324653,0.405706405995055,0.64891712846992,0.321404085303145,0.45883868329782,0.226867562414953,0.651236581163822,0.38896138760429,0.367470039114682,0.607282598158445,0.524825565043412,0.455683238953093,0.24367497962949,0.424033758154635,0.294511025303019,0.428771986450222
"TCGA-A7-A26J-01A",0.233978498779919,0.532682093113675,0.403827759529141,0.800589428643866,0.37349747871592,0.386635960655492,0.287241874324805,0.758448591581151,0.693456923313204,0.476483642581484,0.737852292993424,0.544452488874184,0.48294384156149,0.269893091772658,0.499063161018368,0.194167611434352,0.270284115915601
"TCGA-GM-A2D9-01A",0.238396581964889,0.515603239809332,0.416862957348984,0.796991676182711,0.396680738411086,0.367539958391761,0.236932250577547,0.771809270128123,0.689768131789097,0.478031134183487,0.75347624298606,0.576075847768016,0.495881155647307,0.318904585989703,0.481447679065466,0.265332418159501,0.329581557950469
"TCGA-LL-A5YP-01A",0.312829848686879,0.555515612177891,0.474888220135108,0.872350634196889,0.425514432905947,0.511487075543257,0.314840618994699,0.804095630434443,0.701434886411244,0.543597963446426,0.82911086023262,0.559867093608611,0.50199231537675,0.31851152775258,0.573671132542114,0.364537606233084,0.407974613242985
"TCGA-A7-A26J-01B",0.312028796780388,0.642422060406251,0.447824601172589,0.74326875368031,0.293421783378415,0.298020862400561,0.331586740957893,0.721413467955307,0.641541464904649,0.51932401121949,0.644949587975073,0.551235425354359,0.415831309593604,0.312246565637098,0.448273718105216,0.0436374612250166,0.350578299010038
"TCGA-A7-A26E-01B",0.0675501400288312,0.465239966049806,0.304730697688515,0.746939248567099,0.27170493046568,0.299603625203131,0.190114267409459,0.712007912110746,0.692178834567342,0.537974840719968,0.648376309290962,0.520079332173024,0.425172241221041,0.136018262465955,0.485576277675871,-0.0116401733576182,0.253766200642602
"TCGA-E2-A1IU-01A",0.29204022316781,0.542127853159682,0.43583323523204,0.741079313929366,0.402501009272985,0.384689130144988,0.233563357570026,0.665599699563968,0.54599869623348,0.401389406270814,0.671366039443795,0.56198992900191,0.504296929578284,0.331116613003625,0.487422673343609,0.258552551126724,0.399651647491137
"TCGA-A7-A26E-01A",0.191638650684388,0.489735934604897,0.368012357524687,0.800272080652239,0.353308662671556,0.381393040051371,0.205241502403588,0.749571617075932,0.696870948629607,0.517928463597635,0.694545792594155,0.549635484125635,0.481423177664471,0.239256092189016,0.515262188619398,0.19515608562762,0.284710685182148
"TCGA-AC-A2FB-01A",0.591432610121129,0.727995755423532,0.695864105695961,0.782401753089356,0.437413387804869,0.388400330301549,0.438432855061032,0.717204554724988,0.587347489097465,0.511754359888421,0.713073716460038,0.607639040253338,0.507078272911373,0.486222655364895,0.505559359030893,0.381841634607461,0.461462561242991
"TCGA-A2-A04W-01A",0.242583168032319,0.505142006719828,0.39629440964551,0.837223539884241,0.391087223611685,0.406859947776471,0.226682849547426,0.804490121529282,0.712514143653772,0.551628355233918,0.793482087925959,0.549608459497472,0.476356160763877,0.302195531157549,0.514881250844659,0.259197532718674,0.371638345874781
"TCGA-A2-A0T1-01A",0.560300298568837,0.750514365017776,0.674562655291246,0.855383723171306,0.463658495073387,0.398675484696283,0.445748843406698,0.767232710059404,0.682409066415046,0.536394006451442,0.765198713542495,0.576612010189881,0.506199644509848,0.455594767446837,0.591192609765517,0.438109203761053,0.42894385733224
"TCGA-B6-A0IQ-01A",0.395923983168215,0.638894617043224,0.52485693840252,0.713548858936762,0.355757757124628,0.437759342693791,0.2965660535645,0.609518921465505,0.52831918531757,0.392252074583835,0.712627074744292,0.536150740377944,0.482645756658995,0.331832913501605,0.444405037616898,0.370706794280366,0.42061149884721
"TCGA-E9-A1N3-01A",0.112900111092671,0.427818867295084,0.319097129841719,0.673399500874011,0.33543538341216,0.311262712653039,0.127749353153919,0.68854344872272,0.462684696126652,0.395364440153877,0.625604466301457,0.520783090232222,0.461274816020564,0.242323382133885,0.421479369769629,0.238912496854651,0.321241950151754
"TCGA-BH-A5IZ-01A",0.230436391444819,0.53636344549105,0.403586776268425,0.769781539772185,0.380119073759302,0.489413288183662,0.232413592959615,0.743493167617802,0.504718887025554,0.46682043872508,0.713953206778216,0.53981089975388,0.493366947318496,0.302772635994027,0.536532558246391,0.260695107903205,0.389995809852147
"TCGA-AC-A2B8-01A",0.338306937536094,0.570068329221347,0.4770149961832,0.821514384657588,0.429627471889885,0.392789467068545,0.292424888678239,0.766673963073661,0.722804390063519,0.542754358067613,0.751273344083884,0.575393463327302,0.501204692732563,0.360795292895804,0.578213662388119,0.357948857571495,0.327137180281261
"TCGA-BH-A204-01A",0.161627603710187,0.454121201824906,0.295551031668066,0.715341061842999,0.341952680603542,0.353897761224749,0.161005489209893,0.706190986747532,0.524860579121462,0.449515281838798,0.660260673663044,0.504081652931937,0.460885781920095,0.218581857177403,0.454924009863376,0.173962773714316,0.217799292240927
"TCGA-AO-A03U-01B",0.436601584294022,0.531275196076792,0.534983825163532,0.808929846269164,0.44515559899894,0.477706293673557,0.328594546160233,0.769765678538348,0.719741415192781,0.512074238860603,0.736336104036014,0.568693822255361,0.524896727758213,0.556421605481961,0.569949926899886,0.253165530017702,0.391291036751181
"TCGA-LL-A7SZ-01A",0.491747733146808,0.663889746671442,0.661004310213781,0.792268559322154,0.483428696486371,0.35294781446322,0.45344135691113,0.756980793904923,0.547437029565109,0.450773503809888,0.711747468239076,0.573534551207294,0.505176416561308,0.457070032964363,0.551051933835844,0.392489739281157,0.474629136473734
"TCGA-A8-A09Q-01A",0.408265688124292,0.655650859287068,0.55142344082789,0.775768728388305,0.422011853697955,0.322829645420899,0.386915313489039,0.755089226675699,0.635458557302298,0.488346201876916,0.699962910901507,0.549342938163035,0.471895737469329,0.390162713842673,0.582037045745763,0.319211051174489,0.418662449468101
"TCGA-BH-AB28-01A",0.292642823534946,0.543841838332595,0.476924060282741,0.795193399736903,0.427050800284988,0.422161106976652,0.275076847508143,0.757269078435497,0.575594211036891,0.480622132758422,0.704970978648661,0.550255478653757,0.524015844676956,0.301364450146578,0.493357825965319,0.350676706923604,0.417222013144688
"TCGA-D8-A1XZ-01A",0.367645858113619,0.641847031358554,0.480343503896991,0.80679017530682,0.390985369614466,0.388630793344003,0.343258139202232,0.751197673298842,0.623267775946576,0.430909560327111,0.735867519847402,0.546222963658818,0.501498833465883,0.307626920935387,0.536074312614921,0.26425333575676,0.401637161874353
"TCGA-E2-A1LL-01A",0.214515970023406,0.499326763337391,0.383129302776142,0.757566631633107,0.421708487716833,0.581095541614449,0.262370867324649,0.599181868487314,0.560347011822731,0.424759781896712,0.767893972834241,0.518227253607689,0.468165249409366,0.243373366166404,0.473329352396911,0.247006075375986,0.322797062263466
"TCGA-AO-A12E-01A",0.183255815499567,0.477865854518324,0.382317898818041,0.762189487863283,0.431743484491292,0.408595054964472,0.237878282653256,0.771246831044999,0.57710551192475,0.483710993578013,0.755021968709941,0.556184183391394,0.492456395383772,0.303091983632657,0.545845412232403,0.32973261635983,0.316601589803029
"TCGA-S3-AA12-01A",0.183351801871656,0.467767794553258,0.354462886614882,0.705794873993588,0.35661953356798,0.290216082682968,0.24066792706877,0.704715246101694,0.493978284368733,0.358233709548891,0.652690327504475,0.527758903767874,0.506604029962662,0.258654993844787,0.437634411306747,0.202480012727562,0.331159790742093
"TCGA-A2-A3XY-01A",0.435198025130007,0.705009051325011,0.590710448700676,0.858019040344144,0.428015106632546,0.482494892534114,0.388435994337151,0.784047467810907,0.69243889700511,0.57283690535356,0.844461254204365,0.573947480154537,0.510344349882815,0.39036704884581,0.553731012651042,0.359117359631134,0.434231218420581
"TCGA-E2-A15J-01A",0.149641707478927,0.458581219001074,0.388785144236506,0.741088013744646,0.329629293021159,0.362250162044265,0.188126830112164,0.680221073392285,0.564726153490903,0.403995090104771,0.706592187711703,0.555050972567076,0.502435062349996,0.278048689952457,0.405697739010563,0.200706936096377,0.170208157554149
"TCGA-E2-A1IE-01A",0.144782251231235,0.425224452086228,0.310535974640359,0.723206387145808,0.341066786171455,0.371352398037116,0.151691761061298,0.704582189108438,0.484181808868531,0.429177692053874,0.661580855815968,0.535007174031543,0.49516465100987,0.216092197859897,0.429855816676945,0.223405181277755,0.247552083052409
"TCGA-AR-A24L-01A",0.241056754328882,0.527083927201839,0.370677806679801,0.82212749997233,0.411628398857152,0.447483993641562,0.215376620759664,0.749928468369925,0.686193897883448,0.496098348865509,0.758272580341746,0.540897754654837,0.493411963686934,0.229825197456896,0.499523563515428,0.171686987791422,0.294354076660812
"TCGA-A8-A0AB-01A",0.0717023419104813,0.335530047787228,0.256958572577899,0.751957621843823,0.352709508389966,0.368846378481366,0.128224800496711,0.664632299857584,0.637921839451411,0.513896276846786,0.680087515915984,0.531460113403593,0.478146581263031,0.179744405342296,0.46641157311176,0.218410539700639,0.266263081889146
"TCGA-A1-A0SJ-01A",0.239102269343993,0.476799058283432,0.413524398211336,0.805664934780968,0.44431623414358,0.446390712171085,0.227447732451729,0.796186916350445,0.623622542784123,0.447521047538652,0.760414204305061,0.583333568052806,0.496071641714761,0.328444993258473,0.489498409437432,0.304170937999723,0.386494043196423
"TCGA-A7-A4SA-01A",0.459310754887659,0.675499942907876,0.566025231064779,0.800076711254121,0.417498576558072,0.394751564818691,0.369908576470644,0.757757339730349,0.660927690859281,0.493335260044815,0.735166193614361,0.594042834783596,0.510826835027077,0.383337326684181,0.500874950659237,0.309936798525545,0.375398166636319
"TCGA-S3-AA10-01A",0.619317119133662,0.845690693763118,0.73863820634868,0.778230645144767,0.382134893823474,0.501902306717441,0.560831667048294,0.719045887683257,0.607698164145678,0.5156881371307,0.732871478982321,0.587246850366355,0.519081867799122,0.48510120389507,0.554632893804353,0.323076306081194,0.476376159059269
"TCGA-AR-A1AJ-01A",0.595289456257341,0.815757745204703,0.736037729859852,0.80807351791806,0.46944040914196,0.44869111936513,0.574317197698154,0.757030200733567,0.678818195632805,0.541262686266697,0.728520668402254,0.558169943182536,0.496158323852543,0.445526633932251,0.626526514250102,0.531030758901048,0.491527895088061
"TCGA-LL-A5YL-01A",0.371694624718983,0.56689898527476,0.528661738345003,0.794475261950818,0.435085326208983,0.414894398628352,0.276524869666317,0.747582696058639,0.580148147497346,0.497509224796606,0.727443830857323,0.564985987506537,0.513085536543088,0.336622074185727,0.479231440061805,0.40819148871154,0.418839742854224
"TCGA-E9-A244-01A",0.308735912273233,0.560751348720875,0.451176828519454,0.796004150961719,0.390979923688361,0.468688065038064,0.282937239895282,0.743489299338803,0.564143592257878,0.442823001289598,0.773244678634934,0.547369742974756,0.468908899338445,0.276109782330511,0.535500480527905,0.323021727944094,0.432255528676748
"TCGA-B6-A0X0-01A",0.243723485213773,0.49385810417388,0.420563260426342,0.715422540143269,0.377083730110119,0.415242141669168,0.179221117457686,0.68495718601508,0.576135137328473,0.378049423088251,0.705656864184175,0.552486016443541,0.507539324873864,0.319464833701492,0.409589491491802,0.259229671913059,0.262050181760297
"TCGA-AO-A1KT-01A",0.199564966918961,0.541320574236523,0.454495957375341,0.834821663068595,0.400769779383317,0.421591039596441,0.279757645428393,0.770354120038928,0.709337950513444,0.491142883699394,0.766070121627066,0.559797482455982,0.499600443976015,0.273389634756314,0.519711375550339,0.234256546180407,0.337550079834289
"TCGA-E2-A1LK-01A",0.220113129440974,0.529453627797457,0.405589085386759,0.65438524887491,0.338711211708964,0.468665695283427,0.220811850639439,0.6599623735846,0.555906454467606,0.461373802060933,0.656979233729707,0.515613535320198,0.444842351104354,0.208682739670693,0.506201700930206,0.204273272053588,0.295524158629877
"TCGA-EW-A1P4-01A",0.616068161222633,0.819409208737025,0.672745278418913,0.81214762756236,0.427598224286501,0.525977344352915,0.431043653140175,0.69309880239337,0.669762288199156,0.457482561007742,0.744252559108186,0.540977411911445,0.525328115575283,0.473367447436727,0.550055232965152,0.316978674261082,0.411060503184746
"TCGA-E2-A14R-01A",0.524518185356287,0.822242769226386,0.642974851372416,0.722236478949209,0.380172545070222,0.422926992213251,0.423134605749075,0.741695661271831,0.45543372933104,0.421128760190235,0.688362533901862,0.546376908014084,0.484715093568775,0.370652685319557,0.556353870420711,0.311169523335874,0.443193888564625
"TCGA-A7-A5ZW-01A",0.326015876159704,0.569017321208591,0.450470844319045,0.841621678196116,0.4321549181944,0.411032508661426,0.254171211866015,0.764951708636518,0.75638744440163,0.570209497167281,0.785959140145287,0.595108182933396,0.516316000370431,0.324174827549502,0.541934336455532,0.283063386602411,0.324979198558775
"TCGA-BH-A1FL-01A",0.220008617377113,0.478165149082135,0.398849325802596,0.759126175034017,0.365139468622948,0.350171814746488,0.235219826518718,0.657268968127595,0.56723125213844,0.468223728185202,0.686424447176143,0.553771875622174,0.498361806230769,0.278990490526413,0.457557895245563,0.276999969636789,0.386507660245092
"TCGA-A2-A0ST-01A",0.661675684383171,0.838666645659922,0.79896762016837,0.752950039918938,0.486741299804372,0.468394524836534,0.587277321260167,0.749310286405441,0.571247245132966,0.515031522194489,0.7425924289058,0.598625532280454,0.499295193974039,0.520849955302248,0.59584088621643,0.474436455462292,0.593857627126979
"TCGA-E9-A22H-01A",0.369506474067494,0.623007250758895,0.476455285293899,0.691730742556241,0.372411662575971,0.354605257056966,0.311200761482373,0.662069660926005,0.553069249063121,0.384157215637632,0.641362927016776,0.547167658492889,0.47488150387077,0.311998231174685,0.449431441825179,0.222994148695751,0.340188350986364
"TCGA-A1-A0SI-01A",0.49011955001286,0.736835439280228,0.566625174997992,0.834000031284927,0.405080700907251,0.414196320992351,0.36311261078892,0.789174475578746,0.782050482947266,0.556736353501583,0.782976170852077,0.568687059313521,0.514696915527327,0.353041300469996,0.534287909801845,0.304886051475119,0.38877611464639
"TCGA-B6-A0IN-01A",0.346648776920395,0.58757896242196,0.530753260538848,0.796035925833922,0.450217071791776,0.426836945733167,0.307658900137462,0.767421697433425,0.582492687892867,0.433161404869595,0.727716697241256,0.5630424871092,0.498615308630063,0.368470344254184,0.5581151186744,0.422565300702747,0.446986296189076
"TCGA-E2-A15K-01A",0.428584775847836,0.644829148750344,0.549580518763205,0.78684366685041,0.425332074671958,0.401522847773898,0.346519182321108,0.720465435625609,0.591437885502421,0.454758867992148,0.68985109225591,0.559761377709599,0.514248709381915,0.368145695605407,0.494116353581009,0.389801636727017,0.426905431025552
"TCGA-AR-A24Z-01A",0.229604578389051,0.504403991819904,0.39498111899566,0.729050418625548,0.362812792084529,0.323622750637964,0.280382272668522,0.678888389051742,0.576539400866821,0.448249702565029,0.655157293729358,0.530890308645308,0.465855483308519,0.240571963066631,0.518132697604627,0.240183644124857,0.266477407436578
"TCGA-E9-A1NG-01A",0.261765312531407,0.54420811462391,0.413517463600536,0.848193337577995,0.438280629853887,0.416711287632533,0.317692721642626,0.786293231051231,0.781142898379764,0.580926221487552,0.795501821921915,0.565674433667523,0.509126465561765,0.300950237048777,0.599287765052363,0.42521163084569,0.305912942154033
"TCGA-AR-A1AW-01A",0.652016622488846,0.784536816823899,0.773163948819352,0.801285742835171,0.419990867245386,0.333454102575028,0.60997278404289,0.747131850965017,0.575282417543717,0.56737350782255,0.668280392636215,0.607271692231921,0.493823648950086,0.508256440093444,0.606908876237769,0.419569718111164,0.592406380958215
"TCGA-D8-A1JK-01A",0.555527931449286,0.825910437785978,0.628811784993997,0.842984925310148,0.461296601367953,0.525399205970884,0.428965280383919,0.76341988020299,0.666887598004583,0.568792811745162,0.779985143346022,0.563493367823096,0.473073668643196,0.41577691151249,0.612130865416383,0.381539778971624,0.377136794341211
"TCGA-3C-AALI-01A",0.492899984049814,0.756493148722018,0.586581946099553,0.801034685041817,0.391899808326837,0.365170538937279,0.351652065147026,0.740507459029643,0.615569515543121,0.396185040629226,0.74066788825141,0.555812435102907,0.487935619678469,0.373961918574342,0.482172755313926,0.364334676807849,0.387996309755079
"TCGA-AC-A7VB-01A",0.180955618860496,0.408044546365541,0.303368657575939,0.623329067821529,0.372859419822557,0.295037584566829,0.177469909843798,0.686654499632368,0.46714728550467,0.381857185626179,0.593712917104984,0.526238453466963,0.485200055581062,0.210884394901566,0.399022832539886,0.288221972040894,0.23859180594196
"TCGA-BH-A0E7-01A",0.13065546825676,0.44474809592194,0.299975345568361,0.742901903996763,0.39748813835214,0.314862791321752,0.149098807421709,0.704596294971928,0.57508148007576,0.371173071413362,0.68504002460232,0.530139335967197,0.485373893236294,0.223685666155953,0.443092229768785,0.215262408088812,0.232636904289672
"TCGA-AC-A6NO-01A",0.201099334780946,0.461077041566693,0.416304952682026,0.76731305683726,0.365045050720372,0.361687190140351,0.179198968900964,0.743879770818607,0.567955848107632,0.429505793585145,0.742762221628722,0.549070985116816,0.502759275079091,0.270394956284142,0.409124183421864,0.26946129320156,0.321905612611553
"TCGA-C8-A8HP-01A",0.507241174621853,0.717963629320273,0.628838000151389,0.805683399028168,0.444804541905297,0.386989326967377,0.425541063080115,0.760467982047092,0.559483692681588,0.447262311880816,0.770979689594544,0.566198983665187,0.507092011544218,0.413776617244448,0.528797872812025,0.453218271958273,0.410764351646177
"TCGA-BH-A0DO-01B",0.176936752385492,0.41602055846109,0.368470020581071,0.780918178549476,0.364423623625015,0.389245875143113,0.171727226704243,0.715234405236515,0.599236824087714,0.488182033926242,0.721181449428996,0.544976757477565,0.500020035016517,0.30797383326811,0.467438714082257,0.266670016558237,0.397746271139052
"TCGA-AO-A0JL-01A",0.266599002018442,0.490019475748743,0.3964801969871,0.76024877845924,0.381090984031074,0.515479574198445,0.212172797171393,0.780507678717991,0.503158236037427,0.600782965477998,0.792387657582206,0.573332796562428,0.469403566245447,0.265702570968026,0.442391275204286,0.271106880921488,0.378284989814702
"TCGA-A7-A0CJ-01A",0.343928136309427,0.576173045831516,0.456362407789031,0.732178592037236,0.369765535486706,0.394025477446597,0.311199612860855,0.672722190299183,0.536740914706976,0.378799007569124,0.684916445784955,0.541451701623979,0.506113325314138,0.295947084911234,0.48473868953509,0.261926251708382,0.249544873589238
"TCGA-E2-A1LH-01A",0.619075485189844,0.814164710588969,0.743409748785371,0.82915978601352,0.430909632670342,0.539101019459303,0.469616746290314,0.780179501625647,0.556267575857089,0.520804384886387,0.7909798839076,0.578016911751973,0.494885456685964,0.494896514803503,0.563601266216375,0.400711933204615,0.472915098163926
"TCGA-BH-A18Q-01A",0.451141222810011,0.746840755343699,0.551888422627587,0.749869357500617,0.396121688925442,0.445092401528356,0.329663224913603,0.703795704635646,0.493598766230284,0.410967664600555,0.738908831099951,0.539397774888678,0.518334538485609,0.395085909385985,0.494499172096539,0.334927666103175,0.420420935050929
"TCGA-A8-A097-01A",0.294587763438963,0.571149192031397,0.42841287702928,0.829135619213052,0.424299572131329,0.500383807966341,0.276208425574635,0.753710731917353,0.740757044881756,0.473313876999382,0.780948783252507,0.546899026211666,0.504413475104263,0.296405356907086,0.542679294432045,0.24987095859322,0.341073250545363
"TCGA-AO-A03T-01A",0.376596568630394,0.627359560790203,0.519872007991897,0.739494344896953,0.415922338285436,0.407684895363056,0.251310751205482,0.731540285979642,0.523968291818673,0.408741320566763,0.71045274297867,0.571379724925528,0.524342584008111,0.346588102055373,0.43546830051719,0.269387914069862,0.339471493171673
"TCGA-D8-A27T-01A",0.410349765789257,0.645856937636806,0.516770557076717,0.829016649546136,0.41501787391983,0.38325756355882,0.32440621389625,0.722826626657993,0.753067599447741,0.50455595206455,0.723527155854093,0.573354854937661,0.494683889566439,0.381379833010444,0.584394793150311,0.358777445615692,0.365840905414633
"TCGA-D8-A1JS-01A",0.205210184011181,0.462528007040255,0.396855460667565,0.577319750725323,0.379827818473772,0.292772240362337,0.162814332365197,0.649058876720285,0.485045239485562,0.363491736305025,0.633940257416081,0.52891955080751,0.458786654911938,0.291847256882898,0.416906588240406,0.275658840697585,0.197305428597468
"TCGA-BH-A0DL-01A",0.505904830384454,0.796597741166912,0.636143331514573,0.753195374155532,0.460501727638077,0.46867391514006,0.470263450582217,0.663660886469369,0.514948991906352,0.446051763319424,0.668610463119392,0.529177128616314,0.470353676152426,0.38966650235235,0.582727176841247,0.425682816327461,0.414927203844538
"TCGA-EW-A423-01A",0.380176611810618,0.610406894925581,0.489129757982761,0.678240223091557,0.377928321187867,0.308491050836228,0.270016317677354,0.740689122456611,0.522962879173959,0.431948433133945,0.657624155838748,0.560806407883184,0.517718913513296,0.347097737535052,0.430251661710516,0.29176314832781,0.278710317789106
"TCGA-A7-A5ZX-01A",0.121312261592881,0.398664317811766,0.330296300690571,0.827623512956011,0.378442257388,0.400606089888547,0.174366976918942,0.740405626941872,0.713483992846776,0.529754033271424,0.746550898128603,0.585322536541037,0.529331791030089,0.289414487084143,0.476667852147455,0.234131783477069,0.331169635786361
"TCGA-C8-A26Y-01A",0.284856557809691,0.552532877948004,0.451977329127418,0.699720872607508,0.39340047174795,0.471700421281246,0.300095323789879,0.711213919882545,0.473895111387586,0.418101099409144,0.684459172096674,0.527848076959269,0.403018697022868,0.296127216276742,0.514735387845768,0.312532728505042,0.397623449802309
"TCGA-BH-A2L8-01A",0.554062919682769,0.732734787760152,0.68339885259486,0.82689981819033,0.414145171147733,0.362209824561686,0.400825743789912,0.730939371277093,0.680147733065025,0.474241577968082,0.760208354845757,0.591193116788088,0.525101916858949,0.45574357967595,0.524454173179604,0.348187338455163,0.430229635969701
"TCGA-D8-A1JI-01A",0.212328787308437,0.464882861251394,0.387750290444199,0.645038053473225,0.380550437780518,0.293804412808871,0.213475609608166,0.673688747772175,0.459612944105841,0.362860712370931,0.594667463665283,0.534178586007197,0.476201672755323,0.2774237487283,0.426249452073275,0.185925346453915,0.230575686859243
"TCGA-D8-A3Z5-01A",0.23211753034493,0.457854166285891,0.368760665376421,0.754242257945075,0.393748713091139,0.352244710668679,0.173067342775586,0.744327060682217,0.552674492708313,0.470848137777796,0.727161516196503,0.56425099752616,0.524654289165435,0.33641665237624,0.426567097987523,0.289316459009541,0.338596973362506
"TCGA-A1-A0SM-01A",0.165276584119306,0.435083730449177,0.359134117265568,0.823998821092304,0.397671317394972,0.449684916649504,0.232224935081918,0.782626376962816,0.728077531825426,0.54845904822006,0.759571538974785,0.569479328641402,0.474185092215862,0.287879065071652,0.533335366184864,0.253429698335246,0.303773203591422
"TCGA-BH-A0AV-01A",0.218434260884972,0.475328555807471,0.401884467187487,0.868247663617563,0.390343419822043,0.491379916799686,0.254100601120912,0.754177918918726,0.761464280455534,0.576330428309208,0.841717601998979,0.543980568804385,0.486780661132452,0.275360789467024,0.567118293751314,0.241814501240002,0.386152001251268
"TCGA-A8-A075-01A",0.452760061198285,0.704806654346961,0.536487600837726,0.832932842206336,0.432652923467121,0.382601896914863,0.346668359413666,0.705984875789864,0.73472495708946,0.421887481580306,0.731621948577129,0.557303416442638,0.481710489220915,0.340216803028213,0.556036719640093,0.294972796720349,0.40747034948808
"TCGA-BH-A1FM-01A",0.179378637018044,0.478419871031162,0.328849902711976,0.805585086440679,0.410637700494485,0.422702069003557,0.190028386775384,0.774046348194712,0.721375820191239,0.525178564726011,0.744300066951672,0.547715163910847,0.470704421324862,0.235659842096962,0.524212775422841,0.16020123255064,0.222445907961734
"TCGA-A8-A08C-01A",0.239110582158885,0.512381694046236,0.399432171154036,0.740154471103407,0.378888130086906,0.340426074122238,0.223140832476,0.660056815241041,0.583402474865025,0.411521239310282,0.67250306767268,0.549558635008837,0.513970191738282,0.309078188256782,0.442977674044637,0.234858136128318,0.210370142364518
"TCGA-B6-A0I9-01A",0.366587203497044,0.67037387847574,0.463289737085971,0.747940433851827,0.369858004581466,0.439887330621443,0.275895186897584,0.674658891778526,0.536819301590699,0.464583289079609,0.684943550817174,0.557939000562978,0.495478808186212,0.309213986362496,0.503026180680081,0.357428072133138,0.356270315874508
"TCGA-AO-A0JM-01A",0.354869762279653,0.65320661420333,0.462542137308801,0.836102587641952,0.399689074708409,0.397432651545367,0.324490632705412,0.767175092249612,0.726426958364616,0.497331613739863,0.784110829006819,0.55104376984896,0.507857578339795,0.305058582052639,0.518895302377594,0.313333803018336,0.303139795310483
"TCGA-AQ-A54N-01A",0.28419816897181,0.531212741746174,0.423256922162369,0.522660324799265,0.334071585975293,0.391630780510188,0.276857911419675,0.669952973291986,0.448935282637128,0.350606710072938,0.728569584610733,0.553050679488318,0.498476459725592,0.288146533214686,0.4211911224388,0.265390351570324,0.287314331575568
"TCGA-AO-A0JG-01A",0.472714183883367,0.670427712001542,0.56546870591526,0.775977612436111,0.393586659458404,0.388994822051648,0.337499861960475,0.753595882043501,0.573313069213784,0.50641777396703,0.717394488733586,0.604943250377722,0.524596060634573,0.410716466538974,0.479550016547438,0.332647433979774,0.415360741196283
"TCGA-AO-A12G-01A",0.292810466793283,0.551775602864063,0.423078861086222,0.804003353400368,0.388717853407941,0.402449357994335,0.244522104503243,0.688286353618584,0.610487248965637,0.527879020817407,0.751574390590997,0.556856810261034,0.509325902226183,0.323001661620118,0.486478319101964,0.275835163274292,0.349055613027547
"TCGA-GM-A2DN-01A",0.538535052156762,0.762816403883357,0.649625797287283,0.814006244688839,0.436980189885331,0.425690147793642,0.367625217089121,0.741884342472401,0.638580168742301,0.509769814147913,0.768600428478129,0.58494959854223,0.543250835261469,0.437638898571538,0.559606948637517,0.360475895105414,0.419361177276538
"TCGA-E2-A15M-01A",0.502792733506251,0.736321464086188,0.60957047929932,0.81145622313027,0.439353927024899,0.42866375554699,0.396430558664534,0.715188231780619,0.654663105513272,0.545217725105401,0.709566991541058,0.590184202980796,0.489869879946878,0.40431756513647,0.572237947611362,0.410874104014577,0.424716207653327
"TCGA-BH-A8G0-01A",0.279593707428772,0.47354971089291,0.505582057508036,0.840064360460835,0.438250365602275,0.399870785918852,0.303702421007075,0.758715114147913,0.687706273578768,0.555473016647286,0.781344081086833,0.588827000298057,0.540278820656128,0.36663655978201,0.627081905467415,0.337804894177427,0.491146972812204
"TCGA-A8-A082-01A",0.132849911469406,0.445927224442436,0.32559998780461,0.761405316598334,0.383550269597804,0.361735986851104,0.179612462687941,0.78139669672082,0.6313668692457,0.476494256553902,0.698611527884789,0.524774317269847,0.467984383927955,0.230454149513552,0.456296340397483,0.200240945458763,0.148565946676282
"TCGA-A2-A0EN-01A",0.476083167731008,0.688315076061469,0.611933596706454,0.827040101236648,0.463852565718009,0.407017486156828,0.418494241440998,0.738121981427792,0.747202531348566,0.569049860084896,0.777570338488556,0.582356576189567,0.529752784875998,0.416481574946956,0.552764136750053,0.413713143956994,0.413829359769179
"TCGA-AR-A24X-01A",0.318428388574984,0.57232351263385,0.471873292130439,0.798602320070398,0.369932123275,0.400445193378253,0.269071265670806,0.660739764804133,0.679424834657651,0.517644837534835,0.742678629776503,0.573692810116514,0.489476441630687,0.318623420903909,0.478843865644688,0.285979784414769,0.388836946597859
"TCGA-A7-A13E-01B",0.432447267980432,0.701469558156918,0.517998411918538,0.739291118584141,0.382594588651886,0.398226110211678,0.366507925037876,0.699604504204424,0.511293443959485,0.576310394711069,0.598887473053996,0.563180974366141,0.368175586636555,0.325395953876219,0.536591162422404,0.221014381722136,0.523187230271725
"TCGA-OK-A5Q2-01A",0.346835786354802,0.555484938995421,0.543789034495177,0.814549311737775,0.440718844582271,0.422905485565712,0.288997157028561,0.781999282117261,0.609085089117676,0.512212874121554,0.797640602931713,0.586714797413685,0.533271401534105,0.3634569654453,0.48087220129632,0.38728602414118,0.462775987048192
"TCGA-D8-A142-01A",0.339287640444038,0.591896589105296,0.468424890105021,0.835197828361397,0.378268754368153,0.502387953119971,0.299718938821271,0.797388650717042,0.70204622714118,0.577648157011069,0.845124551004493,0.559858863990532,0.50019182348506,0.29629352169485,0.559774758149062,0.297093508658855,0.46000812752712
"TCGA-A2-A0CS-01A",0.176051315484127,0.497591320286627,0.413897220528818,0.816854267794854,0.451343009386036,0.386851004317095,0.257721616403588,0.751065170792065,0.725200519794621,0.448049409598488,0.699942979190602,0.54658837369643,0.497121874162275,0.308285320633504,0.519660284667972,0.324952681827152,0.214400691056315
"TCGA-D8-A1Y0-01A",0.43912416036508,0.667231863070445,0.546598833165007,0.784664677770373,0.438198659972375,0.381620871242052,0.363483908411873,0.784951629163428,0.652925642630592,0.54753599754606,0.730690481002878,0.56868638852262,0.510917132931064,0.352248781656046,0.513804248714709,0.34884036075746,0.396298191341289
"TCGA-E9-A22D-01A",0.754563106928193,0.839214874332473,0.806784170852824,0.786940559458543,0.426675997857255,0.353283252388845,0.589347630059783,0.746203172728505,0.546394032059538,0.478223448914058,0.689003120333562,0.60806509917828,0.503194513064756,0.559577420815536,0.551012180396764,0.33945581176954,0.418663387828851
"TCGA-BH-A0HI-01A",0.257990144189819,0.53523068475431,0.406016842169905,0.808875195029511,0.39996863734693,0.383055585265899,0.249102103383546,0.75629500858025,0.695929660822518,0.49113348777608,0.735436798949924,0.557216604788088,0.50553514205489,0.280305540916167,0.53236059233319,0.237898076448353,0.308936287220895
"TCGA-BH-A0C7-01B",0.298999827415759,0.565757165891779,0.423844170925803,0.783705832644419,0.436681048499659,0.428593488135468,0.232876011394938,0.76841757531542,0.624029113335503,0.499707948764441,0.720017271532227,0.557922341341707,0.507436719410027,0.323219231675347,0.462341234156097,0.293452906104778,0.343711761867713
"TCGA-A7-A3J1-01A",0.444677676793544,0.653267232972752,0.562539368696575,0.783261394566204,0.432401075541369,0.344067194804118,0.345980749926635,0.722165981631865,0.605066090625229,0.549644160847299,0.695137745859193,0.589306794392617,0.526645053420383,0.429679743589313,0.495362999818918,0.357639712414116,0.424405524475322
"TCGA-A7-A2KD-01A",0.392980770062348,0.657978509152624,0.512784485075193,0.819945453203977,0.431052833718575,0.400885392508726,0.333542002905016,0.738607564471267,0.702283841386579,0.481524934804502,0.721808283043592,0.556190831076355,0.488425439253833,0.310467159181251,0.50206634219169,0.269507326454864,0.344634494491936
"TCGA-S3-AA14-01A",0.217315413828432,0.48463778190184,0.39701331460886,0.81338652015586,0.382404204488638,0.403043835492972,0.213147930336558,0.756644435062603,0.725352574703352,0.477754139757999,0.750464178475205,0.573138639844465,0.487931516939262,0.304654888163608,0.48073941505347,0.267857118712688,0.35435770323779
"TCGA-BH-A0AY-01A",0.401754332800019,0.620542459252631,0.510526593409507,0.825703495920677,0.466119777382544,0.3944687643626,0.304453812953896,0.821088557590861,0.710116473498233,0.550498918229965,0.770426021160859,0.569931864028901,0.48677263830377,0.339905624066314,0.562827437122251,0.381852768164563,0.29580093978847
"TCGA-AC-A3QQ-01B",0.215397854216703,0.517139130977336,0.452248038235689,0.773181387566236,0.306693945722481,0.336919955445932,0.210793739013511,0.704604846329948,0.615901121495537,0.558463176038542,0.703700769356705,0.527018913736067,0.434361797382265,0.209950029342843,0.45606646423618,0.1602826677315,0.411499226916963
"TCGA-E9-A1RB-01A",0.223142551508375,0.509895636278152,0.429620215407077,0.812189395968272,0.387597483935231,0.407760118762216,0.249455350167294,0.668865135464315,0.660436282745261,0.454851521860237,0.720855891092619,0.517793802703825,0.466282018124508,0.281065188086142,0.519731128337866,0.191227569796919,0.264116919319718
"TCGA-D8-A1XK-01A",0.472450587046871,0.693258209251086,0.5332539586165,0.704919608089014,0.369765494569317,0.485173248163808,0.394546332388658,0.665475650666939,0.581418393899548,0.477270580769809,0.659595124538107,0.553905732633188,0.476236282605442,0.349961863106166,0.587091060191796,0.302503094452115,0.389207187157631
"TCGA-OL-A66I-01A",0.689663094985443,0.821541378405953,0.784936258334449,0.832950515640017,0.429772345112985,0.475354916311042,0.570054607186896,0.773425977116795,0.703282259153477,0.600398356302797,0.772741988660724,0.631265151240655,0.535776239052103,0.531412021937616,0.593722342815829,0.355265652568011,0.419791421844415
"TCGA-A2-A0CT-01A",0.176609612207552,0.483232420687406,0.383699014103119,0.7440445383718,0.393855266201881,0.396895777850402,0.222961715199232,0.72921532161789,0.553836228321703,0.422940799594201,0.64164696495632,0.550995882834458,0.50243911294726,0.273583139152128,0.483416169880447,0.211843480621085,0.304675468553747
"TCGA-A8-A09N-01A",0.37149268831188,0.631202192415575,0.464947659249431,0.762718271066668,0.39543389910157,0.358020920329149,0.285875785277524,0.732022440692303,0.671780488489823,0.424361337425879,0.696089847342034,0.565876852027491,0.490756160072484,0.343105151350571,0.491904171869154,0.275633071288536,0.347423308254632
"TCGA-D8-A1XQ-01A",0.489106298268742,0.780901547739365,0.59688816621029,0.818862328778809,0.410229902182141,0.457977844207186,0.431128313231542,0.758600999947518,0.59527260790102,0.572159346373896,0.781383566234208,0.567142262021469,0.472091239460375,0.354581731251346,0.612286759916927,0.317902889784691,0.430362034789494
"TCGA-C8-A135-01A",0.378944114948038,0.581758905353318,0.490073996950503,0.79805333220529,0.421046788911932,0.434568214559412,0.289636809895737,0.722205297494879,0.640677037573084,0.526392548329715,0.760000078678189,0.572185464977796,0.484616710146827,0.329019014777094,0.501175932425187,0.294431199733353,0.387074079802069
"TCGA-D8-A1X9-01A",0.392760814571401,0.686429551235564,0.498477908370789,0.818722019998793,0.399612299441385,0.383133719077419,0.380889994065872,0.78386041295421,0.652305942397664,0.429473946526818,0.724585151599918,0.553177910818351,0.488732323021097,0.323457107716879,0.55657880444417,0.353885803883314,0.321046816542207
"TCGA-AO-A0JE-01A",0.525239386052182,0.761107758469569,0.635691331230821,0.85802259511781,0.457295241178956,0.42085230608888,0.434459378461351,0.772517277753435,0.703942319238053,0.532849569308286,0.775282566059114,0.578303075915325,0.500489991806944,0.374856330995213,0.55474135367092,0.351856968941003,0.378863698491653
"TCGA-HN-A2OB-01A",0.198846629379679,0.442142893874288,0.422663639712905,0.826725203089899,0.397140642406251,0.389089464755819,0.22387040916955,0.756027219311434,0.752825120150131,0.595890701675404,0.780180061510198,0.589799644629762,0.517515099505843,0.305490851586545,0.485186621649632,0.296822053865789,0.347099962371542
"TCGA-EW-A1IY-01A",0.550933642543978,0.790315640425649,0.650241132237516,0.823918004855151,0.419966891979505,0.434068359783554,0.401955514830414,0.758190204543461,0.706735434240607,0.544236027417814,0.768383188884024,0.579954536097992,0.489604063846482,0.415253296627362,0.510563894266479,0.320224751321282,0.412773326384378
"TCGA-A8-A09M-01A",0.466213344580323,0.710636317089651,0.562849087230354,0.756882532915001,0.417497754387577,0.344012424477987,0.38573204022874,0.736866710068558,0.529821668552826,0.345131082422418,0.647745006017817,0.567951307827416,0.496576702393208,0.346874955124699,0.501034895013695,0.262932670847013,0.381046308818062
"TCGA-A8-A0A1-01A",0.4522937377905,0.724397513754783,0.576415656640522,0.815194746854322,0.399290267997518,0.366120533168793,0.416679767083519,0.687868083410891,0.737054358258515,0.50352631047825,0.718888065594505,0.558222565002496,0.510370961855723,0.376808023634289,0.652458976574123,0.43822753711015,0.2513891234792
"TCGA-E9-A1RH-01A",0.324323077645994,0.646400099252896,0.41390737458142,0.824818274861945,0.40401830982624,0.478346460835924,0.258487144060386,0.734774421599251,0.685743003919054,0.476969302651915,0.717000938243284,0.54442068214831,0.45615883598799,0.261042329261739,0.560143568488716,0.230881518220558,0.338175478941275
"TCGA-BH-A1EV-01A",0.111183466282869,0.467465434821035,0.318392981276313,0.798389672522373,0.373820921278707,0.377994685278016,0.223694087940868,0.715451691129443,0.703986324750496,0.489514212442928,0.738998492679486,0.54072743323802,0.465561087761669,0.212226988416592,0.496754224948445,0.276915123895529,0.294409822242509
"TCGA-A8-A09I-01A",0.490909986592278,0.744910058327577,0.564913878227589,0.794638534224131,0.41504628651698,0.387363874515206,0.415903521062462,0.734154380746501,0.620846612878185,0.416038094416339,0.713479791554671,0.556658479504539,0.496559435959452,0.330625390283452,0.52922505240507,0.349130998711498,0.362241369396935
"TCGA-AR-A2LR-01A",0.215991472891646,0.469158683581022,0.368620784231155,0.816955242085167,0.399266129118227,0.481489644635609,0.194167010712581,0.582748943987564,0.631225791316481,0.518339113242546,0.780258922838455,0.554956445518555,0.513770487862937,0.277164852511703,0.53846994798298,0.342747210469768,0.367506224304278
"TCGA-C8-A1HO-01A",0.311114992823277,0.574820403424911,0.446996117100885,0.725631158184349,0.329263810819749,0.292886302295226,0.27916875187325,0.7248730434089,0.484889222539165,0.472847999254682,0.616922880496364,0.540639627943515,0.491746189499008,0.298244512249143,0.433063443004,0.196989160026512,0.329196787249258
"TCGA-EW-A2FW-01A",0.238539815982485,0.473462246953151,0.380113437321969,0.746860793243057,0.35866883446984,0.362572713969441,0.195431667029418,0.748487343471935,0.554627572512966,0.350996295620103,0.714105624697975,0.539279613276879,0.497833005418807,0.266614900904259,0.425137347748697,0.245458534511153,0.290804486791314
"TCGA-AR-A2LL-01A",0.223908352435042,0.4748108111939,0.391622662119141,0.755930842709205,0.42262355207693,0.321253517191628,0.269678356313087,0.711998274273002,0.534573832849966,0.442849338638613,0.642591458674385,0.540924161251713,0.474807696036739,0.255202898315817,0.577438175108428,0.289658761632757,0.354869867327444
"TCGA-5L-AAT1-01A",0.550632097305247,0.73553713316533,0.644691595392313,0.825500373807723,0.409869174149381,0.375696031491747,0.42674363687315,0.743689113504643,0.68166975443734,0.508950072399376,0.739333004109541,0.601484527608799,0.509233168077044,0.465356065687747,0.54002014796646,0.342238138503674,0.406384735292636
"TCGA-A7-A0DA-01A",0.201353588584735,0.511187751726034,0.367808208201283,0.82456094201861,0.341281048271198,0.452453826128094,0.205956276971299,0.74489941908952,0.698065534903133,0.497676495240005,0.834956579358476,0.545683122031645,0.488132505930023,0.294994216725604,0.511911466321404,0.216712794051312,0.321736709425808
"TCGA-A8-A091-01A",0.227846100545178,0.475894931616934,0.396582338444961,0.76009255449621,0.368318781975152,0.328747671878231,0.206920767269669,0.780145442277829,0.509698166285571,0.555327060299705,0.667372611360904,0.555309880609376,0.492683667060969,0.312804500155812,0.466217744311594,0.208154230470649,0.3570912201455
"TCGA-AC-A2QH-01B",-0.00165558531332171,0.283800565855499,0.160421392107664,0.675649595054213,0.254033679346519,0.415324719513603,0.159356058893798,0.448247151891097,0.60379883684592,0.599869636333362,0.713366470702095,0.489820735480372,0.395991034509513,0.15568270734904,0.456358683280927,-0.0126134706400362,0.174235188408349
"TCGA-B6-A0IK-01A",0.344748864583326,0.602465247355535,0.474127134149454,0.781346762253758,0.402885368925888,0.475137805703705,0.269726102668697,0.741330186836351,0.556288337465747,0.44347156163781,0.745446566749254,0.552555240507386,0.489144124407742,0.309344961876759,0.482340165547113,0.343259319867964,0.391665819199679
"TCGA-AC-A2QH-01A",0.0677517380942055,0.375232485624274,0.229743847342413,0.714236287267062,0.306591429014076,0.452147092009971,0.186526726238882,0.433002128653318,0.6668788612961,0.623694662464482,0.726449688625603,0.493425446465877,0.430800111836677,0.197087446549733,0.558119501299313,0.00937297216530801,0.155123688661308
"TCGA-GM-A2DO-01A",0.639560268466896,0.767995560797841,0.788808816719758,0.747253503494842,0.432858908598523,0.339138717545111,0.530229035885222,0.68968564781009,0.498602066311951,0.449429066336846,0.657758607747362,0.634091147865359,0.510494412521128,0.577735721521479,0.485999033209035,0.320342533648064,0.622905269999364
"TCGA-EW-A6SD-01A",0.472123725322059,0.730765384931838,0.555528536188546,0.800340199370943,0.418512997547177,0.397767354941203,0.375189469703663,0.752506191512392,0.647518913479094,0.379864305159484,0.715239784209671,0.582062237177047,0.460878168006994,0.325367121546658,0.528003479057546,0.283743426852459,0.442698088375692
"TCGA-A8-A07G-01A",0.273207204606585,0.517034281344964,0.449209003450508,0.830625533749698,0.399069670755271,0.428054840032004,0.25644677565717,0.74107596897431,0.736396012195537,0.538053004641884,0.796913142720875,0.549013887122227,0.510782799218613,0.330970918283736,0.530380016912051,0.287514994803396,0.396640760046029
"TCGA-AR-A24Q-01A",0.438695925710693,0.670781401735443,0.528189605174074,0.833910001908988,0.396915586623819,0.498317366254863,0.322417757368022,0.686582559522507,0.641554856263762,0.546439256996343,0.80119788941568,0.568712392883246,0.508260196001525,0.343625808101421,0.57125171913667,0.310038945754674,0.439029205004204
"TCGA-A2-A0D4-01A",0.170150230933559,0.446934671924128,0.332584893019441,0.682237103051473,0.398067346452847,0.386675200417732,0.173287661556779,0.738977510768694,0.502822709401615,0.418719396610674,0.671904031920929,0.520598396415561,0.492130738620389,0.274030792100832,0.437004960032024,0.261471322745294,0.241839922900951
"TCGA-AC-A8OP-01A",0.267871298853682,0.516586560052863,0.436304028062406,0.77824979412002,0.431100000889935,0.382338819536232,0.232605236955541,0.777658717985159,0.646814935920631,0.496837405916423,0.726961692995305,0.564369868843994,0.500685413493504,0.320752701521061,0.471892053154729,0.305869947010248,0.382161660040007
"TCGA-LL-A442-01A",0.186107084868334,0.453272260822655,0.345743907028117,0.550420593098066,0.371666707377798,0.26690237735507,0.229951658991764,0.706334495272579,0.527001550384655,0.390114743117761,0.682879395682729,0.55254692965133,0.504960714740576,0.272608500376484,0.435148105481396,0.240401091975382,0.179097315652091
"TCGA-D8-A143-01A",0.419546781105935,0.672837468775702,0.506232351809067,0.745525450971251,0.395679752531038,0.495610162808876,0.301989986920708,0.690745345510896,0.495928295798383,0.458863233983811,0.682102119149779,0.536439592387129,0.47071660982118,0.333948660269965,0.49876281548202,0.349705191085338,0.462950785776615
"TCGA-E2-A572-01A",0.161623503433122,0.419982093428213,0.364614701317013,0.637271780334593,0.388450005169928,0.295160284829539,0.204597840590179,0.703911857904434,0.492501740787872,0.361675669936681,0.611320727702505,0.558329717702722,0.52465382217487,0.286924328569697,0.461265529440812,0.259018482325833,0.297254185559705
"TCGA-PE-A5DC-01A",0.254885704549123,0.512224276069336,0.405457695491308,0.766564461406224,0.419193453101017,0.403946787367007,0.204290853355798,0.787880174576509,0.529959213410542,0.493680470302604,0.717568796582089,0.569408636595861,0.531187726442858,0.308263292331819,0.432746097664332,0.286642878520867,0.254197648365288
"TCGA-A2-A259-01A",0.319752797077261,0.576456906626726,0.460654391062911,0.817156532619189,0.460538587356542,0.410256117159578,0.311442912955411,0.767129313315804,0.611257049377521,0.491158095588663,0.798141107411463,0.558417253337505,0.51168557632378,0.323040960422067,0.510559452512461,0.352525236839318,0.427674934642772
"TCGA-A8-A06P-01A",0.192024157461527,0.451211093322806,0.372713260273862,0.824572010039346,0.436607671278797,0.359958871134879,0.252816415484284,0.809491031848306,0.705436612350357,0.467621878566907,0.783591511300287,0.550795641827541,0.511663585259682,0.292410282095069,0.528294790351853,0.266905471040104,0.372338257172299
"TCGA-B6-A1KI-01A",0.175330228380843,0.440673658134094,0.340723213352311,0.778924430843737,0.398201609511375,0.357576003692301,0.101247916673291,0.765261253585087,0.671065653414128,0.539158258437398,0.720158393738651,0.552266362476032,0.501789599563843,0.282865824149481,0.443800122348273,0.333558040944876,0.269319643390515
"TCGA-BH-A0DI-01A",0.364296470738733,0.620753586005344,0.483625102604776,0.851765766866858,0.418510473988304,0.416595119639274,0.30293045326988,0.747867918800228,0.765815491904223,0.576835171916252,0.798893261467083,0.563219505597613,0.518126231673358,0.354660543279116,0.580880269694912,0.353674701328061,0.395942203206409
"TCGA-BH-A0W5-01A",0.425967063507979,0.648459304387532,0.613798627635734,0.822188555770396,0.448459309059299,0.378247296440997,0.376284636599417,0.758773519914979,0.651291988551002,0.487807459777842,0.763045948738906,0.585001550839721,0.512575908436645,0.417955275764737,0.536393124605901,0.307161194036399,0.529680483838767
"TCGA-AC-A2FG-01A",0.176240239791259,0.410318328811464,0.367966821770617,0.787784986875901,0.426528758531172,0.390510526656139,0.183222497981114,0.72950353620594,0.596424943407435,0.502055378924494,0.756478708432664,0.560456471726658,0.520280426149051,0.294035405179534,0.510655941941215,0.290014097854449,0.355573160528898
"TCGA-AQ-A7U7-01A",0.576231177860351,0.732621335437081,0.684762484912455,0.833965367497297,0.429994153311208,0.392561909947811,0.485403886999087,0.743445804273295,0.709562778675915,0.560395832255718,0.751167763840033,0.622654317049771,0.538280031644117,0.470654196636712,0.515395655953525,0.315024917086614,0.474003890129999
"TCGA-AO-A0JD-01A",0.412265533071724,0.672627348459027,0.507139060649003,0.682971989518474,0.408809938070291,0.436669139812159,0.337938780212131,0.680202231007141,0.497981366936527,0.43731042785792,0.638418673103651,0.546848339654702,0.452663451039102,0.312161220405326,0.507668538761781,0.297150584222974,0.371646258895596
"TCGA-D8-A1JG-01B",0.475147291989833,0.751309872518818,0.585758714036144,0.804637951732708,0.438570657835864,0.381293448941367,0.401683063904937,0.770075494561324,0.589661488172968,0.503872071891312,0.722497293410286,0.559105258284626,0.45921948494345,0.375036439824918,0.571687856401394,0.359044272429495,0.462437118305405
"TCGA-E2-A15T-01A",0.183529768743543,0.450480267743732,0.354422117409148,0.695348157229366,0.356431063639498,0.32624881487619,0.211358765882492,0.692696468608579,0.42910536412968,0.336956293765738,0.630454701621437,0.536741017176382,0.49540283777754,0.213268049325295,0.487555718554653,0.275711790109572,0.342483737526344
"TCGA-AO-A128-01A",0.768377717204505,0.878791884507995,0.836744360595426,0.752565892753911,0.414289979272438,0.467473074025729,0.714143008536479,0.626336235954357,0.506512791468848,0.550324590137097,0.691678288968037,0.590597137025994,0.491228241488785,0.561437275293215,0.610961296673054,0.409476110121849,0.446633339994417
"TCGA-AN-A0FZ-01A",0.128159670025627,0.43016341284588,0.334844897289644,0.76980410533919,0.404548885640039,0.430937026236668,0.134208758016195,0.815973039770347,0.624403025769521,0.536312687143051,0.745254452277718,0.559193353402153,0.493512986232539,0.226737938448876,0.428079191625659,0.262425577068474,0.21875066547326
"TCGA-A1-A0SH-01A",0.196474906459814,0.487005500314846,0.387258827798474,0.843047066638302,0.392557282389521,0.437247080157934,0.237657926954424,0.770257113650521,0.813182530392219,0.554358050784298,0.787204725067481,0.569965425145601,0.49930709859523,0.319618853310287,0.536851817082956,0.207010868316107,0.355944740330863
"TCGA-E2-A14V-01A",0.22266317218981,0.497218652612668,0.369434955587398,0.780483966951496,0.365402040766359,0.42192647594424,0.208814030001982,0.737645949814916,0.624597764687356,0.414292352746198,0.734323822711334,0.551759921793651,0.489346879125514,0.241841905669742,0.459091574991444,0.261082756991638,0.304068856944444
"TCGA-BH-A1FB-01A",0.442010427990787,0.680028195908389,0.583239897368193,0.829834423319681,0.450586242145511,0.400938619893218,0.359121244876074,0.783206447921334,0.703759321949725,0.585795951864971,0.765051598047269,0.588812038391864,0.51467835511485,0.407827350386302,0.544192446935466,0.326558269772258,0.462591951333824
"TCGA-E9-A1NF-01A",0.306099854196137,0.553187517160395,0.433421349518649,0.846308544373736,0.43353051868571,0.388984762852269,0.314379889701123,0.780851004393669,0.772214413994615,0.562065663884237,0.786114352408972,0.562081547448801,0.507186725422808,0.330996523000031,0.591099461711931,0.261882732569729,0.257798895927827
"TCGA-AC-A3HN-01A",0.379246729151759,0.623088952246795,0.493976035276591,0.832776679119407,0.436075143085079,0.396796004768523,0.308307163821635,0.715590121036983,0.764302474564322,0.512974285300324,0.77680637515536,0.569782535516674,0.525766530818981,0.371996204022369,0.560561592040152,0.369484453551155,0.39991339914143
"TCGA-A8-A08P-01A",0.517116127189399,0.778879527433692,0.615161372773127,0.845987163902122,0.417760250488731,0.42233277744345,0.451866390075931,0.771689205392448,0.670590349045997,0.431054343162074,0.737968264174604,0.567113404641587,0.498810393859996,0.361762150722648,0.616845272691232,0.34416165878034,0.365579246902858
"TCGA-D8-A1XD-01A",0.134975311329873,0.418962862412259,0.293372165359227,0.803790261880957,0.355726828255627,0.38865787543198,0.201600572992086,0.771628828869911,0.678320039935214,0.486402446420728,0.76832967685524,0.533227774997882,0.497084128320145,0.215923719103656,0.449397162040671,0.147227407242267,0.325343112180051
"TCGA-B6-A0WX-01A",0.34488967240985,0.618798605022033,0.513228065380797,0.849293751975441,0.399550511641598,0.486890233016569,0.283880499729186,0.794215949194458,0.71600906409189,0.576156335504883,0.817107392266407,0.564129230997312,0.492917287015458,0.320992985142755,0.501511509699424,0.234841922704142,0.470254456087813
"TCGA-A1-A0SP-01A",0.352648072687877,0.626643036038017,0.49958473356067,0.764687781669643,0.433278235631715,0.522745095123118,0.319145467678044,0.715120943020057,0.561206486094391,0.498281066432019,0.717077475617848,0.520632590609332,0.476771788183889,0.332820149552094,0.600371587369419,0.387008205650207,0.458539190890648
"TCGA-AC-A23E-01A",0.165499554058557,0.481120578365268,0.403291039827913,0.836412585048774,0.408033901649449,0.402489653859914,0.231650855678233,0.749473495644903,0.782654371562207,0.50508014150554,0.801177539438131,0.551316247529148,0.504542020309595,0.290290510240219,0.572007795823596,0.315247751804684,0.275370518313103
"TCGA-C8-A278-01A",0.489765956709445,0.757002465034967,0.619986401998855,0.845626600276772,0.444731481469767,0.383547830283612,0.437637429481076,0.711591420154454,0.656707123185872,0.522560802110544,0.726367702536273,0.571003948468125,0.44857659274086,0.361587715948468,0.630087750392983,0.385781013634914,0.453402204706876
"TCGA-B6-A0IE-01A",0.213078536441092,0.454750669208502,0.380855851246397,0.737971498039225,0.41318136924624,0.394795143060806,0.197836540145178,0.727828613525503,0.554594462459985,0.403972184832292,0.686696820598926,0.552682664328449,0.494014466542175,0.270726511236722,0.43597172258562,0.246615063959553,0.38224089297184
"TCGA-AR-A2LN-01A",0.250841506052257,0.504503610245117,0.42929200031764,0.836066324642315,0.417762914006945,0.390199501791393,0.257603817148337,0.756343552790972,0.70471783088475,0.576771155781414,0.787300586222086,0.579303809147683,0.52323413888508,0.35679931804678,0.511921197646582,0.366823122620605,0.390494852500864
"TCGA-A2-A0EQ-01A",0.626889222215665,0.796527095947713,0.742061345375123,0.769496061668025,0.422203317604414,0.35026958091979,0.486108297638681,0.734008982049762,0.509611143397778,0.532820879590966,0.648196712411012,0.596978358713036,0.504814257502467,0.48104608451962,0.559317313233214,0.421294279985665,0.481885340519098
"TCGA-D8-A27W-01A",0.310755523016525,0.513440855294429,0.448292088344543,0.78362876172314,0.434489137312671,0.401033515994546,0.276521158476465,0.794741096827554,0.561627293186836,0.46566265722239,0.69767724395878,0.560730533345206,0.492042801319484,0.333863555540835,0.518595100126609,0.263045760984712,0.40825600617772
"TCGA-AR-A0U2-01A",0.447135457192387,0.668307159315964,0.510822427471982,0.700911348060241,0.372640815241654,0.360457789092608,0.327358194402024,0.732205305402595,0.463133255227428,0.34726139787064,0.609036371632897,0.581961830596514,0.512514260481681,0.393986172310421,0.474299553439519,0.279625700863819,0.340665208962395
"TCGA-BH-A18T-01A",0.3567454764136,0.584382030252629,0.4586655600837,0.739243849625621,0.377384032527156,0.495856254992106,0.316644371027811,0.702229278712801,0.527568212003538,0.46726635788743,0.677847687641119,0.530762753018455,0.450018692998581,0.312659359206272,0.528932663393267,0.333349573848251,0.313705937199153
"TCGA-AO-A1KS-01A",0.310081037981994,0.581193561148914,0.455204043736297,0.734174127973718,0.369624048956284,0.383669314697958,0.306029009100027,0.700815179987465,0.503550888136744,0.483490246458075,0.648006499781424,0.558859598660411,0.464248373084792,0.272786444371738,0.492822249129038,0.30207369628657,0.300360554100928
"TCGA-A7-A26G-01A",0.399192738169697,0.669596317794916,0.528044934139367,0.840371728101672,0.44079964268252,0.488249885869105,0.356344711268015,0.719538492263642,0.713798426524195,0.575678131708513,0.753068292277307,0.555528969571174,0.474396691537684,0.310867895854097,0.579782692146308,0.312118334780009,0.445492363069106
"TCGA-BH-A1F5-01A",0.1406576049257,0.455625859118891,0.364446079266803,0.74850854717539,0.418949210902346,0.358159457589517,0.19017946781643,0.758095357170146,0.555465097367955,0.489720138764664,0.627877682769888,0.546021151633291,0.464663561059494,0.277034001008117,0.425160280729666,0.175487356642648,0.326660155920421
"TCGA-A1-A0SG-01A",0.237130091120899,0.48809184416731,0.442843854871233,0.81274692848208,0.446128502664993,0.361114079949485,0.239125500953686,0.78936491752317,0.650394315019375,0.421389529779725,0.735336241936399,0.558698282241309,0.49338731820609,0.336764612272162,0.472166116715133,0.23494662246812,0.466451601478557
"TCGA-BH-A0B4-01A",0.386479775789733,0.641304941226537,0.483656000171866,0.833968633954258,0.449578083384715,0.437366475827094,0.295594262299304,0.77647797718328,0.687169688253562,0.44643394115536,0.803396089752242,0.565573555678258,0.515887617688956,0.354438085551736,0.498861555532563,0.305816672454307,0.364016308515218
"TCGA-EW-A1P8-01A",0.311319161408903,0.577610876188511,0.482271967593272,0.769984040883726,0.414284422595698,0.472807325688999,0.343787316683459,0.715207596786105,0.636015489226052,0.428459709506848,0.715957059981576,0.530741697957312,0.483659012158113,0.319286455521897,0.550007807537994,0.337084539637977,0.413517562139931
"TCGA-AC-A2FK-01A",0.26524437406,0.503746612859704,0.476044352938784,0.756155463611911,0.416983020952262,0.374303768114099,0.214197212744249,0.74732964800848,0.629145146391997,0.49480792873603,0.734788399182148,0.572501689433484,0.517965027261047,0.390278501768222,0.516562120478388,0.27238491654702,0.40817338100483
"TCGA-EW-A424-01A",0.107265537896827,0.374302523560477,0.305789516571851,0.812088189202076,0.366900227419278,0.401611007711685,0.157936082854602,0.746869856523992,0.681247634021983,0.495378420061616,0.751733793276606,0.542206079163211,0.515161083947715,0.253326693589929,0.447212428332852,0.174135683669488,0.32206474908916
"TCGA-A2-A3KD-01A",0.228244348447749,0.478880753842297,0.382028144631211,0.773297544130649,0.409116643927426,0.400820405367571,0.203147636821157,0.737670158091022,0.550093556404878,0.461573463949147,0.691272748511151,0.550057911124118,0.485046080600453,0.278906231356047,0.494401697802419,0.310155702158179,0.343724741360941
"TCGA-B6-A0RO-01A",0.221460968322693,0.495123369378242,0.365779419158703,0.729750880260508,0.392180887657208,0.366612572971985,0.205064268297459,0.740127421360412,0.564367095763049,0.405007252690401,0.652352696311394,0.552581346597433,0.491073775250457,0.263307625414061,0.439481764155079,0.225013611190983,0.263462679139709
"TCGA-E2-A15I-01A",0.395185121599031,0.631929009577289,0.525508771507855,0.773064223522506,0.360445730253604,0.350079137463514,0.298667184269245,0.735126572913106,0.620893962774827,0.500530602959889,0.706578580129726,0.594472431250985,0.496179603284389,0.347548158449129,0.475141796258623,0.294328303299157,0.398630158201515
"TCGA-GM-A3XG-01A",0.13432454603742,0.412483730594952,0.381332006315988,0.747045253185416,0.390336206782602,0.383658580752545,0.167781279556979,0.724592397906607,0.575427924315187,0.40762455310878,0.755599157505801,0.565700641477116,0.530733086474182,0.326018965083405,0.435135642641716,0.236696223540327,0.326674251064015
"TCGA-AR-A24S-01A",0.352554709561687,0.64142620865783,0.504302088721869,0.84370735460927,0.457094119376363,0.42634225951149,0.393685452603496,0.740925794772968,0.670027058956336,0.492201170256645,0.743232003675428,0.537704042306844,0.471034556806884,0.340858528027785,0.636499596050581,0.363678494090813,0.373202521328301
"TCGA-AC-A2BK-01A",0.286105356463487,0.529922787412443,0.370261916713078,0.595385474761287,0.331376296618215,0.462839940763483,0.23644354634196,0.717827248896694,0.362221636971244,0.607387725932509,0.537656396923692,0.560618032870776,0.464262126537224,0.246466880427322,0.432602088434357,0.129464610606763,0.377899004695387
"TCGA-A2-A0SY-01A",0.380987968871738,0.630431437751485,0.512538137357216,0.813302317569162,0.428379935071897,0.394191025645609,0.305109605997628,0.71910151209359,0.697213776803084,0.513811789465077,0.740501807541988,0.576561443090994,0.507159165377154,0.365953814728361,0.56340883015368,0.384848483211482,0.440118287050334
"TCGA-A8-A07U-01A",0.61294437309716,0.827069583389434,0.746813229516137,0.801368866924267,0.417559145036298,0.482811508107313,0.56833944961522,0.735162614263682,0.603508646954175,0.509590231394571,0.712916043447318,0.554662397834638,0.490108715731398,0.451893268867747,0.633093290741447,0.419933396482576,0.517973505016243
"TCGA-BH-A0BV-01A",0.376216167106651,0.619537080590488,0.484095508631608,0.806408057501502,0.393973441029281,0.369433420845587,0.308809284566734,0.775689548012926,0.669729077252229,0.519730799057539,0.711707056257258,0.563749362531793,0.514969441661092,0.342915999524983,0.51461795439911,0.254770392667157,0.323572471894207
"TCGA-A8-A0A9-01A",0.344477918942519,0.624851569259989,0.458754617467186,0.804862501074826,0.375892999374058,0.355172761073108,0.296384395784143,0.701858369845573,0.672987586589699,0.441414662642889,0.737064208091715,0.570856467322008,0.499852678119682,0.319964658946778,0.542475704774816,0.228732988358931,0.200957306467056
"TCGA-A2-A0ER-01A",0.23717579889216,0.505146597042643,0.402303207220898,0.739387286380067,0.384336393608232,0.386606469154578,0.242711355271757,0.691994046303281,0.542023209774962,0.413974360730959,0.677950687313767,0.533217245425294,0.477505715098179,0.270752126759344,0.464551216570431,0.287569293819714,0.350446942886529
"TCGA-A2-A0YI-01A",0.43799531730052,0.637960818844482,0.557026974541405,0.789892866139853,0.447389960643756,0.381914391090633,0.342242651897341,0.735998156783793,0.677955607005714,0.538643438685877,0.697420016389318,0.581061551623189,0.50565649618075,0.375275870064355,0.532371735406965,0.28301191468122,0.418297499891508
"TCGA-BH-A0DT-01A",0.36453790113244,0.632495779707675,0.493989630726848,0.818617269183038,0.432041840917034,0.414600233737836,0.272388077456585,0.748109517724304,0.673059078556226,0.505713678277639,0.785290005213609,0.578404470037748,0.517651890594181,0.357400742035474,0.473873271386436,0.355307097636328,0.375800359662179
"TCGA-A8-A08G-01A",0.341233340076466,0.622117061621647,0.458635797992001,0.787913104417462,0.375321521766623,0.348667831410204,0.312948929201724,0.755153765694047,0.589565320863983,0.397622882152363,0.705665852436324,0.535923219858883,0.507494478270884,0.294825363275964,0.496604111026962,0.242898472986809,0.285998355182974
"TCGA-BH-A18I-01A",0.420101944724803,0.695563587716352,0.53245301312575,0.839375279635198,0.416369276083658,0.400494279604065,0.365214842923995,0.767444409886472,0.767468299507987,0.553831773252575,0.810795053599874,0.569746710749504,0.532166190858997,0.360291285919434,0.537029508382589,0.317322181599983,0.378909428620068
"TCGA-E2-A1B0-01A",0.42372105335461,0.684159632495768,0.512492398264143,0.821401251883211,0.426551525534579,0.471216680610346,0.34820465462039,0.766189506827641,0.649584271289112,0.552026879278098,0.790358820201865,0.558716727623427,0.472854450182766,0.361737091996335,0.554342072135235,0.331043553303723,0.413069637278372
"TCGA-AO-A12A-01A",0.319546291181435,0.569023382993692,0.454454897180841,0.803266990768401,0.394810932475864,0.402087720150365,0.259434277148711,0.757155325621951,0.660062214252634,0.498172831259168,0.773417834078842,0.560626083907991,0.531115138771952,0.346176123987046,0.478858370025613,0.302460411635033,0.356273340670851
"TCGA-A2-A0D2-01A",0.475733945532239,0.668417276400708,0.576437386876338,0.806109500126525,0.39377247108667,0.520785006044635,0.368359309363032,0.716968517558113,0.586314713924792,0.433072371043723,0.784909424139111,0.559355629066895,0.50254451697488,0.356149849160874,0.521150541881122,0.342144841852447,0.449238147038279
"TCGA-E9-A24A-01A",0.327188470528872,0.628352123156871,0.45225823040809,0.809283857501306,0.404925493043344,0.385248000692345,0.313769583307359,0.703291731270058,0.687084200526433,0.474204873850239,0.711249488213696,0.556517341529808,0.491226767168522,0.298198063166585,0.562900376364711,0.247142082233975,0.240033410233067
"TCGA-A7-A0CG-01A",0.426756180205662,0.640580814020183,0.549655505652387,0.818401913208502,0.429177907916631,0.417734996655616,0.307371106403826,0.698400660264585,0.644037299959963,0.539827496649378,0.754763465043329,0.584247614924118,0.505610253407005,0.370161964356963,0.547595744844525,0.383148301930247,0.44003536886795
"TCGA-4H-AAAK-01A",0.241525663203769,0.513512455184915,0.415455574061805,0.836770133350283,0.394182312305726,0.403718949048003,0.267997787399902,0.747186931509987,0.773261595264561,0.516508106563371,0.766466201403208,0.574118966763064,0.514315539435699,0.325571522796842,0.528046433754649,0.277044954104552,0.343475181679141
"TCGA-LL-A441-01A",0.484194197228935,0.672502584628055,0.656408080329464,0.801376874292645,0.413621574531112,0.457755650960655,0.379079085866401,0.695470216054396,0.525094420612658,0.521515331036824,0.786376250996939,0.588612073167894,0.504114253905713,0.412564720691023,0.48116377920697,0.312715473492433,0.638240305689185
"TCGA-BH-A18V-01A",0.462468172788077,0.758712146779899,0.564016474924497,0.818599456956748,0.402864851674033,0.527739261604968,0.385193427793153,0.748452816988299,0.586046394777527,0.492797614182049,0.772427540356401,0.549592440219414,0.46918137205996,0.365640405222524,0.572082528966733,0.384940643238247,0.40527424950676
"TCGA-BH-A0H3-01A",0.31369182961997,0.560058913697597,0.443385868628977,0.816836545070754,0.406968529185822,0.392883900335505,0.248214223399652,0.772880921887238,0.676042951529806,0.583033682983063,0.78582153797922,0.586619437070543,0.512706873933024,0.334599006997922,0.520334585202605,0.332722395741436,0.370657473682465
"TCGA-D8-A1JE-01A",0.317544274622141,0.607272429042206,0.434629686261815,0.829400745757797,0.407186105789856,0.374296660572188,0.309490620833908,0.704126830260304,0.737546684093458,0.505000848630305,0.7094202524375,0.539600282405228,0.496190251071648,0.295712433572308,0.558266598974639,0.235601946658748,0.243937370027728
"TCGA-AO-A03L-01A",0.353158327865012,0.607437553185914,0.482146058632163,0.821648645517795,0.402239824766898,0.429308736499023,0.298171766292223,0.785456767594199,0.679712235238039,0.496073802649836,0.758537998509946,0.568833557568677,0.518627308063915,0.333700771722327,0.485673608033006,0.279900326177376,0.365480113024691
"TCGA-D8-A1XS-01A",0.331609925666275,0.606735126168949,0.436601563398542,0.805597350145419,0.399949819356032,0.378607487939844,0.303330596485935,0.719143893307599,0.662027561015914,0.493439418497059,0.735546599968009,0.547998903017727,0.489962157916299,0.315669459522425,0.524069291931864,0.22835347239402,0.317530000500091
"TCGA-BH-A42T-01A",0.247294068565467,0.493600022630623,0.438388990074916,0.775294458496849,0.395626133038647,0.364001705832084,0.303917835171781,0.727049927781304,0.627880910964651,0.408299475200345,0.744618585073429,0.558113293384546,0.507415857829757,0.309118694535226,0.469835925971083,0.286462324468776,0.288044316181406
"TCGA-AN-A0FS-01A",0.148805184460707,0.402874222961291,0.333077598510013,0.804131279767326,0.418834981066974,0.409545446673289,0.171134509622285,0.721043258891825,0.722448222873129,0.535970762422801,0.743644205808312,0.556061910305957,0.501524804262215,0.253845411704007,0.484830942248096,0.325901801756141,0.299602381447411
"TCGA-AN-A0AM-01A",0.460133631116908,0.743371623008253,0.557405299613359,0.814199821657522,0.393776724673971,0.455123690060728,0.376566613092704,0.69513056790632,0.630518398717742,0.461905378012542,0.710143991537494,0.565522135421845,0.513743290570599,0.368096504871414,0.561638661207019,0.341724431335937,0.350292241055525
"TCGA-AR-A24O-01A",0.353496242115261,0.601906866344128,0.489805585130859,0.832399695591019,0.421699832685149,0.430158369878959,0.281564826878129,0.744107575058355,0.753648281558078,0.578506864490287,0.764739360683335,0.578016588342076,0.502811402521713,0.346162099297239,0.542468209980791,0.327269883092877,0.384418685020498
"TCGA-LL-A440-01A",0.217098372202334,0.459633018557631,0.434437906190195,0.84739323541545,0.455431592479491,0.429749242035091,0.315907537770828,0.794171915167616,0.758238021309193,0.633612302498328,0.82610770147095,0.57469240177814,0.531629341759216,0.352572050572838,0.626121588120088,0.44197801946539,0.351977422278972
"TCGA-V7-A7HQ-01A",0.155577561076151,0.404866962491941,0.377217199038315,0.791542152104812,0.444907688766353,0.350760713598318,0.213332086630634,0.749516393854462,0.597158439495443,0.388514239617046,0.722099098947058,0.51623402184581,0.507756675214469,0.268160523017377,0.44209293830632,0.237725047763926,0.350946247136755
"TCGA-GM-A3XL-01A",0.587210178774516,0.767060356686918,0.657505780249506,0.685166943303567,0.391459964481607,0.417909606846969,0.443587095281829,0.680340344529807,0.485390044425432,0.356323229426979,0.644587773863012,0.571008236110325,0.484563355187639,0.462064095291609,0.556633874532792,0.372578921982794,0.417975210122214
"TCGA-D8-A1XY-01A",0.209615370501945,0.517100819929353,0.377653984779555,0.827192027327575,0.420575189774635,0.441755081105865,0.280216173868739,0.793079851603484,0.728546225233674,0.504600394321727,0.764286707016697,0.558301247886835,0.496799727004604,0.222849391727846,0.53872916864525,0.275052791362912,0.267155464832927
"TCGA-B6-A0IO-01A",0.378729222166006,0.661179039323583,0.457774975866041,0.734818373583626,0.348279437690042,0.384925013546347,0.235714319771556,0.666217106649027,0.483202151730083,0.40734756905564,0.621211780434896,0.548796449469224,0.468616719843296,0.300813264786062,0.454338866820693,0.269478393217877,0.281900411339703
"TCGA-C8-A137-01A",0.191520092240897,0.516680920071583,0.350021974595151,0.784730452190124,0.320212483618511,0.406001623823286,0.215686683708739,0.700188287500369,0.676238781341757,0.489216914174715,0.725141461003233,0.54435719242783,0.453384925041851,0.217239895161623,0.484915941997628,0.225266422492251,0.311468840454974
"TCGA-A2-A0ES-01A",0.30878509140484,0.559878464570554,0.445712305082166,0.811072009415243,0.448072712634344,0.420334362642388,0.256941809613758,0.746850828299192,0.656127299305063,0.523622538561342,0.778726024227991,0.593064532449429,0.510628121890889,0.36912425222628,0.533086526716524,0.381474049523081,0.346609663307049
"TCGA-OL-A5RW-01A",0.23594484809375,0.616385174462426,0.477048148676935,0.780228686863831,0.360963941385765,0.461797704834501,0.327258406820369,0.690394468342109,0.539150069323046,0.394730231554356,0.730869098579393,0.513106879757208,0.470915775448893,0.311550889379349,0.513115900577312,0.237173155293109,0.389537450528722
"TCGA-BH-A0DQ-01A",0.259598910683456,0.530639084723098,0.400719076328057,0.831514493979051,0.43652446006003,0.430096033234532,0.234093549117776,0.811992982548339,0.700661324278052,0.505231207226013,0.789873833555037,0.56881494636486,0.502833422949494,0.305358389001066,0.527936486162952,0.33997234321121,0.326015116649243
"TCGA-LL-A73Z-01A",0.445714312406421,0.71556480980458,0.545848157089643,0.841748098320767,0.452632544052729,0.471281414224893,0.321521099790212,0.791046806822991,0.649625308723073,0.508934377631251,0.799757002856225,0.566738851537938,0.510418560445449,0.362434772473632,0.518442651551633,0.342304017970872,0.404105757979687
"TCGA-GM-A2DB-01A",0.442807068944072,0.767352608041008,0.591343055910135,0.737911446109049,0.43633143532684,0.486805257293676,0.308216811122449,0.758203364939693,0.501005020061961,0.503170905053169,0.727900053451144,0.566753502829673,0.484006483510286,0.417291884077889,0.529331388591801,0.325577195939478,0.465671486432567
"TCGA-AN-A0AL-01A",0.391355509035855,0.68909827836791,0.574347543065066,0.835947060481054,0.444115715702584,0.554437171376951,0.345353145580136,0.806033969235741,0.661074366010289,0.575256348207476,0.779165525780552,0.553510857175807,0.495133196573603,0.347330079037941,0.544754180764465,0.340667190715953,0.505857607283084
"TCGA-A2-A0YC-01A",0.27170471264783,0.526701779161305,0.431180475506983,0.802977003040239,0.440789651333518,0.343736040380357,0.280724232582051,0.692838966136066,0.637206674972856,0.382183105172529,0.723066313291842,0.558266213883377,0.505079283493974,0.312161301828778,0.526408701205925,0.323166853928611,0.300767690773296
"TCGA-AO-A0JB-01A",0.265042683176273,0.511213578907989,0.456094970462033,0.782702230981,0.414294086401747,0.423919668295499,0.206910530994009,0.730525827562847,0.546400328281161,0.47010701708193,0.75331734454517,0.566224862534887,0.537458234951898,0.323752077632052,0.493649646346124,0.332057555935397,0.344029497887506
"TCGA-AN-A0XU-01A",0.510118368541737,0.764522251234095,0.552211561997125,0.756093557075147,0.398235841592506,0.490521796129299,0.339565055941906,0.634931305474441,0.528368948342225,0.402313756666864,0.678160872742608,0.533268594881518,0.456071867318484,0.357662013773066,0.522750579616532,0.216141696677954,0.399448219390431
"TCGA-BH-A0W4-01A",0.186422684097413,0.469979411145533,0.346756792739058,0.827644197040505,0.388278606768203,0.400920140850092,0.173234248267708,0.750190985357999,0.730365961455333,0.482026869314533,0.787961480393065,0.549345858231075,0.504717894229614,0.26376727488981,0.484794183487149,0.317408187661735,0.296514776186229
"TCGA-A2-A0D1-01A",0.257841249403893,0.498706130160374,0.401347542086165,0.750838689013108,0.339126617575618,0.321737083732534,0.242632118252141,0.715938880894151,0.571839631398407,0.467836320965825,0.730337260417816,0.561981449696684,0.479683249094405,0.279677860548146,0.445857037521192,0.258366231881367,0.373540608644978
"TCGA-B6-A0WZ-01A",0.17653277196789,0.460159868362622,0.345058753278487,0.776247419647253,0.364760246446808,0.371143153190245,0.19203549538433,0.719691643797704,0.642223195472016,0.419116148255749,0.696332680056493,0.543099253763084,0.483043455225514,0.228765659692877,0.430828522765154,0.264568089165206,0.187121688433983
"TCGA-B6-A0IJ-01A",0.530717330341549,0.81739177508294,0.66655618984739,0.707279692449579,0.385997796084432,0.485253329285078,0.456894740742744,0.749018609906848,0.566178285839446,0.487272408331732,0.737076126550537,0.543212968175571,0.506717664091922,0.391136744551665,0.562317651280989,0.315680835857176,0.460007892960461
"TCGA-B6-A0RE-01A",0.238527443040296,0.52890578009532,0.396322851651644,0.802933631181489,0.363194082849172,0.547678192288152,0.252846175446974,0.737305076809232,0.627372107525685,0.470832714738513,0.757798611210861,0.534558585503583,0.477084413526719,0.274783878999799,0.521705317811291,0.247272627120713,0.399018281749241
"TCGA-AN-A0FY-01A",0.248238395280165,0.527798080141037,0.395889307762838,0.811159877117515,0.397842839990157,0.381267517436788,0.257585597934769,0.747415998393651,0.705179816463338,0.411878555348824,0.753841390088605,0.538701453266406,0.476279721546314,0.282875819061356,0.480393778406529,0.268317294477254,0.251603866535766
"TCGA-A7-A13F-01A",0.166323364767189,0.430349877396455,0.323222738040371,0.774629071869684,0.421331959307684,0.398930735052125,0.201057789926596,0.724130337833467,0.615401126911693,0.398150404985559,0.725075264107528,0.53322209059685,0.490466318753049,0.223304511555155,0.475640294393379,0.216593106987855,0.285156509840059
"TCGA-BH-A1F0-01A",0.542449741599498,0.758855823107623,0.677466018644407,0.82449032850356,0.465988619963611,0.53557180241642,0.508660490855628,0.822770045197963,0.634656591150895,0.565471296100552,0.778419875911153,0.570326281752889,0.480161447323585,0.436704920896917,0.662343117939766,0.428198551594258,0.519681619941751
"TCGA-A2-A3KC-01A",0.259387067704148,0.503590258672097,0.419109460532865,0.819481187143542,0.426890491299787,0.42375460530788,0.260957826294775,0.770521910374342,0.670073197139865,0.544003594288572,0.736231826987733,0.581580867446297,0.51505776199913,0.288755150065522,0.521511243051114,0.3067705003048,0.359232150456481
"TCGA-BH-A18U-01A",0.391064516902437,0.711791494440258,0.479850030861021,0.820112345188083,0.389862473039254,0.423705213090358,0.336192174954828,0.700662823115311,0.714445541899561,0.480773628141055,0.704095226630792,0.534274130733007,0.478851347053577,0.261039097185027,0.545221089283994,0.296321318784639,0.348976479620257
"TCGA-BH-A0E0-01A",0.198422082711902,0.449242446661654,0.398380657912228,0.660015716164768,0.438303442464908,0.421791103014208,0.261459154866937,0.646512992861486,0.454768209408053,0.393875444832019,0.676817107361159,0.544411483413561,0.462455095732006,0.291246402550571,0.453808261271913,0.461395515023158,0.366835509051527
"TCGA-BH-A0BT-01A",0.42479042289831,0.700893697691677,0.527098880674949,0.80097895688809,0.398117499597022,0.404459412038108,0.324169040348611,0.74518801019599,0.65064761921336,0.461286707721672,0.733676993315957,0.551136497558594,0.469134888257876,0.306270903307744,0.472746593626782,0.293783826429097,0.37054228536371
"TCGA-OL-A5RV-01A",0.164840616966977,0.415370309050454,0.394760703304961,0.788292822773782,0.402681447300621,0.396023878012157,0.17627528947004,0.730308297177744,0.618376417501614,0.450111016070986,0.776552329376578,0.56752296529051,0.510322023304109,0.31256577481829,0.465212502750673,0.244467714121394,0.376153381755133
"TCGA-OL-A66O-01A",0.168149311470694,0.40872152078115,0.350370449836727,0.763660373179265,0.355157760132379,0.351226763740401,0.219788963932945,0.735694612656514,0.572974429170219,0.383470408718707,0.693632853214658,0.532272382035596,0.490865311560865,0.247151593996079,0.385060804588244,0.185181517642788,0.31807027626732
"TCGA-AC-A3YI-01A",0.282408513963948,0.493268260829335,0.42065249197171,0.86476757364347,0.393937382895921,0.447706474307824,0.285058022738294,0.772527704464289,0.746300722127946,0.596868124619711,0.844025984447826,0.570066395177517,0.524735748090834,0.3155484195931,0.527463209434851,0.316970733108015,0.375166570012384
"TCGA-D8-A1JD-01A",0.312512314082851,0.5967119657387,0.486651207651406,0.82340833606622,0.431010988270747,0.383309651713091,0.349206737327017,0.752976263425465,0.73492174736297,0.491727338042187,0.748062275530717,0.551252840582435,0.485306056210883,0.332417643639944,0.554158227074918,0.270706621896616,0.344399000600973
"TCGA-BH-A18K-01A",0.231112561968392,0.508386578049809,0.425715681485882,0.825816619531148,0.406913296003733,0.428582461943754,0.204539821954957,0.799264481830691,0.735830616309814,0.513461064395912,0.777897407718949,0.548344982300356,0.505802486811119,0.271383780828155,0.505176794891135,0.266045851658081,0.272312800186395
"TCGA-A8-A06Y-01A",0.120286827341771,0.459252004836402,0.318907215889372,0.679569579784694,0.360765731422863,0.363800767756289,0.0812351195499179,0.719321548435193,0.481803005448202,0.426302099434915,0.63930789595285,0.506217774296187,0.475839535699891,0.222681099098104,0.427182972653442,0.224373699192663,0.256307059677373
"TCGA-D8-A27F-01A",0.206331295078432,0.47560202186405,0.400943216288793,0.827418834806508,0.392011231380533,0.553726550070156,0.198844925912919,0.762919279287452,0.648239454520634,0.463187145948841,0.798083814133636,0.539871064909883,0.48001097340438,0.258452454001567,0.526098841073857,0.296692232138114,0.369365612106352
"TCGA-B6-A0IB-01A",0.142150237930857,0.425923892866688,0.332602148468722,0.714878495241487,0.372258611714008,0.400100547016344,0.163682749943503,0.727329954613087,0.491833567379819,0.408761238425023,0.623344137722567,0.529577298045609,0.484680735049701,0.229837384574015,0.40318172445637,0.268462977932245,0.257350422641649
"TCGA-LL-A6FR-01A",0.0687156108169141,0.372676743295563,0.297686828206216,0.822381314772135,0.387825544384523,0.489622436775629,0.213575903721956,0.773752756014164,0.65821878749667,0.479149293775642,0.817886109580495,0.541015423109006,0.481135174888244,0.235295814783499,0.549299593792587,0.29326918222751,0.317902831358693
"TCGA-A7-A3IZ-01A",0.148832624726652,0.447848789873575,0.336065728510888,0.686264116911772,0.308832871397452,0.319202487768402,0.193261752216742,0.622775014912345,0.463275291196447,0.430565475879741,0.615207458208884,0.541714925916771,0.498133343129754,0.263542498996266,0.476525204635938,0.118236747542233,0.197813675269007
"TCGA-AR-A0TT-01A",0.549961625438694,0.764964950963402,0.6805499501076,0.837694088179653,0.418284345997802,0.372051126740283,0.50748887637815,0.735950474019589,0.627141122364797,0.526310888435915,0.735607904127256,0.57391087234443,0.502897263469299,0.409609184294662,0.586388260124121,0.336349955783874,0.485739455126654
"TCGA-A7-A0D9-01A",0.134593521862028,0.41750675548668,0.326852299551688,0.774607057914356,0.375519332023782,0.350132565252389,0.14900408905559,0.753990257806262,0.603433228815903,0.401393762947396,0.728944412329564,0.552471955154028,0.509343847144819,0.278770944878023,0.448036805610039,0.30126147306442,0.281374685191446
"TCGA-A2-A3Y0-01A",0.559697184725193,0.761117933252607,0.670563862333727,0.748127038670015,0.430586531880425,0.486630239492695,0.45455612947603,0.653501417544317,0.533436258273059,0.375547723479685,0.647439031248244,0.565146505336679,0.473585304113918,0.387240929356874,0.504697573023246,0.348296810718246,0.430403536501819
"TCGA-D8-A13Y-01A",-0.00265978576473248,0.290410038467609,0.240483017009037,0.699492394490543,0.364669282002744,0.349195628434117,0.116165830480221,0.68769702439245,0.467928116180994,0.385704709018139,0.665496814169893,0.527634071342837,0.459810819277474,0.142380968459433,0.418718405700112,0.114313084428723,0.156046035070389
"TCGA-B6-A0WS-01A",0.459759398099157,0.688082592039264,0.574600646665369,0.822628518553631,0.425294475356722,0.365689237252179,0.363665950053018,0.738629571085724,0.674229432994784,0.478738304643109,0.733340585155638,0.580826153589901,0.538272260789304,0.383713856574131,0.511972772363306,0.331816494237674,0.416181231458064
"TCGA-A2-A3XV-01A",0.258980008845508,0.471889787575236,0.420481274828239,0.737035584524178,0.392824605117686,0.335151948300598,0.22807715358545,0.726775226109962,0.522655083789804,0.367713922559221,0.69632612269269,0.559614204315615,0.460034420201421,0.34790361032995,0.480294398944542,0.291286198347052,0.291079444021003
"TCGA-E2-A14Y-01A",0.392507365192657,0.702789388651725,0.468455486976027,0.738529613940347,0.388867510296013,0.495665187829678,0.270982580380626,0.641898716888255,0.558241887843402,0.445106453398795,0.716452272701697,0.516997334436955,0.467494456547079,0.32883150066174,0.493599094589185,0.296053453436797,0.378202468659202
"TCGA-LD-A7W5-01A",0.51876585221446,0.672906013436403,0.634206908395716,0.807639001179098,0.415688397285809,0.332030503043831,0.378570816302692,0.786180323523852,0.608992448577517,0.519125816922645,0.735089513574435,0.585980169249503,0.536606054214064,0.455948254001567,0.450661518201823,0.352175722974744,0.443212367175028
"TCGA-S3-A6ZG-01A",0.336276471394222,0.59147627805234,0.453750656310571,0.76557116117107,0.38666220818357,0.355570772831837,0.263041910795631,0.674062817969153,0.526115297332393,0.417745895246393,0.673911308652778,0.555925052974277,0.504606961361975,0.296201724954903,0.507855305542955,0.220534413683601,0.339169233757188
"TCGA-A2-A04V-01A",0.229116922796634,0.484816504981175,0.412496083294267,0.81418145658202,0.414907037601145,0.358481440675837,0.237700182266203,0.710219208728573,0.672892935150159,0.419961528660198,0.760038233821901,0.536067963332984,0.493689819344641,0.293890954578872,0.503243884419713,0.312876711640575,0.254888860270639
"TCGA-BH-A1EU-01A",0.440676783066472,0.655096823162633,0.561840873203964,0.806625328522966,0.439086439308151,0.379110282675336,0.378578980333806,0.734753097500956,0.639870150177215,0.561938480009986,0.708596572018848,0.580976854382459,0.498507057096039,0.399707323076915,0.583225214972758,0.403746169125338,0.440216419955125
"TCGA-D8-A1XT-01A",0.369273285350733,0.661352027542549,0.479277158836925,0.837093936445883,0.389105542289475,0.420516660419623,0.335880910162815,0.785751933348669,0.680278955650029,0.483267504099338,0.785801599172283,0.532412693462905,0.473623073992885,0.3044341846636,0.568657499230742,0.281099828832493,0.33062180138652
"TCGA-E9-A22E-01A",0.458631894470215,0.73133385567054,0.547994072627015,0.862639303622034,0.431702584450114,0.438986652143508,0.356457631783668,0.807538126480022,0.79969491194665,0.570119944972311,0.787338900839769,0.583329183578783,0.505506951718302,0.373139289451911,0.559421968481826,0.288551025070238,0.311666341516373
"TCGA-AN-A0FJ-01A",0.290437478876868,0.541574720439049,0.411058923782524,0.777460108174455,0.381456660330256,0.51992738376629,0.256690491774915,0.711237405068939,0.56919930781249,0.470620855366949,0.711645677463039,0.511468392970089,0.492233253934909,0.318598327807956,0.483895760137042,0.347411255865626,0.374011314571978
"TCGA-BH-A0B8-01A",0.266448736862341,0.53495836644567,0.38928044215468,0.779990206461067,0.418137533446899,0.401719366889801,0.231461857477759,0.72340169212318,0.560720873254344,0.392162911250067,0.701121862605422,0.544805239562095,0.502428727262684,0.244950423821675,0.487122542949799,0.252902993085654,0.298539897784829
"TCGA-A2-A0EW-01A",0.300865245732486,0.526082740786236,0.484712801880238,0.827692147905114,0.441244286029167,0.40721360455499,0.276317357729951,0.749452072564335,0.708043647407025,0.58100510935891,0.763604979770134,0.593191943133145,0.523654180549454,0.382120010987213,0.560584914715063,0.362782654971998,0.399961629178145
"TCGA-E2-A15H-01A",0.199538775688175,0.480099752745855,0.386391902143567,0.802428775147565,0.379781780935491,0.458787790089875,0.201761331889284,0.751256939881786,0.644487492042476,0.421165395230027,0.761903764927556,0.534090987422946,0.493390672542357,0.300066797166964,0.454356953188265,0.226121966021018,0.312309246092292
"TCGA-AR-A24P-01A",0.229678851405945,0.504126449200089,0.401464440083001,0.821850946333894,0.398976720365,0.428939442684797,0.240314345349323,0.76158623344074,0.714378893278544,0.541855521107249,0.753596006806704,0.542985814205319,0.509768608931058,0.269707203397709,0.513257449259812,0.245443753969991,0.345612231811186
"TCGA-AO-A0J2-01A",0.543948258981428,0.761384130648593,0.616958124525687,0.765326311613867,0.411729724571764,0.424769521648966,0.40517690540131,0.729094402988872,0.567776337450157,0.398228005468849,0.693363921332189,0.561992181897012,0.472036677946735,0.445868336265502,0.479209050024286,0.282751027436697,0.356529062095289
"TCGA-EW-A2FS-01A",0.344568308635454,0.57333815557258,0.510063446119036,0.755151772440589,0.417389907666456,0.435322067195077,0.279346145255446,0.796820058021612,0.535321543920537,0.520841234415327,0.749452948720663,0.564768385250803,0.506977428857734,0.346148903760678,0.437051390501418,0.279334130076576,0.410500773210507
"TCGA-A8-A096-01A",0.490138035238551,0.747114465160027,0.573097487677982,0.83483983996866,0.419721024541942,0.375019030249892,0.405057486418795,0.726369703871265,0.719767699172955,0.519634818910306,0.74778793775707,0.572621531086453,0.50474678120817,0.408552634078641,0.576170416299928,0.326225033815254,0.341643384980395
"TCGA-AR-A1AV-01A",0.165825238151161,0.476564928805769,0.343123075386029,0.777818653167513,0.364394527819285,0.342190928136619,0.187093410717831,0.721669635771745,0.628969511634822,0.481880000334445,0.713444534521861,0.549903733034856,0.491021233836957,0.238197031306531,0.512037233075991,0.230327324775398,0.195446373344199
"TCGA-OL-A6VR-01A",0.110907372352926,0.405231210026435,0.37128030910349,0.655733304843426,0.400964284047299,0.319049017151636,0.155388300166995,0.69924665143067,0.441207865542358,0.344227505448749,0.680270579148086,0.549643996169304,0.488513724904552,0.258605787313849,0.414621636088058,0.247095080031358,0.35766567041122
"TCGA-E2-A1BC-01A",0.183457387697908,0.464708956600311,0.372507833562775,0.807313208539459,0.416312063110965,0.35049428565975,0.21382379567162,0.747717747538041,0.703008295623422,0.555212983024344,0.73839521181547,0.57490197578454,0.502994753163858,0.301413820400729,0.505954221843012,0.304031960897004,0.349334590911889
"TCGA-BH-A0HU-01A",0.310201912462114,0.547452167472653,0.436086152109583,0.744168759984893,0.384077264396792,0.381598475561499,0.250762286416761,0.732011484287317,0.581778995119028,0.440809750966339,0.71303044549806,0.548227296556381,0.490634509355128,0.293523033252302,0.443691119018433,0.275627132717227,0.31630054440976
"TCGA-LD-A7W6-01A",0.294089813216443,0.529042222427427,0.45224685725283,0.776132281204789,0.394101097523655,0.368657392601221,0.257807137199597,0.720418313240092,0.602099664914329,0.450703239102897,0.684723147205627,0.57207114188696,0.524579268901126,0.314033529543185,0.443417856118895,0.261314011443001,0.34018490070013
"TCGA-C8-A8HR-01A",0.465857943006894,0.704444556688681,0.550495823955161,0.835543983187285,0.42846735605951,0.437337515817162,0.309934844061477,0.814327676039844,0.692471637551322,0.593725010693522,0.791912718736529,0.582148667184078,0.518710385071701,0.38349035757553,0.545839688701619,0.368261548269956,0.387456475445902
"TCGA-BH-A0DD-01A",0.352743308343786,0.65126690657737,0.477895573553183,0.773002743746119,0.35190612156132,0.40580427380674,0.316198366385387,0.698615774487367,0.576566681200264,0.41575317969731,0.661234737284017,0.538747979357612,0.480350077126967,0.298308740377973,0.488896453196616,0.234923444487912,0.296733937159669
"TCGA-D8-A1JF-01A",0.336931994034522,0.595786485759044,0.459416681796218,0.800504057795216,0.451870266044861,0.355533179560464,0.27364257611703,0.754756734338854,0.628346356179478,0.519931457749834,0.699233021722988,0.561638779791417,0.419696015174151,0.342858833893658,0.566104661263909,0.303213169679953,0.417488289465119
"TCGA-BH-A0DG-01A",0.347188095515762,0.598374347400854,0.501574105033739,0.840989652188515,0.444188207841646,0.456346842650004,0.315097304288877,0.770205670039153,0.691629677818514,0.5029554334145,0.780692467877952,0.561804481823144,0.505784737461751,0.336801314687379,0.556228840186706,0.329750485135438,0.411634493973352
"TCGA-OL-A5D8-01A",0.31227609424737,0.601953626205301,0.460410385181682,0.753051293768247,0.395273051487098,0.308485666641497,0.290388812904143,0.671317777952522,0.584880728226361,0.359646518759299,0.687932661957228,0.552870848838751,0.514204502998881,0.27652576677576,0.405792957738366,0.246136949856204,0.320847850359274
"TCGA-GM-A3NW-01A",0.285528570553603,0.540944673086908,0.445791702192596,0.726644276347929,0.397876622063122,0.374460599514513,0.257637563704008,0.699017917866568,0.573704964337364,0.461409644177086,0.676617833182965,0.575191835437878,0.508923258021814,0.345987808614052,0.488942926683218,0.250232847681623,0.352811952596923
"TCGA-D8-A27H-01A",0.208803754003791,0.501401223390069,0.396844783070526,0.830183736063597,0.39707840277871,0.544802144883277,0.209144742652023,0.783720594417564,0.691833252359296,0.548113931567644,0.788905578864833,0.527014543802779,0.49556564545733,0.249514947409884,0.511814071128787,0.173123416717374,0.360647660623733
"TCGA-A2-A1G6-01A",0.217907064699223,0.398727462884819,0.41549983347547,0.779676619925249,0.440660941797697,0.38301518986106,0.227073666718374,0.724949151586004,0.642862067880447,0.522711417508391,0.751927714444114,0.57711059972215,0.515536198284794,0.348381126059025,0.500314662894198,0.352914857101004,0.37647597465525
"TCGA-A2-A0YH-01A",0.416405614815141,0.667844484665226,0.5888628646686,0.830900297854157,0.424755183844571,0.435953205812505,0.472917304279397,0.79371243222142,0.636757692220897,0.494519668340809,0.713629729001468,0.549653056548127,0.519438416273926,0.36430032152454,0.623577433334142,0.297575218239953,0.390074878131652
"TCGA-AO-A03V-01A",0.252434827910595,0.521346482041492,0.414394426655121,0.756916127959549,0.389768769403327,0.364019613126697,0.199766654173197,0.732434437917766,0.610395592406203,0.359079835465764,0.706455494265872,0.574404559688958,0.510166543526172,0.299500405355722,0.452008009291085,0.300335331960934,0.3510427998546
"TCGA-EW-A1J3-01A",0.282677931657734,0.593918978468824,0.420644809828094,0.778309544471007,0.388034367946718,0.408933387205782,0.26874270782707,0.666840638983571,0.627798571784083,0.489896125081166,0.734755521383487,0.5393913606176,0.45798130504681,0.262706902832064,0.502265272434246,0.253855032844877,0.241795732904891
"TCGA-A7-A26H-01A",0.316956925757637,0.565317245971655,0.447462008145399,0.818374242330673,0.435191772337336,0.392289470951176,0.312839863245827,0.75620904104063,0.704517529536907,0.477941758325367,0.739814125443889,0.554714772524234,0.490657649910022,0.297728399182528,0.58334213759818,0.303847657288174,0.351070366063122
"TCGA-GM-A3NY-01A",0.303546905469684,0.566001983420029,0.425269325563775,0.783726792598195,0.377443555072634,0.394206964889402,0.200066137485997,0.714648385303796,0.610682180120872,0.507754832294139,0.747310828139704,0.561398765014489,0.52172403954275,0.32280865835644,0.432843549631707,0.249820589703807,0.319727523797084
"TCGA-E2-A153-01A",0.167334256460784,0.456298985746082,0.37066269495723,0.855857169527959,0.419659759027942,0.397300869068867,0.247026643888918,0.76439173071565,0.755073446580329,0.526652796205916,0.79578396387313,0.552560699851556,0.527176920190992,0.287150209001766,0.562002602167017,0.329754196219347,0.235680991578015
"TCGA-A2-A1G1-01A",0.51153516770122,0.791047622197989,0.599622756516611,0.813602595899033,0.38386643006288,0.499472142099841,0.429362919277071,0.676002570209996,0.639746249899548,0.536190377183984,0.778270559512657,0.540205266683425,0.482746984283004,0.399084296957695,0.583086692760675,0.381511191546561,0.449190970136228
"TCGA-E2-A1IK-01A",0.412902125795749,0.648331134334897,0.52413389878238,0.688403821987583,0.393024178033617,0.357995494075824,0.318317871463575,0.676203168899394,0.515257194564949,0.393806936638424,0.637299441659407,0.555838699519806,0.510347898081664,0.37729388404428,0.498603144227429,0.268290158654428,0.370578637094226
"TCGA-JL-A3YX-01A",0.141907576360004,0.364584921813378,0.346093411353906,0.793804467188474,0.371252883617478,0.374970664395339,0.174579317090667,0.748643469364065,0.594293399813414,0.436236553185863,0.754552926578499,0.549055624638932,0.507540840640083,0.266372609924569,0.442092379757419,0.261421820345934,0.29759436515711
"TCGA-A2-A0CY-01A",0.0994212853138428,0.365185329298168,0.306478713813229,0.689349575558658,0.356112971028941,0.422704177207841,0.0901421271259177,0.714661690932122,0.48055881033958,0.388040293053012,0.652388329426624,0.563683453929487,0.500980053777483,0.201006823118637,0.437493482558933,0.141749235754463,0.256102218737309
"TCGA-AN-A0FT-01A",0.310847244166282,0.537943834796,0.426262008920474,0.799080880079618,0.418892128353035,0.365245991782412,0.259067035087695,0.772846207913324,0.651558048156854,0.505699515103923,0.71704766983633,0.547708459741604,0.484908819182575,0.310278236946518,0.491214900640239,0.305096811631611,0.249126559475333
"TCGA-A2-A1FV-01A",0.100386491470865,0.401365567071996,0.30362383033934,0.7246777158405,0.323067321974146,0.349870872973272,0.137904724309787,0.717171682154122,0.521047118131411,0.592689787617948,0.673532105607823,0.535828825122464,0.460848632203075,0.195448783998458,0.415682520664048,0.19581581706887,0.231131756729964
"TCGA-AR-A0TU-01A",0.553388883381359,0.837754729259611,0.648237481838608,0.649128295710692,0.393930990651138,0.458711438882493,0.401901618271846,0.71627598756068,0.407737364492592,0.459810438787757,0.588411607501394,0.535433093666413,0.429614060725987,0.390658685026014,0.525536562873452,0.410766185432415,0.369468588571735
"TCGA-E2-A155-01A",0.223747920805307,0.496713226512751,0.362356125224967,0.678923246235213,0.379271596891516,0.338248362080263,0.212866537848084,0.730530170468017,0.462028852886101,0.526658314049833,0.632935962592798,0.526197312017193,0.474511170135001,0.255282669812221,0.4052894067613,0.268726064430172,0.335570835994888
"TCGA-AR-A2LM-01A",0.292314239354634,0.529883931102414,0.439834833142651,0.834265717270046,0.39171341351865,0.388395481046728,0.237132144086458,0.709481138147513,0.748823720939226,0.550082278331749,0.744597647283949,0.577956847088515,0.521737572850383,0.323097123318791,0.509679164588304,0.269836799960317,0.331576511265691
"TCGA-A2-A0SV-01A",0.303572771804024,0.582096750041073,0.478156546868378,0.835460026215597,0.428361712286564,0.400535582874393,0.379546903433803,0.768419915481184,0.722939193478445,0.478751853317984,0.739954262369164,0.544490348524989,0.486241662589216,0.325804318227777,0.573573200148431,0.25347379448542,0.296100113086676
"TCGA-E9-A22G-01A",0.336866185904212,0.651430202395181,0.487368965885318,0.716314681537793,0.36003190700912,0.517977021218487,0.300386361613755,0.643356008027482,0.53317704295226,0.434743013394418,0.596769164675428,0.526200417238905,0.455332732163757,0.314879817799122,0.511615363800361,0.336371945166824,0.384091951240259
"TCGA-A2-A4RW-01A",0.35897948685985,0.578984537262678,0.45241930748629,0.80606230052907,0.422426169108482,0.387749811220473,0.265020542044572,0.762193220707009,0.666959250380005,0.537137134516838,0.722998558717419,0.573379155945108,0.510478781891825,0.326615829186668,0.463041778111287,0.261637391013243,0.377450941551968
"TCGA-A8-A07S-01A",0.175378748935516,0.478492726810606,0.365677592366401,0.768564168428203,0.389087840859127,0.365980683866682,0.241577449158158,0.679259399044511,0.618815514286419,0.464375036316448,0.700999332599231,0.523900041006557,0.506731860810641,0.276109543086252,0.530393673731132,0.200485327840446,0.252958591138358
"TCGA-A8-A06Q-01A",0.183478592608325,0.476251237203287,0.360179532859551,0.579263066688762,0.321270228574242,0.358279505506319,0.199787247363402,0.636221663819954,0.40595686576443,0.411728037413434,0.58995809341214,0.540596991013277,0.436109240155424,0.295056264176406,0.416217675330542,0.214537357526209,0.316101719154628
"TCGA-A2-A0EP-01A",0.518402564836513,0.656499586611403,0.68925552195925,0.849012458796282,0.492371942881722,0.388411083180026,0.52624320342487,0.75212651298261,0.722634236425308,0.584214855535353,0.763409107911001,0.611809768840186,0.533270892763596,0.516406704704595,0.676309495110882,0.622384156270778,0.480866098692826
"TCGA-AR-A0TS-01A",0.465189314203164,0.701827795739553,0.6372962987485,0.777067186970822,0.418003988999161,0.452612352288589,0.367914379500273,0.764868939507877,0.534083355768144,0.53690070079253,0.807031828201136,0.568108702489748,0.517292631130592,0.404527091448618,0.525638666319418,0.436491848671747,0.568263618692388
"TCGA-BH-A0B2-01A",0.438867025253914,0.643356134599484,0.626913365137704,0.841876414364739,0.438614888311081,0.399165108865599,0.407448342748504,0.751585563314169,0.695662663975994,0.538997704282663,0.730190802098737,0.588931574425025,0.531911320500742,0.404890279819,0.541458368501024,0.294712708709816,0.420267990549857
"TCGA-3C-AAAU-01A",0.09857656215574,0.398759498605124,0.313282422207965,0.704614905779145,0.324752561101865,0.350968534911173,0.151983151344454,0.68620633048782,0.508746751983824,0.325720343337338,0.683183958804478,0.554672019893687,0.497858345364244,0.277488651610198,0.404138284351586,0.218984326510649,0.320504783380146
"TCGA-AN-A0FD-01A",0.429876937547884,0.706416297555259,0.499734070413405,0.834144043599616,0.406119843293223,0.402383171339466,0.319765539249294,0.782034675618125,0.71881112362946,0.471787032059046,0.777029657484006,0.554354909357428,0.527820008840067,0.344123693196549,0.49017539022766,0.287408689112584,0.329290503463393
"TCGA-BH-A0BS-01A",0.176858683106877,0.469258416800313,0.330994370527871,0.690072466009126,0.398033644236716,0.35079609681804,0.16728624440696,0.678475890550724,0.557848755327841,0.418662021664224,0.665036101078386,0.533936947970362,0.47046058755713,0.225233572285165,0.482378467876181,0.279291226592312,0.242540541614122
"TCGA-AR-A2LE-01A",0.296353853107339,0.541928257803956,0.400352831361022,0.765456408574114,0.390925116574878,0.356148140640653,0.222406802366414,0.702547960201249,0.609915789050284,0.443537424213646,0.683031030603041,0.5568622846546,0.506433435516159,0.310997301916085,0.449219220922884,0.320412627286282,0.314460844460866
"TCGA-B6-A0IM-01A",0.210225616925561,0.502414524084241,0.373501340601116,0.800562646251244,0.4000664697504,0.374238254588766,0.219775546903612,0.728108329081495,0.627505325795078,0.459232686612547,0.739551150582268,0.53896747066842,0.475966553520388,0.27139617993801,0.497009432736081,0.274726537101403,0.208141051522569
"TCGA-A1-A0SB-01A",0.0420069022049065,0.364579648540633,0.251894132075033,0.731302358784426,0.349715969572847,0.398268049000584,0.092851548739864,0.732060481566781,0.597068191502781,0.434961338277264,0.698627714029603,0.567205118306818,0.502189164604343,0.268034603062019,0.461922763307118,0.270164841131295,0.286650972193454
"TCGA-S3-AA11-01A",0.12710869449803,0.424685848008557,0.326530848399441,0.74906950619916,0.364484801666863,0.380515751266465,0.187439641929896,0.671037187295959,0.604305711058694,0.361303285864076,0.702485704969603,0.531984321017857,0.479586186874335,0.215708773881497,0.442493675221619,0.197105518448833,0.282297429239494
"TCGA-A8-A08B-01A",0.400804184296295,0.674584642848224,0.550814725651322,0.74684423118595,0.330270286610362,0.406169810852985,0.348876731907564,0.670973790883457,0.528791250054202,0.380416039757836,0.666676486944942,0.556790803741101,0.457498718754864,0.332066663540878,0.484475469923176,0.265805856165861,0.378074900697442
"TCGA-AO-A124-01A",0.300315007550707,0.564134296444506,0.476238583457279,0.708667489884271,0.332765098201815,0.557142415764129,0.298930376839511,0.688042462397461,0.521894714583384,0.394460666618287,0.740799399765296,0.539157703198882,0.432881560725041,0.307584378735553,0.496181904256968,0.302466939579054,0.424252309591567
"TCGA-BH-A0B0-01A",0.423412698619542,0.669076488944472,0.564397665649736,0.835604095012252,0.418628996882257,0.403925145781119,0.344181717124882,0.773567609811239,0.75449611094806,0.538851359796576,0.768308496235111,0.565861130047497,0.51302583185912,0.384296802320379,0.560166697473867,0.450880745728325,0.370129853306941
"TCGA-A2-A0CR-01A",0.625812685043724,0.739082425306322,0.763943672814768,0.807889618236376,0.443908069132504,0.405184500286453,0.471930089112908,0.754688671693207,0.609938234609286,0.499935511011823,0.774419707184041,0.630507376092961,0.542116969705097,0.574263616900902,0.51389738355748,0.428815796871179,0.520602454889262
"TCGA-AR-A24M-01A",0.152601428893398,0.443609995329156,0.344077225481859,0.811704009504133,0.374841956413691,0.433082231348969,0.199410697317033,0.699457289898978,0.758069839716553,0.480745019861947,0.733705072854552,0.539457678684326,0.488863674892148,0.248381452089619,0.507155719021243,0.205637234685401,0.320694243496485
"TCGA-BH-A0BZ-01A",0.559600669459588,0.78668297174884,0.650252252859787,0.85534367939265,0.413669711514805,0.405648303589841,0.446276913984995,0.793334347521333,0.669510544217388,0.473719531173256,0.776462353962986,0.584501162975225,0.5280657994373,0.425768988422011,0.569724486872223,0.303897629001988,0.3720093037381
"TCGA-A8-A07F-01A",0.338136432865394,0.618794790944719,0.464092983273308,0.783531758501448,0.371408347483921,0.357365738262813,0.286147684632488,0.756952033039701,0.665505657724161,0.537030323191201,0.701384165798762,0.564109913471049,0.495889388964526,0.322139135177291,0.502132090243081,0.265500168012053,0.339398111326837
"TCGA-B6-A0RM-01A",0.207086868829545,0.471157326383586,0.368700497234463,0.696471891866793,0.392853233300792,0.291522066957925,0.197649832942581,0.740221528100703,0.50912858689045,0.314183599356357,0.610928590441056,0.549047809531577,0.507673324057135,0.303198340906912,0.416874117396956,0.20603594780699,0.315275428310427
"TCGA-A8-A0A2-01A",0.357219572054263,0.607630787051073,0.471163111767475,0.774612980859413,0.369148389469005,0.339743698200665,0.289705970137499,0.71801762379872,0.664997371410777,0.472947649660769,0.695540096203841,0.577416128980236,0.495355456237163,0.347546368315823,0.457381891605937,0.23885376784269,0.370874336897994
"TCGA-BH-A1EN-01A",0.214823899438475,0.449331224154966,0.35419148564289,0.759160265932275,0.390509173443234,0.340856082551859,0.249511281584149,0.720801514263316,0.604345597034989,0.482727184204297,0.682842041705617,0.534803300094539,0.463657878327045,0.232650192510493,0.477864978141136,0.274101676411213,0.214162902990024
"TCGA-C8-A12Y-01A",0.290510280426959,0.577848369656953,0.448957721783168,0.817688500455691,0.377191865894736,0.419059876338927,0.291806879034217,0.686731224789909,0.646794535659589,0.385310094900836,0.775982226181845,0.539881887890827,0.534022182333132,0.294735673046051,0.482452244425811,0.184188375080425,0.302986663169672
"TCGA-B6-A0WT-01A",0.225147545780128,0.540707422209344,0.389647822143453,0.812948110898971,0.364035939226657,0.424563095942657,0.249573203952748,0.724248156416407,0.705531065836875,0.471102766460702,0.748226887493059,0.54212495707629,0.479428756947878,0.241050817079087,0.46465075009593,0.230435201262892,0.355437215024838
"TCGA-C8-A12V-01A",0.711785206472547,0.848681159316772,0.805837585660965,0.781463239312079,0.485993794424914,0.453409741923596,0.64917262562048,0.732881240075378,0.579427126600674,0.491898203683359,0.752733224248951,0.590841806930495,0.502301638910089,0.534717559434032,0.577803700946276,0.432751603682059,0.508274018348761
"TCGA-EW-A1PC-01B",0.129094810445992,0.536344986531345,0.380943838988288,0.755789009023757,0.377247583568556,0.425983480656545,0.266436211806984,0.747636602027983,0.634631380291275,0.421990247169502,0.676337525967616,0.528388628346662,0.442854266540802,0.211663536950923,0.460149618277726,0.243255041239193,0.218220370988547
"TCGA-A2-A0EO-01A",0.354317133087202,0.596871968048973,0.47646160901126,0.844939576295402,0.437384108008799,0.418691986069726,0.269684666169642,0.74011638989019,0.732365924200094,0.557001728831914,0.781004145022882,0.564782742577113,0.511140029669739,0.364711921049299,0.536615633020139,0.313579534976676,0.376480892963198
"TCGA-A7-A26F-01B",0.255398730730103,0.576929083115496,0.484093959828285,0.829276782060264,0.326725262578056,0.395631027512639,0.382670711311717,0.751100402597501,0.730049600919795,0.574210606844664,0.75495214929088,0.545661961354483,0.441621389281758,0.28807774403222,0.555462505578825,0.303018282485109,0.346157731770796
"TCGA-A7-A26F-01A",0.281016036812597,0.612088071564345,0.473813143061622,0.808340699001107,0.371550606598872,0.426460229605938,0.36830501141865,0.729702334279721,0.729613000608875,0.523032227930654,0.719711509377803,0.5398466752541,0.441951049810232,0.28301368941367,0.597582849497245,0.272183371189911,0.3996523975681
"TCGA-EW-A1J2-01A",0.335295179994311,0.568784687760096,0.464501962464344,0.836676748203615,0.416876184716679,0.39866947360153,0.308941163691896,0.722096740787514,0.717211723757572,0.541749457591708,0.765473891662631,0.571222389140752,0.512348432766065,0.329846300153142,0.580163424001225,0.348198041960893,0.338411546953697
"TCGA-UL-AAZ6-01A",0.198722091415373,0.508261654529021,0.383866571294901,0.693434893228225,0.382883892471284,0.423474127624881,0.242948172132288,0.719494360594339,0.514333844008423,0.397134481517171,0.677416709628082,0.539094237319896,0.480091701499227,0.24957276357795,0.453571276530636,0.27177721959693,0.247889150106726
"TCGA-A2-A0CL-01A",0.601103322986072,0.78105079197031,0.742413584048724,0.82688259977001,0.451969464258257,0.397702061360091,0.54556081529676,0.785946603753295,0.642824859636353,0.508455408227068,0.76529813320066,0.621409310113414,0.514563565554587,0.487636955692239,0.538871536419819,0.352480789794006,0.496592186299108
"TCGA-AR-A0U3-01A",0.321283265915497,0.61419073801238,0.439544203038802,0.722665671242755,0.365806047008273,0.399995488398181,0.278808979832454,0.697451180673959,0.488100973073849,0.433083514683856,0.619154544325554,0.532204016568111,0.47836328623044,0.279793550195808,0.493656155216123,0.281566809200004,0.320342218210862
"TCGA-BH-A1F8-01A",0.300634421506861,0.55089415960157,0.438978900391305,0.776294560779368,0.382006087495677,0.40112363509231,0.285862990434004,0.718105606614853,0.601626975283454,0.469905913381374,0.659593819702856,0.564394926556192,0.449916257628384,0.315859208301236,0.4921344374562,0.243906287669454,0.333772350864801
"TCGA-A2-A0CQ-01A",0.187309824761918,0.446600012144892,0.387536438694277,0.727968912366641,0.3907447959676,0.348763006489662,0.224651167496782,0.683879331279288,0.567704261953211,0.430226343721072,0.679707422216609,0.521150518328111,0.479379022526912,0.269828737017927,0.467797320072155,0.190125245354413,0.231657062750825
"TCGA-BH-A6R8-01A",0.384426166669429,0.638590140326386,0.51308984128037,0.752177939873576,0.412941302697932,0.329999701012728,0.370186993848693,0.731094089229242,0.541530034604395,0.372897615046326,0.626401568919699,0.54279685318792,0.515301510356615,0.334357998450393,0.486137326108633,0.251914084366185,0.327831443024468
"TCGA-AR-A1AS-01A",0.0609069033165561,0.398266329075856,0.304399899007399,0.783049701497174,0.385001140731347,0.389343485832755,0.182270833980453,0.670749710366992,0.65899312390554,0.426841598653393,0.729902423249592,0.526010307970978,0.468036092919768,0.179291245283259,0.511382886019579,0.270433069740119,0.227359119504555
"TCGA-BH-A0BQ-01A",0.41323221438549,0.636729589875769,0.513067237219805,0.842654083649494,0.438527336786131,0.427272306317799,0.270677556620973,0.767939971438754,0.716911203213498,0.544172938519302,0.791906172735203,0.578812913264387,0.541069507599304,0.368159061260669,0.52700609250841,0.411229894050236,0.367784515640636
"TCGA-A8-A08S-01A",0.257368851896464,0.546612645876064,0.473273940470607,0.769422481923406,0.424970792005087,0.354461926865095,0.266285881404379,0.697643825665699,0.646105337910753,0.382375779692953,0.703986089070877,0.549545444315489,0.485798487813858,0.280918480158077,0.493091924892653,0.30449944019725,0.289073450848055
"TCGA-E2-A1IJ-01A",0.411909813288602,0.648776732647676,0.524875134084177,0.837824860088193,0.429622515099654,0.427544678511817,0.313897931369784,0.731082364145911,0.763892517127705,0.559955472903213,0.798426233151895,0.571884761691928,0.524289211718829,0.349904428451822,0.517352892203794,0.308506140289659,0.355073757196973
"TCGA-B6-A0IH-01A",0.409399863654201,0.625238084275065,0.517803854116981,0.813494548486653,0.41660474852974,0.372636129961276,0.266403040432203,0.780269772750495,0.670089748007691,0.563709090858909,0.72926856350563,0.587291584724258,0.524820390181456,0.37857081932392,0.479577909186585,0.349894871237536,0.415000886734617
"TCGA-A8-A081-01A",0.526682741660699,0.711266636092279,0.571583944037305,0.6783021827335,0.383078516123176,0.37521884276284,0.373066100671031,0.686896433980763,0.372107549202036,0.428441173725103,0.585357930980811,0.537766368686304,0.485993270669436,0.380652990005675,0.505447359834802,0.314838711005894,0.40757012474318
"TCGA-AR-A2LJ-01A",0.384793938270472,0.615063501014343,0.542656144119707,0.819163185577424,0.437660014420221,0.401259638416325,0.336012496996396,0.776335405051351,0.631616777942736,0.535326764505975,0.759210054716512,0.578067691616081,0.529568048640121,0.390134194712566,0.600837801353242,0.405300689206398,0.369421253041558
"TCGA-D8-A1XC-01A",0.153272084939956,0.453134519031459,0.303527397455117,0.617011824180317,0.320110298691775,0.288208191188706,0.133071021722844,0.629670015037197,0.435253160612035,0.359979186318032,0.60169427523814,0.522099366716603,0.467452603224361,0.26454457212058,0.465553701600779,0.168210331039091,0.154779907579841
"TCGA-E9-A1RI-01A",0.257932325696549,0.530922343928403,0.412420168725485,0.825924387656502,0.378468880713868,0.397583136646957,0.254831005238342,0.731688075992366,0.728521992878534,0.525768282602653,0.77165709131502,0.565004039805895,0.510511684437866,0.298810885270907,0.526426882878488,0.181580393769761,0.343842258058282
"TCGA-AC-A62X-01A",0.235849422212519,0.589432118687151,0.404146465588122,0.657419366913153,0.331055577850209,0.470771269465854,0.333756266511882,0.678344573522031,0.540613428746238,0.420585307953083,0.714977815047387,0.547271795493042,0.470340045642534,0.260150095093055,0.423962899870407,0.270315599380886,0.294331485297895
"TCGA-C8-A1HK-01A",0.389959946429673,0.6522873155357,0.480761423280648,0.718843163022768,0.345044454448943,0.362937854066055,0.292730699370545,0.752584461805922,0.473476678654966,0.516142250232244,0.610720086704483,0.562206787582805,0.460000668781846,0.27416337222026,0.463488148739269,0.295047823651508,0.392979162906766
"TCGA-BH-A0B6-01A",0.669087854655671,0.805817977186367,0.762758373327643,0.81723590221545,0.439772787900475,0.362566902411351,0.509555597843318,0.794086158160973,0.619192703861089,0.536190681734176,0.703448777122551,0.611864182788466,0.547596097441694,0.535483980739248,0.546921460944499,0.395558844975485,0.496148657294415
"TCGA-A8-A083-01A",0.219654585822379,0.503027897164516,0.416523203319202,0.657530306475895,0.372713206345763,0.278109891574792,0.204969200545328,0.685247324319164,0.456695849599831,0.277386989065675,0.598242563820791,0.546088788464999,0.496440427261447,0.295543087847819,0.434658636836304,0.245110096930995,0.234814944643748
"TCGA-C8-A12T-01A",0.333916137085161,0.603277764116037,0.478641284073586,0.828207902369685,0.381112516579678,0.412990289199,0.311423351774857,0.740066348864755,0.733156952985417,0.478566419645519,0.812745266398614,0.565842610221682,0.504017710878625,0.330484591926392,0.536030394767791,0.318850422852772,0.32436766679663
"TCGA-A2-A04X-01A",0.527364632549871,0.790991315512502,0.665349154452497,0.766137501962074,0.395258321702579,0.342399079701084,0.442447266129959,0.684471494503021,0.541920972407934,0.426328616574801,0.682771006684998,0.578137792634836,0.487929885122813,0.444532786263736,0.522808017775959,0.388405451699446,0.413156529922223
"TCGA-D8-A1XA-01A",0.236585402779135,0.507955028878198,0.394392890726815,0.775522468999689,0.379049830304018,0.307429221946805,0.265660747411376,0.71875915569032,0.636809301696659,0.4662692748986,0.686004594920839,0.55043508112424,0.496620411848962,0.295339679750051,0.50570863390827,0.204452718269867,0.310435667842518
"TCGA-E2-A15A-01A",0.441223934224512,0.69546991683865,0.525633878529687,0.802594324823031,0.423195211298379,0.373021929737058,0.336315234091229,0.774828658864217,0.610424193634199,0.403382317074742,0.717354560673349,0.565628373033133,0.495364524710777,0.339335360276468,0.479121738137101,0.273076391584804,0.356287762242899
"TCGA-B6-A408-01A",0.374956377808312,0.626169970886454,0.54074488389684,0.803361478805996,0.395794356135455,0.338094349201354,0.380268430362356,0.777233573058291,0.620080315950365,0.44691930405255,0.710888682050562,0.56342119436386,0.50346774241125,0.345779052044021,0.487785585025503,0.258609161485658,0.377372643672766
"TCGA-AR-A24W-01A",0.131487590535524,0.396066854987625,0.354813572626157,0.805744618344521,0.394790741202402,0.398696415974388,0.186183743433968,0.761905219600106,0.661843584233636,0.574462877029035,0.790937064223572,0.567044421048964,0.50032154567226,0.286333711063111,0.465787175937874,0.291862029448131,0.360361536117945
"TCGA-A7-A0CH-01A",0.2025459898202,0.495591014979309,0.379160426476758,0.786384351895384,0.376671949213391,0.390153051915501,0.200154238967774,0.718920959812601,0.690057264892498,0.473359259336652,0.708372321680174,0.555725363999309,0.491559537892026,0.255146646609126,0.505704125989689,0.268510416494996,0.261179906006803
"TCGA-BH-A1EW-01A",0.385760838632486,0.58445940670544,0.488188620592126,0.780406074588027,0.429312813598756,0.428032881977958,0.336960915360374,0.764438153921526,0.675587009329288,0.529684751098075,0.721173228845863,0.579453280777678,0.499058634850054,0.335174325928157,0.523861358622732,0.31677343182834,0.357307608615019
"TCGA-A2-A0EX-01A",0.245305364812166,0.492102808414867,0.46242710260067,0.821283103403337,0.392696925849894,0.405767115617937,0.219355821962285,0.682945273370702,0.729479478504152,0.52450697850936,0.730679004222345,0.563355687850037,0.490009365441681,0.350640666309258,0.481003947504812,0.286517870981396,0.420399498631365
"TCGA-C8-A8HQ-01A",0.450412092512292,0.726580611927625,0.549153982400616,0.859659451757085,0.39968784006455,0.419951263543089,0.355535619924131,0.817833117696657,0.722298540410314,0.529664595547507,0.766452080339592,0.576003046208846,0.541770641612302,0.368162966313731,0.532892639190104,0.316197609328238,0.363307801152814
"TCGA-B6-A0RU-01A",0.276539433091254,0.564098224013401,0.405496263308948,0.795967528129823,0.402790911052534,0.486049546576177,0.220359253877609,0.697035199473194,0.642955789513439,0.521906721962365,0.771803326060287,0.535313138347388,0.48324811299961,0.286968393642326,0.477431380068682,0.313068065636702,0.370463490657759
"TCGA-A7-A0CE-01A",0.279026321972026,0.564418285490027,0.437054865740983,0.749487119438399,0.384692462897889,0.499818988511542,0.250232987052701,0.712544407983552,0.485057617173577,0.438779474720804,0.736049583377049,0.538422335274271,0.482406375202961,0.322409053966401,0.4699506938186,0.300980655099294,0.372547083410335
"TCGA-A7-A3IY-01A",0.289463586303943,0.555593599713119,0.433193337354277,0.812003388010119,0.433857293283678,0.441458892624946,0.29433512340066,0.721581313998904,0.616905081709878,0.511662167182982,0.768715555675816,0.550205487653385,0.503883097039448,0.31880793448045,0.627102018953466,0.306809449167874,0.272411593184202
"TCGA-GM-A2DI-01A",0.609687354478784,0.732824602629075,0.708659860551497,0.829810071249068,0.446578118244165,0.406578609966038,0.462030849940294,0.737647756632292,0.688154413741331,0.508617042195207,0.78469544572819,0.62809166515033,0.541357282925805,0.547240258701224,0.543488955328234,0.360398710638916,0.466733372211176
"TCGA-E9-A243-01A",0.63283785876912,0.818786734969149,0.735233100630564,0.820990497189107,0.451114806219184,0.494558966225562,0.520927602826529,0.728660685498428,0.61571120033215,0.560480930378898,0.70507408952246,0.587193505032985,0.478856603726088,0.50067907376075,0.649222030782591,0.357466092831037,0.513926317063162
"TCGA-E2-A159-01A",0.575173345773659,0.777583055876093,0.652294458536768,0.812317320051935,0.409022170097607,0.4344684542722,0.468649768473315,0.774691418245577,0.619480190978933,0.518836960567644,0.731227524901275,0.578780111601118,0.470634778821367,0.419183377237337,0.591004228084637,0.387854427241715,0.425714218102159
"TCGA-LL-A7T0-01A",0.374433810979773,0.611785446885715,0.497565743283265,0.769962124542935,0.403748123635491,0.362773934174974,0.31491015515732,0.731089696149922,0.547285364346134,0.335606374883917,0.726761694661416,0.533403166935004,0.516442539473544,0.326600470970679,0.486201887409614,0.324080731440577,0.385474085080542
"TCGA-D8-A27N-01A",0.336798978346824,0.583030346095949,0.464878278950338,0.831851419634833,0.452534539550495,0.377817500144084,0.313571377974108,0.725975159117173,0.74397973629506,0.483314583429846,0.761284637511336,0.565662707441774,0.484360289538136,0.323044303429421,0.582056138690546,0.311649632958558,0.352886157690695
"TCGA-A8-A08Z-01A",0.228483809949677,0.498687273818021,0.416610448904436,0.842480430016725,0.397496619445857,0.40261467828153,0.304840735875509,0.798723022278478,0.761926478022277,0.550919248213575,0.782380676286088,0.560335566398846,0.507770810641272,0.307232008638946,0.623624481571711,0.237652109243869,0.305908505444858
"TCGA-AC-A5XS-01A",0.423471551165174,0.628826384424885,0.561531275931543,0.785551842968249,0.44779413224986,0.420801629022463,0.347698603202451,0.747567346586268,0.54971252004896,0.449282431668847,0.701684880611849,0.5933317405966,0.513389366198189,0.385550807787769,0.515124089241625,0.394478815259971,0.400352663690387
"TCGA-B6-A400-01A",0.299721745545733,0.604444946275972,0.483913739689015,0.826167436702521,0.456245909046352,0.542369001273855,0.351077861515644,0.726140799995691,0.685487439865429,0.514939519547614,0.829079354628263,0.549861900682176,0.51016056435722,0.301356187268919,0.559213300242628,0.505262449488924,0.35327359453511
"TCGA-C8-A26Z-01A",0.180613340264945,0.448273545017862,0.34172610852297,0.776952983817704,0.371571063815709,0.360182633551709,0.178771521825631,0.757266641445234,0.590721854534259,0.412303219536072,0.672883223107591,0.537759182523327,0.474898239158629,0.24828741722145,0.419829369377746,0.183902966712845,0.338671070354267
"TCGA-AC-A2QJ-01A",0.320486679627377,0.487202624587622,0.532442189808227,0.829093267991806,0.450386102471786,0.487862389322147,0.339810096055753,0.689553155038674,0.67914452108556,0.515491353541112,0.783084921019537,0.564919538775974,0.532560404592434,0.388834350839365,0.646285421805991,0.519426168493177,0.332168364547821
"TCGA-AR-A24R-01A",0.427464533639579,0.690965620902477,0.510355549409755,0.782514051081427,0.399754843810836,0.375294603573347,0.331266608370907,0.735198429277593,0.618880470790052,0.421689701937957,0.691031913520303,0.539372037653621,0.483821620785372,0.318041618788258,0.483238464154881,0.288119946547514,0.346193184051828
"TCGA-A8-A08H-01A",0.349678197741105,0.516684279357353,0.49704041299695,0.84239612451632,0.483562783269773,0.473358610639271,0.363136380612691,0.723253451221951,0.728140850162362,0.551648847405905,0.801343644838522,0.565552860865564,0.516019063882775,0.385470666652517,0.662168074170253,0.386823961637846,0.387226665090125
"TCGA-EW-A1PG-01A",0.202807361406933,0.46372654835257,0.388237484865106,0.849748768237723,0.400947772602908,0.467168282653728,0.261167197564462,0.747192080533022,0.753836702898579,0.571697316379218,0.85705058965984,0.569782472347731,0.502782275954565,0.290026529513641,0.495110607113422,0.329745287495531,0.358336267628168
"TCGA-BH-A0HB-01A",0.444751335712372,0.657049669649706,0.567162827945857,0.797229543139623,0.453496053248398,0.435451499979784,0.3629069254297,0.735330110744587,0.624711212982057,0.388479444432113,0.713359982252565,0.560445822712311,0.49684267116358,0.362196310053696,0.561828314228338,0.390431618759378,0.373334294471396
"TCGA-BH-A1FN-01A",0.280849879965396,0.611100574904863,0.436054112750061,0.818567159898101,0.350349920539628,0.432841649545608,0.291371620608785,0.725028364585738,0.709473575738795,0.480710553084326,0.760586904129629,0.537788277573705,0.489521702902999,0.258844219542175,0.558524153439495,0.240175070441127,0.283167237883601
"TCGA-E2-A1BD-01A",0.242954917961344,0.525911166004359,0.391178115674233,0.791927862153738,0.402461267601155,0.380201415034298,0.17912317697729,0.754379983711754,0.608969287778617,0.491307473814771,0.707984678244603,0.550628056197108,0.500714787675018,0.271204754887522,0.431690858090047,0.226450976396218,0.270402196982944
"TCGA-A7-A5ZV-01A",0.192838495597742,0.511190210375833,0.378856242475689,0.663750022345886,0.396650745597838,0.439438598010499,0.262402868889253,0.526823882341122,0.587732272355419,0.480609491150927,0.714916562489514,0.5458039148083,0.474520808029733,0.211097113835806,0.537666510778996,0.296213467501563,0.234823077638126
"TCGA-B6-A1KN-01A",0.310106717133135,0.585277977012372,0.456713557543275,0.794673905358902,0.398021474593081,0.435596407850881,0.278194772701409,0.745174696089378,0.609561002348722,0.499439186653244,0.733783813347973,0.539885020306398,0.472165899751669,0.306020487509853,0.473775268275607,0.346127947661009,0.337012730482091
"TCGA-AR-A1AH-01A",0.108183223753964,0.41677391292998,0.324738358960287,0.752779138037949,0.303863617358497,0.443417224679003,0.164377020410572,0.672800090411583,0.535437823557689,0.465443058121366,0.653213056495369,0.538791964933897,0.453973911564422,0.252510924379704,0.429649052529527,0.22563114755749,0.305003678591432
"TCGA-A8-A09X-01A",0.522970011539118,0.72296558678864,0.611355615431855,0.800208861724137,0.423584018129384,0.389209249078323,0.426459495586136,0.717878301829862,0.585568856567117,0.470085941356648,0.734717231412272,0.56009226433674,0.486320845850682,0.442890814116515,0.544298996793425,0.362105022893994,0.426119187551424
"TCGA-BH-A208-01A",0.329948386741313,0.589932596812615,0.434763246555684,0.857156636346384,0.411597381331037,0.459776836014037,0.268866459299154,0.791756928534128,0.787456471574698,0.643020596421097,0.839970577019947,0.558024446150477,0.506650389677862,0.349519831470557,0.548525596125178,0.364900958888319,0.38293969108953
"TCGA-GM-A2DM-01A",0.259981404203179,0.530408454219399,0.401426431485753,0.693673107499874,0.364837089527354,0.335623504695734,0.251486523341161,0.680647427268742,0.545145057608346,0.414488927505953,0.686773434546889,0.551238551853136,0.495019963146725,0.321938581327668,0.518832302334912,0.257459671040198,0.238974097241802
"TCGA-B6-A402-01A",0.213063566332991,0.52333070468359,0.357914563626568,0.757545518528311,0.341760674669194,0.472286084275606,0.180389356097888,0.743628047442287,0.494358451837144,0.483156845105976,0.725556108097296,0.511173773448366,0.43652045876856,0.280319298709439,0.482898925018395,0.272940245963923,0.321359158584992
"TCGA-A2-A0YJ-01A",0.234015104850228,0.48992157673699,0.338459815416238,0.721012668330852,0.396791769990697,0.480252328698234,0.213561840054166,0.731534152860372,0.585675394974879,0.504840542344161,0.748988786224054,0.545185300352714,0.476581541139568,0.232537287789808,0.525546804191883,0.262223372331226,0.334742301338112
"TCGA-D8-A141-01A",0.537861828213133,0.745432183912159,0.664532604913649,0.842438338603322,0.425187830686988,0.388159979364243,0.439685916560448,0.722335932482089,0.781745149863956,0.515298784348749,0.770736910398391,0.602503541826598,0.518419322735193,0.484128779023136,0.555024893204766,0.343278692919704,0.437296284752026
"TCGA-AR-A1AN-01A",0.238938593637759,0.488200835619535,0.416753270733296,0.839671655676642,0.413793303621251,0.39140692927188,0.237759871483989,0.729506067349602,0.723223991749456,0.528097261115745,0.778478624401434,0.56142446292001,0.522552879942275,0.317444282449524,0.544533823784209,0.335305869584282,0.293067348959709
"TCGA-BH-A18S-01A",0.165994712572828,0.422602433877063,0.356518085464314,0.697257686725491,0.368408420310321,0.298116643877597,0.190049839538507,0.660826719908556,0.485017872846285,0.419462280561946,0.577292668750911,0.54432233393107,0.497603736769831,0.25943456994098,0.507256137329179,0.211126708786401,0.261699778304199
"TCGA-GM-A2DH-01A",0.518628497080925,0.746288845532433,0.634951679693254,0.76337264559438,0.386312620910657,0.399144233244528,0.427031582396139,0.744318303598064,0.525824238451823,0.466769243248985,0.685173519598118,0.571294485033114,0.478168600170748,0.37860342217077,0.534951023245957,0.352222950828458,0.433066473077042
"TCGA-AC-A23H-01A",0.247610128611018,0.549928038455926,0.381161035138226,0.798083410844051,0.367612340057873,0.390580965096632,0.239254706643101,0.718732649497013,0.649563876871303,0.450081797499482,0.776462531332371,0.539458872247554,0.455945454046323,0.237309763697568,0.495039012074419,0.258016331170374,0.29947144559538
"TCGA-OL-A5RZ-01A",0.16227340730286,0.362862065450814,0.338579200412158,0.697518278299052,0.377327812994324,0.368532436174515,0.180177920032675,0.749465105701891,0.47781169403186,0.48327762671358,0.682995451758946,0.55790771758291,0.471748621132746,0.306375055248582,0.432965282188898,0.298461477529466,0.347310565788395
"TCGA-OL-A5RX-01A",0.267301653280093,0.495550296875552,0.444124065008051,0.802226804567047,0.397274647455754,0.403075618587332,0.223368638936209,0.747888579893257,0.607680882318586,0.457836454510686,0.81053824849009,0.571458190782819,0.527023485063262,0.30950280233682,0.464296779576952,0.305601232438281,0.406125459487025
"TCGA-C8-A273-01A",0.250804135024194,0.520516156423427,0.402722562144993,0.807738841824758,0.385714148782511,0.393811540129021,0.264657642011736,0.787624803223199,0.678714892394643,0.467055209810805,0.777081006029153,0.536173935778813,0.489550398960263,0.301334575788224,0.480704349285188,0.246093942409403,0.307445600039075
"TCGA-A2-A0CK-01A",0.323276594999139,0.542321187521029,0.45880574903848,0.792384937434964,0.376247591886989,0.378870319312905,0.254083854540403,0.716797280895558,0.564009708669988,0.474243576410722,0.731122073810014,0.58831773596553,0.515000556590523,0.357454606576474,0.458994193208975,0.311287786415855,0.336228774393304
"TCGA-B6-A0X7-01A",0.207561468474941,0.497121940327229,0.359697611722512,0.812694010885582,0.384429762861523,0.376142914195898,0.166168902722629,0.70680091314988,0.698188256247012,0.527500754309426,0.717377979548712,0.561899601901258,0.511547080366151,0.283480873238626,0.468712350957417,0.284320402544832,0.332759330547925
"TCGA-A2-A4RY-01A",0.251683616658933,0.494646472253669,0.476649746141559,0.820116287391023,0.40199511953762,0.385733924793067,0.230027777400206,0.730337385769647,0.666105842237069,0.525073429557316,0.778065169400177,0.572119700991031,0.542143359898507,0.367892707983148,0.468505945379053,0.341606923231092,0.421710813725094
"TCGA-E2-A1L9-01A",0.291865611306147,0.58602727936276,0.431193829490349,0.855256882362068,0.420305103286326,0.40593526177427,0.308186761295746,0.746494510003783,0.734805943930303,0.532890711632009,0.807279599043551,0.55043731242102,0.487273179155814,0.279902661746581,0.551302727633719,0.330740716431428,0.284675513393976
"TCGA-BH-A8FY-01A",0.132465613162407,0.406247250478819,0.32863250003147,0.581524449855699,0.369639138743643,0.320105125035199,0.172234691703581,0.664833428498114,0.464932864127288,0.399903058567778,0.649974615035404,0.535788316734578,0.493520794857455,0.254209538948288,0.434052885560317,0.262323933251608,0.202808145043106
"TCGA-E2-A9RU-01A",0.306128185963517,0.605356524207415,0.452985089709661,0.825456340895809,0.390963268434799,0.406142796178173,0.344365076586652,0.744656348601536,0.671258307650694,0.482540249169884,0.72683754264662,0.531122448764167,0.469096082348036,0.27077908331435,0.537559343377548,0.223518731986268,0.303353651684036
"TCGA-AC-A3QP-01A",0.269993913504458,0.479132612578027,0.49086791643513,0.829183008022905,0.418999308199383,0.401044851405476,0.254021025670892,0.735314273911794,0.661095674690959,0.490940103468635,0.753568912948445,0.585210315223671,0.525028707845646,0.319893007540462,0.513203712062452,0.277011060304531,0.390628268617688
"TCGA-A7-A13E-01A",0.166856358592804,0.443983848632567,0.346119546007372,0.757025558716956,0.372840855747839,0.397583660403741,0.239399839121228,0.729136760481361,0.525980095807668,0.43308367511716,0.700400183453275,0.518861352629603,0.466079293451443,0.232934218583468,0.518277052108721,0.241331207625203,0.359241410301644
"TCGA-BH-A0DH-01A",0.311827742590763,0.580842516873083,0.433817088798209,0.760239785291227,0.403969444581322,0.392302300458627,0.270182795523614,0.748968271727407,0.53398804014725,0.388340277243286,0.719567910155437,0.558202225133934,0.53136831180665,0.305465756672934,0.49169225452756,0.290380888445429,0.355210682508562
"TCGA-A8-A09W-01A",0.314468960768138,0.585598696684403,0.475005688598557,0.773803291376269,0.436882884811444,0.3849514572778,0.264544755324649,0.676331454201055,0.632842435841373,0.47555289086389,0.696931393589945,0.539891391329233,0.473776152928808,0.315711962530273,0.532134164188348,0.307899577726772,0.331392579073195
"TCGA-B6-A0RV-01A",0.360575226989086,0.582806877759146,0.488634672284502,0.75951145183143,0.38800976195281,0.397316201323432,0.276847231494021,0.707379474947426,0.583682635211898,0.463355080974801,0.683063610842519,0.570982111199172,0.491495895314442,0.348218419296316,0.485823512952581,0.320378562597066,0.39041593550776
"TCGA-D8-A1JT-01A",0.274787480863124,0.575313091172726,0.458005417931551,0.687075221062938,0.384367505294286,0.37018257449863,0.324797810954364,0.69895739725819,0.420577808327096,0.46793118158925,0.623509009749122,0.534633354331986,0.477176500868258,0.243994138753373,0.507670365879117,0.255976767773906,0.232362562306466
"TCGA-E9-A1R3-01A",0.270351580176014,0.589312543788298,0.427207519824853,0.852265466394633,0.440004133369667,0.390351992648188,0.274321688042786,0.776274798752491,0.747067454298793,0.536688501955427,0.777685067289687,0.563540500385712,0.508036077531667,0.273189685842141,0.565417962671459,0.361016748685779,0.331547674297662
"TCGA-B6-A401-01A",0.28110822279437,0.507441386232615,0.502963220903901,0.833659343539122,0.421907516328513,0.419135895794344,0.268460228385876,0.780809932646904,0.651817587871602,0.467356050647332,0.771370143399014,0.562071068079344,0.499981165424711,0.34554883571739,0.509701339351675,0.331324854011011,0.379967795525355
"TCGA-E2-A570-01A",0.160363371845976,0.429071865144593,0.344997461207054,0.82731918087753,0.364891913358113,0.398397551620337,0.22298048820109,0.768655313272591,0.717860313363067,0.501386041398511,0.769716949131542,0.553953789580311,0.502091908823248,0.255144550810558,0.4643448159847,0.195595639622224,0.256880059651692
"TCGA-A8-A07O-01A",0.376851331184225,0.6124664132494,0.531761240904608,0.777271603556888,0.406133580830526,0.473125781633866,0.295060985751941,0.736906203122083,0.636293101219108,0.450768937572112,0.709287623659155,0.541481830930479,0.451308462164169,0.355785401803048,0.579012797107124,0.293770613568712,0.352752266572978
"TCGA-C8-A275-01A",0.536366310865537,0.764533219746534,0.63396203247506,0.786419230247784,0.431061700737218,0.392359961818502,0.434888721506843,0.736016884025577,0.571532962734453,0.480352137018631,0.708575393596483,0.556852462036212,0.475228901572213,0.406340793735654,0.589654077043027,0.401314978024022,0.446819542823465
"TCGA-S3-AA0Z-01A",0.405635957217579,0.648616226605907,0.530266210295641,0.716424813845307,0.386361555798062,0.458927044825499,0.352692322941188,0.565988120136372,0.509782421306339,0.421811665420156,0.657161869414062,0.568671680772824,0.5598859079513,0.380466458722496,0.513280281812243,0.264703371335481,0.409997604280559
"TCGA-E2-A1LA-01A",0.57349571501053,0.789362034874675,0.672295090719798,0.846354840685364,0.451884245570537,0.431657432359118,0.434052864903223,0.740931530273819,0.644720351029832,0.389528405087966,0.753118143672024,0.57655338909403,0.517275495791633,0.432670433927109,0.555905479196438,0.278960719879424,0.396549716333032
"TCGA-E9-A229-01A",0.328451674598014,0.623501278169165,0.464926571704475,0.837397910709468,0.383834884694402,0.404549695585914,0.321682999985938,0.778667441983807,0.759500793440749,0.48665848185719,0.770441060666731,0.553228113502506,0.501171896236369,0.306332134938668,0.544276582648201,0.240148739394989,0.349203509902602
"TCGA-A2-A04P-01A",0.389645981833569,0.722377408733333,0.585980407627962,0.801089960595433,0.420067629171453,0.476112667746176,0.363433824784983,0.715385287891071,0.57152484858354,0.554658797882079,0.802877362772722,0.556483845094792,0.461283027470103,0.359233939958369,0.477654736738024,0.334965836130064,0.491910293777898
"TCGA-E2-A10F-01A",0.400919659260686,0.6537150898349,0.496687572749198,0.834480221825548,0.422900248173901,0.397787578467377,0.328392790527254,0.659745869154801,0.734655849338554,0.490165111497702,0.78995900050559,0.574632578539835,0.525907689454334,0.338249065661061,0.577271479503291,0.281021502267542,0.315799514696393
"TCGA-D8-A1XM-01A",0.3934738234147,0.62292140634812,0.502699176156923,0.813347060614437,0.437782012961042,0.410155627963938,0.327236487547388,0.767157499232768,0.715570671597197,0.496874602155157,0.759897111274799,0.571321049857225,0.508700943232861,0.336168157417057,0.562020984371348,0.39283597359743,0.366984507490224
"TCGA-AN-A0FW-01A",0.278458168706565,0.481151896341459,0.438162261417199,0.774543388762693,0.410493899056184,0.407208335766165,0.237462724701131,0.700250278658518,0.583822798079892,0.388943085605354,0.669872064191157,0.545254342507024,0.519185175756303,0.332122778337469,0.452250669621416,0.369649627330993,0.330818549464714
"TCGA-LL-A6FQ-01A",0.249084739402787,0.499114265080489,0.410885282409183,0.755043264368133,0.39100357089887,0.348341609314718,0.268730225325927,0.734137831211657,0.593723523325633,0.334298603140781,0.703692938566004,0.543989939182551,0.49957335222666,0.281958405242249,0.492000487142878,0.304685550279872,0.255170264008128
"TCGA-E2-A1LS-01A",0.234954852672041,0.548871180917227,0.385933773505247,0.688518113677968,0.324411139295959,0.445409160734343,0.190435915479042,0.596731376923142,0.478058461436377,0.419334875018019,0.636452401134482,0.5460830217573,0.444401448566197,0.250630833926777,0.42527225037203,0.266726528345346,0.318944751625285
"TCGA-B6-A0RS-01A",0.47527570840529,0.726363002394958,0.560845429850553,0.817629597000486,0.418001327725399,0.415631351129909,0.368464400520238,0.761467392787077,0.648494789191132,0.501870476306976,0.744516657989321,0.569189394931945,0.477891235218815,0.361997781236069,0.570040356909075,0.351179003424901,0.381267595593404
"TCGA-AO-A0J7-01A",0.206915316783889,0.478436499509258,0.350217970445136,0.767738735669482,0.332421176804605,0.360928634087306,0.221611512913961,0.692461343069979,0.600940378235637,0.438545144162159,0.703185387151641,0.521231030900541,0.494294732191869,0.235846290358326,0.462908091293841,0.156871122175788,0.259718453933337
"TCGA-E9-A3X8-01A",0.473293815502325,0.620332567391176,0.598545471551298,0.822291602828068,0.424164042160281,0.405569856371036,0.342183400126457,0.755175166452168,0.650199270381854,0.4878926457106,0.784997121319418,0.585822443222805,0.543710262946756,0.464482272933187,0.499773117700341,0.349060899461613,0.389142257824451
"TCGA-B6-A3ZX-01A",0.495967302102924,0.656732698231587,0.688653554002042,0.739208228939008,0.422300868726809,0.431703291597901,0.447226318381529,0.645252603044768,0.498539153026381,0.514021844366258,0.711544628406482,0.597037462360245,0.523021697883569,0.459091389678241,0.464824620891311,0.351973687317665,0.616304281712807
"TCGA-C8-A3M7-01A",0.32875424411355,0.571910415290522,0.434533930540578,0.789098245166377,0.402072826893082,0.405769705127608,0.22259062154692,0.777417807748985,0.574180127350479,0.597615355734529,0.749775196599625,0.586879550090664,0.500539995048198,0.358978513564964,0.480947711786942,0.371271866754633,0.387007072784636
"TCGA-A2-A0T0-01A",0.393021225878253,0.66496648704871,0.484832069758564,0.815335812379134,0.381712851193811,0.49698878173956,0.319804473061903,0.760568773375046,0.660309128203152,0.486729177535826,0.74490063077649,0.559535215979465,0.459174441232169,0.32078251534985,0.56037877409107,0.335132178519413,0.346552431465154
"TCGA-OL-A66J-01A",0.2638749446778,0.478275948635565,0.403896105744566,0.824511066141152,0.443289032449283,0.395559264221119,0.239731822127703,0.756993062364659,0.606130848946914,0.486066266700201,0.754745512940593,0.592005915963665,0.522911280694492,0.325882448775281,0.529304630904463,0.365685637849284,0.323428418916203
"TCGA-EW-A6SC-01A",0.247749376846623,0.518409937388787,0.428958648796535,0.828553098187555,0.437185109704101,0.422987577960595,0.262673372918863,0.768153254233777,0.706840769449758,0.494275027373218,0.802104634499038,0.551817840374474,0.49091525253263,0.309293183970974,0.51834008315476,0.315426685155656,0.354981398958086
"TCGA-AN-A0AJ-01A",0.53609252910206,0.76825458695076,0.611603523848828,0.801674835422748,0.403840786967077,0.360366472381886,0.427083037653904,0.737825595669399,0.62433443569939,0.41219379683093,0.690639730338982,0.576402859139197,0.472435436670654,0.386668481891545,0.595117615832715,0.386256860300782,0.407866003939701
"TCGA-BH-A0DV-01A",0.225304709105113,0.44860148338948,0.423465072910883,0.843555386864507,0.446994959002429,0.418070101178455,0.225957992466618,0.790795791804004,0.774551138368709,0.57804816297055,0.804065834833734,0.574309415526247,0.528564508513073,0.352180380331782,0.56627003591269,0.382351986521797,0.389988852714039
"TCGA-AQ-A54O-01A",0.288068715589275,0.535292411323515,0.494165444394134,0.758402157810228,0.405270198227793,0.340636322871132,0.285298247834003,0.723389172458513,0.551471191625791,0.449737025125452,0.661716708192118,0.536826601850505,0.495593888175479,0.325804226422873,0.461928769008375,0.197176778741402,0.316787905977325
"TCGA-A2-A0CU-01A",0.211200476960979,0.44386677183584,0.36837232149397,0.759803553191196,0.411078197158516,0.392530489602758,0.212180055846777,0.750578468439889,0.527141319674648,0.482765886139696,0.731797530421756,0.530543404526166,0.500650074544635,0.264359212362552,0.424350146373886,0.305823256392497,0.319732213013921
"TCGA-AR-A2LH-01A",0.475194386216331,0.644288807567573,0.616180301754024,0.806075148975532,0.462592819680773,0.436948518498033,0.346024250234121,0.774618931078626,0.603084513269436,0.544690503937204,0.793065959827179,0.589018157138231,0.51686443359345,0.429278518457316,0.540933135150375,0.429154298619589,0.464829055632218
"TCGA-BH-A0AU-01A",0.377045564608559,0.645500262557272,0.486637582501678,0.801048038095558,0.406745792939522,0.354963725393009,0.317619876694191,0.718715506022549,0.673433654961584,0.448568998829202,0.741009433139534,0.53887441293346,0.500774375011939,0.307845942530418,0.487935847571771,0.270988092348488,0.383022465203565
"TCGA-A8-A09D-01A",0.295419125892681,0.549172075931473,0.443998341769905,0.8292837069691,0.442275002415882,0.381085862894839,0.308932034072168,0.803163561320244,0.68777635568891,0.461871453558903,0.772614576904969,0.573002137170498,0.492526436348094,0.334896812242142,0.600847748891673,0.377535243274664,0.310779804238617
"TCGA-D8-A1Y1-01A",0.237789239573303,0.522872538448422,0.440134931553274,0.837155990831491,0.386025470220624,0.380002297747682,0.2813795169055,0.730120416127156,0.711100074152512,0.398318858463754,0.742246651201196,0.539999121170509,0.492741077979383,0.316274706973395,0.562705991176289,0.269094931690901,0.217827954819084
"TCGA-AO-A1KP-01A",0.110286379068688,0.471472341588785,0.339963159467137,0.743409448204155,0.333292734348249,0.348585560316825,0.19827649914499,0.733523776572805,0.569555061848224,0.447083898914002,0.645527483623852,0.529670469423771,0.471126641007201,0.216304487435906,0.370937665164336,0.176864333623974,0.236980353334636
"TCGA-A8-A092-01A",0.260334243979243,0.540264409057892,0.419261417031687,0.776932833150631,0.392627372565671,0.406824558378027,0.293134824580008,0.746598335207679,0.610925137443338,0.433558990769754,0.695694403194368,0.548120369303016,0.471968786424856,0.246922610290872,0.523217226253711,0.243218397020782,0.2974409796183
"TCGA-A8-A09G-01A",0.46619929886605,0.69962155708713,0.567468226516705,0.718675175178504,0.402730484852433,0.369724476727705,0.345617486238603,0.741892332660979,0.558415294799839,0.499780274475095,0.662784922225421,0.57515877104991,0.473045550983572,0.38535199769324,0.511436067653034,0.366603832460662,0.427736341203191
"TCGA-E9-A1RD-01A",0.21605976821433,0.510500466950784,0.385220842904818,0.76131411184581,0.394131071480605,0.359395791550316,0.231928565791356,0.709344263118072,0.631794506462785,0.384385731296882,0.675271014109333,0.540177115116357,0.483688408148933,0.293335537960061,0.473108569944879,0.207824746395856,0.276719552654813
"TCGA-OL-A6VO-01A",0.367424968697777,0.637475160416476,0.495640321627648,0.733061491685101,0.369259823032992,0.44345131375864,0.30792456654703,0.73821670620299,0.442422751200428,0.423348614952702,0.647464868030441,0.528780115241202,0.461102023382778,0.301046980595825,0.528425817409288,0.340094497854664,0.400810027941225
"TCGA-AO-A0J3-01A",0.27169446389595,0.533318070357141,0.385830921754061,0.579940368750499,0.344875482732602,0.347991128529468,0.210289233132539,0.777288228283837,0.357939766130784,0.407178562893153,0.587047406193463,0.534266998298229,0.493926744872968,0.321787536529496,0.411042370551178,0.209156101263116,0.282419074343112
"TCGA-AR-A1AO-01A",0.514073622772843,0.684782775758195,0.629837517943113,0.855098583919795,0.444085974513836,0.471395843847757,0.459663430047852,0.767587435389405,0.66545271033734,0.540392982657013,0.777342448206854,0.584348534768683,0.506943253356829,0.437352741878336,0.718205744167875,0.420355179332625,0.416336635641555
"TCGA-AR-A254-01A",0.463805461059339,0.71801815953987,0.56809228392627,0.839111112804952,0.421806995757324,0.396513459457661,0.401995361132329,0.756021807597302,0.705858104046387,0.518979523328392,0.740843284187989,0.566745934267956,0.480571216292645,0.348919486344098,0.627093243745593,0.343505804072974,0.3765947262466
"TCGA-D8-A27L-01A",0.310519222734648,0.564399718808,0.456591548902819,0.830693853684073,0.426529988053978,0.389434751804643,0.288257205837293,0.798686015717371,0.720315537314429,0.514501886448282,0.761056640874632,0.558245590425419,0.509582748923779,0.316748810479504,0.519153757425524,0.317787068988427,0.379958084056497
"TCGA-D8-A1J8-01A",0.59908192101561,0.840751210781707,0.668844771427182,0.813220572203303,0.37874699298381,0.39884253362479,0.484584844974762,0.711399760756301,0.683619865920415,0.528138418866133,0.69819926831368,0.573459340813767,0.47970391860483,0.388308558936802,0.581608396289411,0.345584257323497,0.346805078884232
"TCGA-GM-A4E0-01A",0.436434589351486,0.658781804673922,0.558342326551084,0.810216931647116,0.470214450694683,0.401564147138395,0.334621965913797,0.707466673415869,0.66627294968604,0.596100277335291,0.781271707883089,0.619283342287469,0.537192992100517,0.470292813561834,0.552471898264353,0.416642844228803,0.338512728908212
"TCGA-E2-A14X-01A",0.417556658772424,0.68019528808524,0.557644573080368,0.757937019869517,0.403529101897236,0.412575471616903,0.341735429649365,0.767449106977336,0.504985474170202,0.480503606937,0.744929007378032,0.555963859657748,0.48316900110965,0.347682038666047,0.503309215986121,0.343902471730821,0.506410276215931
"TCGA-AQ-A04H-01B",0.277001927369232,0.520487813661021,0.39619488419129,0.71467529273176,0.39227230666553,0.360106344830333,0.233626576895017,0.804166387161595,0.53461515760818,0.490972913014573,0.704615638412991,0.556454010752376,0.48992654676131,0.300400046224222,0.440682565174495,0.325178057810923,0.30924010438576
"TCGA-BH-A0BR-01A",0.355776826456112,0.617049119868145,0.47433152988645,0.854934358647291,0.437851014413214,0.417469131759037,0.33449583133545,0.771839290806414,0.73559391159267,0.561338947909899,0.79448705481315,0.555485955226128,0.501230222084778,0.321881232418231,0.601950943343487,0.380561963281316,0.321925372084137
"TCGA-BH-A0HY-01A",0.23753206421527,0.509658907011572,0.394651391475462,0.787482785329993,0.40143683712774,0.413430052996679,0.22287960498893,0.711705445695622,0.665834833263429,0.520443173991579,0.736499652842238,0.548558766817759,0.498528983728617,0.250805098128547,0.464472686922867,0.313774563200837,0.306519493452801
"TCGA-BH-A42U-01A",0.367121252358079,0.585335894879064,0.543176757513709,0.827646294432128,0.452478621859578,0.422060793386679,0.288517085986438,0.757868149483343,0.626506328007214,0.486234742049343,0.808777892187701,0.582745400861242,0.541810611527512,0.43379959942827,0.470527287020629,0.386283750406897,0.445330831216062
"TCGA-A8-A08T-01A",0.195728469103493,0.45656677923817,0.395712821955406,0.795246961202037,0.385757151563708,0.357479334089973,0.232797491494127,0.792244991839706,0.600736339967935,0.527769528849149,0.701968384364475,0.551360944776995,0.497123136835004,0.276390174800588,0.504625625538286,0.241152456960732,0.3457935760918
"TCGA-A7-A13H-01A",0.404818173742331,0.645424051910125,0.524670998235225,0.817213792167315,0.41399835602494,0.382100074078575,0.352651399273113,0.723951788915611,0.642501180546952,0.494484478302919,0.741761789145026,0.585092032014022,0.535789226674771,0.36009083571114,0.594197772038348,0.401048172711318,0.376821699423048
"TCGA-A2-A0CW-01A",0.40844458670906,0.681045127093711,0.507008110294053,0.735413609143876,0.39090903772245,0.388639732806596,0.333948594076228,0.712760019930963,0.47787773828263,0.314518732546379,0.651710384440586,0.551441560275095,0.518268739977094,0.306573495521341,0.444904994103494,0.283706636120248,0.328715235481018
"TCGA-AN-A041-01A",0.223086922354913,0.514980692332413,0.380288937893293,0.804049040232255,0.389868355502252,0.39830057535117,0.206175829605407,0.756066993602122,0.699726168058835,0.506033413568844,0.775943433364023,0.545460852931155,0.499230476754561,0.283315330958169,0.449495465354107,0.238050514500297,0.324063844456287
"TCGA-AC-A3W5-01A",0.47060009853654,0.711142997900327,0.575806786998896,0.851560433195244,0.448842615154682,0.418484252070843,0.372776467289322,0.79280250610098,0.738299711232757,0.559458709628997,0.793563304577804,0.583244661978716,0.512168230167448,0.383644100069686,0.569053040061828,0.31087694341012,0.40895984385949
"TCGA-A2-A0D0-01A",0.545494085607591,0.725571095768908,0.625210182244877,0.703238174677407,0.373081651907291,0.511714764059264,0.391196398029912,0.679834856201036,0.531133572912398,0.428397926924391,0.653882390578433,0.5423810433671,0.482215756228289,0.404634613362931,0.499896297782997,0.268038537336153,0.334682437489451
"TCGA-EW-A1PA-01A",0.325276685759349,0.59713604748713,0.445427029726221,0.778490434214018,0.390149577879873,0.40082115910023,0.262327450082312,0.772208144604208,0.578649407579068,0.493184413209467,0.711439911351104,0.547024170263275,0.493705265144825,0.278616628442857,0.467844919036205,0.272844303527699,0.377282605529804
"TCGA-E9-A227-01A",0.430264708668489,0.622246384861574,0.576704173247858,0.801591170080312,0.436185981017708,0.369297419717925,0.317097264020919,0.686938757302447,0.630633377357706,0.413143748059682,0.754826706151324,0.584335277342834,0.507167588184584,0.427097142470226,0.500885114935854,0.427460870983422,0.35894342891267
"TCGA-E9-A2JS-01A",0.258530852281585,0.535861097513358,0.40588716300086,0.787712879535739,0.395247473456897,0.404341505113192,0.279591117746672,0.747487871488795,0.594145374456355,0.384329932865575,0.730650765505397,0.522364311184594,0.473595461544571,0.270933242669115,0.468769748130936,0.204140072649765,0.274272053980367
"TCGA-C8-A1HM-01A",0.739433590250037,0.835875969756099,0.76547867245654,0.71267955834423,0.378043455124086,0.336384838232495,0.585770111995029,0.719425054618381,0.495348024807051,0.425794041052385,0.601930206308624,0.584144294056542,0.481416218254311,0.498936793312306,0.548138027471221,0.355106811797299,0.41881035060876
"TCGA-OL-A5DA-01A",0.384847965679499,0.642275852367627,0.489110218853598,0.781113774054691,0.332354397720837,0.353079165771959,0.294527841325796,0.671672671105625,0.589399986334501,0.462065979274721,0.684758350421244,0.586886222118941,0.505771612250036,0.312980844071465,0.412578650426365,0.225717972811401,0.326996680159797
"TCGA-A8-A08L-01A",0.474908977566167,0.709112824418417,0.559988910978644,0.740426122018809,0.39565665408242,0.363230513099334,0.349557715578357,0.736751839201262,0.525959411283124,0.497962682806324,0.69580401479731,0.563231872820839,0.501495496943101,0.374570566841466,0.483599611133428,0.30604678818364,0.420087777231685
"TCGA-AR-A24N-01A",0.238995020093554,0.520501550561094,0.421702711710179,0.7905588377222,0.381956201293469,0.381042855582077,0.247413848076206,0.721349208441877,0.643238368737124,0.449207155754907,0.708052805334538,0.553630418640365,0.516479179060181,0.325280810023223,0.467008410866793,0.23152165291951,0.375439604788011
"TCGA-E2-A14Q-01A",0.313246267365459,0.581958979518988,0.454651499900218,0.790050615043284,0.363646124216501,0.403460963028521,0.235303581358809,0.749475231953794,0.592646868281832,0.437840179795743,0.71814776151276,0.568311929553411,0.513068336375426,0.355970388388278,0.452872493698491,0.284880766434094,0.340899935022742
"TCGA-AN-A0FK-01A",0.228075395322502,0.494804918578681,0.387020142543454,0.765921355785932,0.378574673641582,0.351521847941137,0.216520959679493,0.696954101255569,0.597665945725096,0.45802570638786,0.675802840870764,0.539399656360328,0.507711434062026,0.291234321862149,0.489231604093089,0.261953732602614,0.34737541717973
"TCGA-E2-A154-01A",0.152231708076275,0.459007188136414,0.320504448186856,0.80419820136069,0.353499613645276,0.394534241496487,0.147211835575818,0.728363561609306,0.678176912068409,0.450671926002744,0.743358305142792,0.528616385875636,0.499852690126453,0.216175379004503,0.486133313059356,0.190004152872524,0.180984384860046
"TCGA-5T-A9QA-01A",0.224674247610021,0.448084156964524,0.348440730361757,0.53807974729262,0.35985340419927,0.35272374775621,0.190059683800904,0.75332172699641,0.39865069746418,0.413129123080732,0.561348384622889,0.549945510149106,0.473764012725513,0.281865023860901,0.390053279636935,0.244664834012038,0.184114679017462
"TCGA-AR-A5QQ-01A",0.566745372751112,0.747843683747114,0.676939040803897,0.832888011510755,0.464709414350815,0.559417757425508,0.557358050125753,0.645004238791657,0.690425595527918,0.505548483879683,0.81732936700243,0.584424836751877,0.505267213335872,0.446828192737194,0.595056339714633,0.489919537259656,0.454570250957765
"TCGA-AC-A3YJ-01A",0.235659376105922,0.473129567660662,0.414037074222005,0.668760913114302,0.400460955645331,0.312121482514267,0.251649192939492,0.70523155715287,0.452206958095551,0.384716991832494,0.622512196356591,0.541721770005036,0.487191685629116,0.309997597822221,0.481334721183836,0.252610197779685,0.282262723490733
"TCGA-A8-A07L-01A",0.182673717965791,0.459613992509646,0.395268635878778,0.778981670976904,0.386073169412139,0.393591967580884,0.205397469275535,0.724040161175212,0.625295880770953,0.425918006294567,0.710746614740582,0.553136036683011,0.484322205948964,0.235039038832435,0.469883056537896,0.200357915386706,0.288912297996787
"TCGA-A2-A0YF-01A",0.257853476714542,0.549884659802187,0.412745372037483,0.718914317150088,0.42306690817136,0.36476589529523,0.24924965154166,0.721592003365388,0.559668875070586,0.381750236849583,0.651337986786001,0.556918548292985,0.47962815428238,0.24083644151707,0.532813052417869,0.319565022655918,0.340995841286028
"TCGA-E9-A1N8-01A",0.270785762014635,0.563258430249279,0.372879716223765,0.726620391438473,0.341344834502236,0.481156183868793,0.227788302726006,0.679293204438523,0.502845127521172,0.399535489721128,0.662014838915042,0.528074230196302,0.490232003565372,0.281524244546518,0.446007849748304,0.256124312997935,0.28995047486087
"TCGA-BH-A0H6-01A",0.159893063022976,0.450078790357255,0.332750072710577,0.815407914339791,0.436226482457957,0.380894429531982,0.216383175952991,0.79332296459135,0.669111684102918,0.483379431050323,0.735940553100686,0.56249920683653,0.497539553825339,0.273029743015157,0.47659952278898,0.206583655886583,0.28605126149295
"TCGA-A8-A09A-01A",0.403697187767998,0.663230809825304,0.481758177358411,0.817021707000602,0.428489376016203,0.423094108475281,0.294522262463977,0.786474623754066,0.673347880259581,0.490442109642479,0.785382679049805,0.574289306626387,0.501808719088111,0.303918042153645,0.524310532383065,0.284074601905359,0.353146769422309
"TCGA-A8-A0AD-01A",0.177593251064443,0.473255900246752,0.383685153833269,0.795410269615652,0.403213222060453,0.379619416677368,0.270324128658131,0.72463986516628,0.693330933619316,0.514324960212801,0.747065793889913,0.557713610444233,0.506631402479956,0.297808053317892,0.544671477733614,0.194172367876746,0.238715577206283
"TCGA-D8-A27V-01A",0.313865327631186,0.572920658413178,0.430506614995358,0.778706598134331,0.377326074296585,0.404943197628524,0.253698520067237,0.747011278283832,0.634967952775192,0.530003763635476,0.663073734649911,0.573636732635188,0.498403289201639,0.34212458301056,0.460670786729141,0.285676146524157,0.296237379866654
"TCGA-GM-A2DD-01A",0.543142221732708,0.770411920367225,0.700992131600287,0.829956830714887,0.483096219121694,0.444670763603765,0.435448254623327,0.732673137376969,0.695271354177555,0.553209325888547,0.795870712616486,0.614290009390654,0.50243435930064,0.484211431430601,0.587178668313182,0.383385122903095,0.409509778800712
"TCGA-A2-A0T4-01A",0.402075535787583,0.637559465884866,0.501999794890793,0.826107033236754,0.4528106218564,0.437260588077428,0.321946534754464,0.772642511986331,0.694590428738942,0.51043795636365,0.71905674834388,0.563138090038807,0.494952497148171,0.357861174543568,0.57799997222714,0.406834595372457,0.35710965186411
"TCGA-E9-A2JT-01A",0.619756923937296,0.760084328018093,0.761689457731588,0.760980225804627,0.424686642321355,0.370018603594858,0.494343520429327,0.648939299182139,0.543586040682743,0.510470256036284,0.713389091376385,0.641258604288059,0.525949780119456,0.559976476695141,0.505806039371408,0.388288816308508,0.692704134476486
"TCGA-BH-A203-01A",0.439357689904086,0.709633558032558,0.533101658196341,0.793342304284442,0.432288029234067,0.410045205449752,0.339453127618089,0.714108041523921,0.699338866763704,0.540370438034407,0.744095900621067,0.54857962426646,0.450321148309068,0.328446774873254,0.549264685168947,0.332894466425574,0.395899724190046
"TCGA-D8-A1JL-01A",0.538510112655588,0.791350198397354,0.658616942816708,0.83945723061509,0.379578922049583,0.438953191714814,0.489951546667142,0.738832014667018,0.61328307474364,0.525025401864791,0.720248457881492,0.561908135090108,0.480164034840317,0.414355313088259,0.581829920571097,0.363019848421292,0.412707654084317
"TCGA-B6-A1KF-01A",0.049012298284467,0.312481527436668,0.211333652908801,0.738672971220488,0.329256704222221,0.443635512796537,0.0698662842761789,0.683972343774757,0.600897626925583,0.452160553983166,0.763293525626398,0.543553145930157,0.430116099623688,0.169457945977198,0.431503296317414,0.2586146998246,0.292611610835901
"TCGA-AN-A03X-01A",0.260962835474439,0.523554510240911,0.384688114239364,0.85393765537009,0.407377833456283,0.405239269290814,0.229270683246727,0.791102961990339,0.770180810747914,0.452141128748083,0.775786140830795,0.574543527348954,0.502282019588783,0.302825228382609,0.54004656611558,0.232426073433948,0.297410512874938
"TCGA-BH-A18M-01A",0.253529476465442,0.510862571382198,0.433649669742499,0.820956312474067,0.42559072696585,0.410100983761835,0.232342430267608,0.732288981090269,0.713397402963594,0.519267124247645,0.76597820343762,0.564164988678632,0.509272960118396,0.345140740028883,0.499094500126776,0.308773204240978,0.345297625866439
"TCGA-EW-A2FV-01A",0.429848595943616,0.670250172409487,0.52951760335065,0.797452964100587,0.433349922978311,0.426613355715935,0.320974977933996,0.800383465947462,0.61234243761014,0.470932637356926,0.72084503721253,0.584910543540169,0.50343478048447,0.390255940618037,0.529972624043555,0.330071908570451,0.387677124304375
"TCGA-BH-A1FJ-01A",0.118684749932662,0.425946128923541,0.307592276401782,0.7447962593158,0.368942327566416,0.373030346033035,0.161571435738299,0.660214682552335,0.530030463462972,0.424084844964349,0.662866249974859,0.516854615628681,0.471306946597042,0.227767548778171,0.447701045104458,0.270377945792616,0.227049220729294
"TCGA-AN-A0XR-01A",0.179992750330261,0.517188911129003,0.372459415328635,0.781590879857285,0.350267997178334,0.352577971946974,0.264010677703949,0.692226725045975,0.62015872003748,0.383312478176734,0.70926264715295,0.534679194830484,0.500790655120972,0.210408372365375,0.452308682721964,0.218272577890475,0.219490408577424
"TCGA-BH-A18R-01A",0.316461863725409,0.559619454202078,0.450268011775672,0.747217922080095,0.411708003260627,0.425798374409189,0.267507358703005,0.733380532290773,0.599981399897266,0.437228575183884,0.725428357538103,0.557762369784547,0.475794678191992,0.321441248196006,0.452689641276971,0.33877923005509,0.391143328897639
"TCGA-EW-A1OW-01A",0.364972250964029,0.643228538174672,0.485984054319499,0.84610122957259,0.378899321257514,0.510859446302756,0.321912378814531,0.751846580794871,0.653413668775923,0.532656337208548,0.808644245531869,0.545163912646634,0.494460315441955,0.299844896136319,0.532895597436289,0.297153111318461,0.396081696324221
"TCGA-LL-A5YM-01A",0.262954924221398,0.468721062024311,0.42821879517375,0.763404071165161,0.40618350570097,0.36657329682922,0.239063735622202,0.731918650397122,0.555361786978796,0.363835933845243,0.683553392723709,0.53052121031031,0.51418393255551,0.338640460016487,0.463318454321728,0.310859841603447,0.324725953726133
"TCGA-AO-A0J6-01A",0.558183764274272,0.777855385142061,0.65242612837601,0.721037888218769,0.343440934235459,0.529796366308138,0.42450733438537,0.707293753026892,0.465115803766242,0.405631363388154,0.609005502071809,0.555461779299241,0.512113640537532,0.446917612619237,0.525661146838525,0.271881907914812,0.386434120998209
"TCGA-AC-A2FO-01A",0.434264155556674,0.630457334998659,0.551613708062574,0.817097979562431,0.441743686099805,0.398124695195127,0.316153592021446,0.769196722175131,0.595948029195479,0.525355909718408,0.726782738780901,0.606126738926517,0.512160905391868,0.406843018830088,0.522956263720795,0.358393576240987,0.445895867963625
"TCGA-E2-A1IH-01A",0.523544249785338,0.730982057025997,0.64174043258706,0.85173538289113,0.453913275656454,0.431094393597212,0.397845096315216,0.731623092479997,0.756647019226329,0.525248377225982,0.760931123409062,0.589923343127924,0.50112803755021,0.408407554944667,0.59489998512282,0.364986955993254,0.450742941959972
"TCGA-AR-A1AX-01A",0.538433516990667,0.717030550544771,0.658108255613961,0.800794884756119,0.41903773998206,0.396057510825763,0.411218201116018,0.705783986182547,0.625278316660328,0.523536752889692,0.728492598785673,0.588812407731721,0.514472379732881,0.432670776809308,0.50947716865349,0.278215430729212,0.504863798614272
"TCGA-A8-A099-01A",0.305745506819376,0.591938608712923,0.41285230464004,0.761146133339504,0.380711851917165,0.327630410932238,0.264357292038569,0.694026657767938,0.602789924292004,0.472008435583458,0.639592365185835,0.544840398776065,0.496031198035002,0.28573053373455,0.487163829807214,0.281489012893668,0.264240869087545
"TCGA-LL-A5YN-01A",0.565358073524608,0.721367208079747,0.728794340247854,0.765156233808632,0.442406092068241,0.380100503083272,0.487843901902298,0.737390771892296,0.621747493204247,0.42553490778531,0.724525200972864,0.587950884894491,0.505200185956865,0.468211050996327,0.479832179755886,0.365150508502002,0.505150479188844
"TCGA-EW-A1J1-01A",0.461425591777298,0.696999617416145,0.530751649645136,0.724785045738394,0.371230038582966,0.311370934771002,0.364982592318237,0.733940323437221,0.502978465319623,0.402052762538977,0.639003688785057,0.56779899912892,0.481760833102279,0.336164606428212,0.443247485346592,0.280463594044914,0.353649954266773
"TCGA-E2-A1LG-01A",0.373084900690716,0.733573098541177,0.529409282401191,0.638424197896991,0.402077890999622,0.492119906641879,0.272393907439883,0.563001946092954,0.403960819661582,0.361682422346589,0.611814450875926,0.564662356643434,0.489932812769497,0.326429491312646,0.454277634745007,0.246271350690456,0.399142788025432
"TCGA-AR-A1AR-01A",0.48798924418726,0.705606160770252,0.587152363178725,0.79559046299914,0.430731579565733,0.445888445995225,0.403900144624223,0.703379225792634,0.594016942693856,0.543231786818037,0.714552705542855,0.556827700514185,0.481558155781131,0.390406430177236,0.624203371064447,0.410268597249693,0.385551981624216
"TCGA-E2-A107-01A",0.219641357177856,0.45583954720955,0.392170673637678,0.69076538009726,0.405068001597393,0.354123788303519,0.217661920379469,0.724685988685497,0.533968073141903,0.442748700027764,0.660278072041649,0.562270430961203,0.496865202336486,0.294640959000659,0.451513404300887,0.286889875731924,0.29088020158482
"TCGA-EW-A1P6-01A",0.20929741435718,0.453510694325096,0.383842885080675,0.813935315964279,0.382348489180281,0.394128212959332,0.214103365582577,0.750380309269767,0.634527378210936,0.462691776368419,0.689208804024048,0.541709115208868,0.483278047367435,0.282749302998191,0.45814601951942,0.240504592194562,0.385769330890055
"TCGA-C8-A27B-01A",0.548503210038947,0.832565453307866,0.663652638648648,0.738479490671968,0.391828299880534,0.506495016434161,0.464090239786329,0.766941676649866,0.507093081600552,0.499397523527433,0.680286527382916,0.560758497749408,0.438664873221604,0.375956581698657,0.567215082006904,0.33572384755289,0.45042989941506
"TCGA-GM-A2DL-01A",0.258260244875038,0.545569510846153,0.425819904729069,0.857825920702256,0.428472622682689,0.392942944057688,0.298993647174426,0.794000303588133,0.726135523786754,0.560342305514955,0.79427109252149,0.570472006547763,0.50876940232427,0.292814446877405,0.568818161769196,0.38000087910048,0.293167888334734
"TCGA-A7-A56D-01A",0.306096198577145,0.580232285670979,0.500949527000394,0.828429163852704,0.417342509039412,0.420694328815115,0.364439732905079,0.768025628594795,0.697376627815333,0.438567640532599,0.79191957972109,0.515595883991586,0.509764126457877,0.344296873395284,0.538425771803962,0.340569535912417,0.363483641154301
"TCGA-AC-A3OD-01A",0.410076733314428,0.664114908082173,0.49695593055888,0.725785324284302,0.403502805754253,0.349912482717007,0.347248435111297,0.667294677478094,0.571338402576272,0.506331440543601,0.62386586386758,0.532632078451302,0.454378060779974,0.364401883295584,0.572870108889147,0.286129909142432,0.395099102580757
"TCGA-AO-A03P-01A",0.300764446698923,0.601120960626782,0.421768863960828,0.752820307536375,0.37592135859301,0.369030813820042,0.251122120081899,0.713138687143923,0.549795168159349,0.441747651505896,0.674635133148216,0.556094890365959,0.483567782954213,0.263937381086747,0.468967707711058,0.232114697710518,0.316992470879425
"TCGA-D8-A1JH-01A",0.295818248566558,0.540045097170437,0.445640975166627,0.818854166448755,0.457361867096899,0.387339540939108,0.28983175627487,0.757490744507607,0.69047126156633,0.528110598426108,0.752385245031395,0.570989588396851,0.509678181236557,0.329932411168629,0.531245832594917,0.340714820683554,0.365885517434627
"TCGA-A1-A0SD-01A",0.301023240006385,0.596221693252954,0.43351862272711,0.830773176233372,0.42057392132255,0.418697993085845,0.265138380777522,0.781508786976062,0.652827746114653,0.496296036920828,0.778407780639642,0.563450932313394,0.509171610085538,0.308864842808657,0.52069724381884,0.337241336888559,0.367433308889441
"TCGA-AO-A1KO-01A",0.18838966569395,0.446413458226418,0.402479284379539,0.747361042413521,0.40266451326299,0.355038618168583,0.192832312430194,0.718320124830444,0.567076624019982,0.501479003956578,0.727002798169204,0.577732211399913,0.488788489138413,0.358997519099732,0.490465403981164,0.318228145756501,0.399475689920108
"TCGA-A2-A0SU-01A",0.319908859239872,0.566204097653737,0.451630136152465,0.799424180862283,0.404794874406089,0.426124178954347,0.253009003787453,0.742880136928549,0.631601504405877,0.484103499203637,0.738798408290437,0.567280554115131,0.523880853013759,0.312153570872792,0.480479177040057,0.325085830704885,0.354970172800571
"TCGA-AC-A3EH-01A",0.274188182871315,0.533911116653957,0.415798898651355,0.808164536685317,0.392013571843649,0.370755807145447,0.244892868376303,0.707554579761059,0.674348321524926,0.494158506631011,0.727817788409048,0.560587304749535,0.501003187910717,0.269973316400441,0.460979628786727,0.308744642440664,0.263524675322269
"TCGA-E2-A14O-01A",0.284284952814035,0.518332651825576,0.427236091129663,0.770563236718738,0.430466064122173,0.332609492695511,0.250820107298606,0.713917899755172,0.58652973686685,0.431312579505261,0.640241788227781,0.514943744378958,0.479371737902811,0.282478989538725,0.514903762790198,0.258637382542812,0.281878561165342
"TCGA-BH-A0DS-01A",0.347790944228084,0.570065725745984,0.482347723535596,0.818227240146596,0.442912323704167,0.39112574452476,0.288026948341344,0.790286066395227,0.630141518188966,0.548050303699159,0.711444653129825,0.569415729387806,0.487006517280602,0.33660026120075,0.583352853796311,0.350602278686166,0.360876717388628
"TCGA-S3-A6ZF-01A",0.338819261052199,0.592150671606626,0.497363373623405,0.793095584857587,0.405767137840303,0.389151993120872,0.308640058739549,0.773161521041621,0.621060210251582,0.472996959931663,0.719390652092307,0.559762750498037,0.481513947065112,0.320683597236686,0.518734912236675,0.271545409211917,0.404539267184542
"TCGA-A8-A09Z-01A",0.527590807745938,0.727940137871642,0.610448440159422,0.688134648840317,0.375113869633215,0.296920555034017,0.488368415928448,0.739585458627729,0.488630273568714,0.442458105499807,0.62518064106289,0.595852094806947,0.525562302238596,0.475808076417763,0.460935165218715,0.342082766625494,0.287629905684206
"TCGA-D8-A147-01A",0.376978710890036,0.653318738116621,0.523485693421064,0.793361037525161,0.378668846719704,0.518216632508596,0.357066574354689,0.726811626155699,0.60372454506956,0.490907633043294,0.710309350530744,0.547074342724228,0.491698312879148,0.311849934851572,0.537502204594182,0.30503425892805,0.405790664543164
"TCGA-BH-A0HP-01A",0.377374262199505,0.663690290195039,0.457859404667429,0.804796763960643,0.401297353731821,0.409082101926345,0.271998721311005,0.725218320259228,0.626080856336772,0.537956635713964,0.690772298497307,0.561040840779478,0.524068244895015,0.322258349015064,0.502581919344052,0.303887842306259,0.352415760392713
"TCGA-OL-A66P-01A",0.692151652594707,0.741474530529236,0.767007459237674,0.805321087003669,0.486780245774965,0.41599791069789,0.540173419220396,0.741333346218205,0.619596490621054,0.425056556405118,0.749438711543882,0.631656763204847,0.509926572797426,0.614291338724228,0.58854996879912,0.371489031814647,0.489593021687128
"TCGA-AQ-A1H3-01A",0.326561534049297,0.566271357723062,0.473136461538979,0.816059761896455,0.422048047930783,0.398985773076507,0.264861397374829,0.746812232430325,0.631711345977928,0.541768115168742,0.745825163372413,0.56965535018985,0.520083194775359,0.319550399748502,0.514122491669404,0.378032469889207,0.388640693949375
"TCGA-B6-A0RI-01A",0.177711323680626,0.465516389887192,0.346590098507921,0.839223127540836,0.395685702742698,0.426456191798898,0.248196462369803,0.753786864857688,0.713318275817767,0.442984656104335,0.800820153277064,0.542874439148251,0.509309261094771,0.245095131307516,0.510911547540132,0.216794120002819,0.239575078692618
"TCGA-A2-A0YE-01A",0.292622986411304,0.586036124665996,0.399740009217971,0.812247157395494,0.372187890221488,0.536557652970409,0.245504320362541,0.694106693764092,0.573558483918552,0.434128444889415,0.721030950973009,0.518983030415141,0.487006430635639,0.293498697498327,0.466465584541975,0.261709810877671,0.385582231736955
"TCGA-BH-A0BC-01A",0.394904864421382,0.650775667376074,0.523926085296634,0.818073997436498,0.434624288197957,0.41594870078596,0.361522007860335,0.750221724763038,0.704138446959794,0.495550930252829,0.742842391609671,0.562915639690462,0.508404735360938,0.355013013921628,0.558818867763341,0.305433001889284,0.391196873612593
"TCGA-B6-A40B-01A",0.181423011738352,0.43148892648851,0.381505353201423,0.838802243372346,0.392270391766688,0.373957945845287,0.254903218851331,0.730806808128192,0.73233097021765,0.484814403595466,0.7743339473978,0.552469846291098,0.502487148453429,0.277712109076397,0.493476531375214,0.296305420974229,0.329931356443131
"TCGA-E2-A150-01A",0.424358234792668,0.742115326675742,0.539888120481252,0.782358742768879,0.391944230493674,0.494010713767315,0.376032568787834,0.672676052897206,0.584027783174788,0.495214692943343,0.785280462761695,0.538885541454384,0.494677127570845,0.315916210458281,0.533231168823101,0.33536712358257,0.390704818408788
"TCGA-A8-A0A6-01A",0.53036665783267,0.751580081762708,0.619285706207473,0.79451968831112,0.406634436599879,0.414520185289012,0.383563162413416,0.716534509113453,0.639275387081646,0.501986564010361,0.736028787880565,0.591311590749859,0.495403669170376,0.432477211431834,0.558541818848132,0.361214233502235,0.439275276333802
"TCGA-AO-A125-01A",0.0575761291152434,0.378695481854038,0.307405570270188,0.505958283814348,0.323315937813894,0.285911892617655,0.0949028153301482,0.684626686866759,0.479100474880492,0.397185528576158,0.651099376585205,0.510168919349326,0.448385829477458,0.199712803240565,0.345733042107422,0.236739119646623,0.113864809059628
"TCGA-B6-A0I2-01A",0.686988404691704,0.837509904341421,0.754227685311795,0.677805205196396,0.368606374666713,0.442002307900096,0.509952530047224,0.692381897152005,0.436927305774736,0.404857491979169,0.620940162229773,0.576610131313888,0.495911149022803,0.492567215057662,0.502049986749813,0.298715416852677,0.484787963789369
"TCGA-AN-A049-01A",0.320967152977571,0.584018987663443,0.455573540907429,0.824447044105698,0.428987713977812,0.388518029158204,0.298524565364145,0.70090850628423,0.662381380213301,0.438535131764769,0.743975739669405,0.566915505817968,0.515551600931122,0.338283303446092,0.545262717700877,0.325558342978496,0.341998222511289
"TCGA-E9-A1RA-01A",0.271112798997129,0.520279707485861,0.473873650626016,0.800314213784824,0.387780833061459,0.37708011990624,0.240720552817362,0.75109168682441,0.634854000559611,0.468396436154612,0.753793529449193,0.555841744901958,0.491190104023224,0.351548257885613,0.480041118354401,0.254434428738846,0.382568748040141
"TCGA-A1-A0SF-01A",0.428122477412286,0.644384509251335,0.548949591980439,0.778838884541071,0.422061301573052,0.391945764773578,0.310807290603474,0.771292964462535,0.597545303278327,0.471114870649563,0.730956484048441,0.595290970876285,0.521806838753755,0.417664175331431,0.469598199465122,0.332113941848216,0.377871625530382
"TCGA-A8-A079-01A",0.247284629729188,0.515160985259692,0.412923539853404,0.730077624217015,0.399297435475392,0.353085826741757,0.258959208997759,0.723483981841788,0.574006817382079,0.400370724519958,0.660401503140241,0.512079907577523,0.498263131200547,0.260157268064504,0.498043344932707,0.208945299890229,0.34377597651017
"TCGA-S3-AA17-01A",0.604416844379642,0.769364299998122,0.718947584314911,0.787140262783683,0.419106786710169,0.35752856571497,0.532649125398491,0.684052538178413,0.527867573976576,0.492008288802025,0.697110877794271,0.594020010041947,0.528191402180877,0.476228426148562,0.528069384985814,0.376802307496065,0.468758282581861
"TCGA-BH-A0BA-01A",0.320914866651925,0.559924925711927,0.450176103377522,0.776202969950288,0.451744322919982,0.395502751268682,0.245498946489007,0.763185653646844,0.580149970397183,0.520539885229907,0.720130359407232,0.584661383100072,0.501460819554315,0.339517240585187,0.507017387020932,0.352117865251214,0.386344694839704
"TCGA-A2-A0D3-01A",0.372156623178987,0.604223111129398,0.514768230869186,0.74009349069819,0.338861894625773,0.335926103617893,0.2818937295537,0.698656830684487,0.489889686211332,0.459174684412852,0.66160360579929,0.579888470711075,0.49660018695802,0.343613531467673,0.42376885981573,0.264045205425404,0.375250696483454
"TCGA-C8-A132-01A",0.480755705155059,0.688827715404787,0.58609526609938,0.85194231936189,0.413973088946227,0.441621183014211,0.355654786733356,0.737340534830802,0.729918261860894,0.500694825912365,0.795963475258239,0.586580965777823,0.514289918162407,0.389785021536349,0.522036449845167,0.376951550835864,0.415305697043032
"TCGA-PE-A5DE-01A",0.631018052169893,0.792528397526737,0.747732231877457,0.791574327118318,0.40104431337415,0.395257844532292,0.479383624892926,0.741149777957133,0.644757317714956,0.496330498359862,0.71760074956518,0.633976808721646,0.535904476968604,0.535350807987237,0.507304047686626,0.335337684617363,0.437372794827201
"TCGA-B6-A0X4-01A",0.0753407791779331,0.413682460893694,0.257790067947104,0.605201095168945,0.298403333460982,0.319952359844387,0.112905703763219,0.638351245323991,0.497167496710128,0.317280344473606,0.64599119088509,0.505754266510473,0.476015201728328,0.193684049064839,0.349192624389748,0.149429131891204,0.145602502727517
"TCGA-LQ-A4E4-01A",0.151970057216088,0.402706686088631,0.306038674955025,0.742229498751166,0.377591623456609,0.376567717834145,0.178957593863124,0.680774409281944,0.534756832675901,0.419458093143122,0.666276504142764,0.54265417671061,0.510397729801702,0.241001132067703,0.460975341942165,0.310945754278766,0.211212529764959
"TCGA-A7-A4SD-01A",0.51940184481951,0.802087063695894,0.65145590838985,0.835207821277402,0.400314778312409,0.543264413203738,0.45093484724292,0.761179942755599,0.627556493271315,0.497928151518444,0.759667900889486,0.562726273020938,0.478511661252029,0.376818736115456,0.57102143981245,0.298390775419086,0.434824143256466
"TCGA-A7-A425-01A",0.189856651465327,0.42438672856026,0.390408714235676,0.805785608911115,0.455821474856448,0.409488932815075,0.201840995784497,0.745502957615567,0.675873483958513,0.450128048883583,0.773722461981184,0.562561189444117,0.539774787001407,0.33409030851739,0.516459217401157,0.397478773720762,0.341561101546767
"TCGA-AO-A03R-01A",0.451290391430035,0.647196645471178,0.583073309500799,0.746920464453408,0.454651221265732,0.400676360230858,0.341866973427901,0.663199961650289,0.544310617695924,0.414826407510303,0.76107846397187,0.57210394805961,0.494088180631359,0.400225050006611,0.475691873590808,0.377160342274595,0.38194727598449
"TCGA-AR-A24U-01A",0.474479480989291,0.703419457451962,0.611008566686745,0.832069867839433,0.467997119802822,0.441074516230753,0.438715342590688,0.777517639689482,0.605130507845085,0.560185146021963,0.729864973139808,0.56900455346576,0.454630558782465,0.401009180136556,0.605886079820883,0.422297400003478,0.45778608534518
"TCGA-AN-A0FV-01A",0.100988769675974,0.463649763391484,0.33066468067824,0.803241384196083,0.369183275630253,0.485683007472248,0.209519146090893,0.748674079703571,0.652798250981446,0.491116123090925,0.778259008009767,0.52882490829619,0.46147055728604,0.190021806427414,0.491143918884082,0.258096358460739,0.228748517101237
"TCGA-AC-A3W6-01A",0.461146347586549,0.669013133929737,0.565403218567372,0.833064820862905,0.414461690150788,0.381210046511754,0.329835211985703,0.721385176949252,0.721920323869338,0.547838202654857,0.795612498090582,0.595562036636322,0.534719884863114,0.427413430790087,0.508275392285727,0.370355051116081,0.357641734118889
"TCGA-BH-A0HK-01A",0.267985280912598,0.532465406472089,0.406128265113407,0.790785121915367,0.444171999434621,0.4310975957541,0.217443737534362,0.76640261538477,0.608772680173267,0.524721507789888,0.699654359136111,0.562710367886179,0.514749947513986,0.299900112315694,0.504308661719522,0.374624954673911,0.353134514194064
"TCGA-AR-A2LK-01A",0.213218691962183,0.499200146633012,0.380304034374021,0.796258127284881,0.417384244151179,0.376281630381476,0.268544643129855,0.729998877120938,0.626557776042516,0.4743050361936,0.701398886153219,0.538825248510859,0.485749305080919,0.232795958130745,0.554504089970659,0.203369026378482,0.318120989515248
"TCGA-D8-A73X-01A",0.206565535616359,0.463910680110931,0.377247117155791,0.813776765407843,0.387854367670101,0.382499458383087,0.234871350663019,0.753299605482946,0.696878882323861,0.489898579435148,0.729841409651026,0.556864168722213,0.507272517384642,0.276318238137472,0.533714854286156,0.263513209881075,0.308970158122897
"TCGA-BH-A0H5-01A",0.693116580459197,0.79958743417394,0.796778104546144,0.795882576107574,0.45555173469913,0.366366801618471,0.547542286222296,0.724561070191661,0.571240681430529,0.503199306132241,0.718208012533255,0.635829270386302,0.518149321895643,0.596317986476964,0.55601247360011,0.418278713829012,0.54533574903606
"TCGA-A8-A09R-01A",0.451246773351335,0.763325730784187,0.533680915813799,0.815337579642664,0.405203236366503,0.393382735090298,0.365791619657058,0.785086261877726,0.676988864152834,0.485989223121561,0.742698359890395,0.548882753113597,0.494161723411318,0.336446469144985,0.541245770469171,0.278397102035136,0.328469287951403
"TCGA-A7-A13D-01B",-0.1053348223242,0.345268379276617,0.137488369894932,0.753316472809369,0.243049034859165,0.466431531531786,0.0529816668577008,0.752037466611109,0.667735306888469,0.535607633158806,0.750320268270104,0.478226180276933,0.379785109512162,0.116298730495869,0.465012705654475,-0.0760404745185138,0.305803223578278
"TCGA-A8-A09V-01A",0.0794807639741802,0.3962426901692,0.300805697699573,0.780992409431012,0.313864879609516,0.375990615953317,0.129780308405626,0.671108609087927,0.643906446715526,0.492444931494186,0.677611319301978,0.543776332271752,0.48169825125034,0.215074310036702,0.421111292101432,0.12711460308995,0.290888427074307
"TCGA-A7-A13D-01A",0.093769628214699,0.397247832866308,0.290584217777326,0.791399829561526,0.339849836913223,0.53474059187341,0.130450633601387,0.778734493973698,0.66525887390412,0.503382596056819,0.82030029801926,0.511675327568924,0.45777684637537,0.162059533078378,0.506186353393222,0.159431373112509,0.27101588792293
"TCGA-D8-A1X8-01A",0.305754229977329,0.546999010074854,0.452017099397858,0.773833502152144,0.438515646467302,0.395225874475741,0.26937818478808,0.694873305660416,0.671503188417416,0.496142280164736,0.725017280244052,0.551144811189342,0.497201830812718,0.306664995637605,0.52548935592706,0.300795505155176,0.34421141504257
"TCGA-E2-A14P-01A",0.41190617577365,0.660033419790974,0.520300735820819,0.738509735486228,0.397533439484411,0.432700696313815,0.316618891776227,0.742378899387212,0.511949119850279,0.43730502412398,0.736265541860282,0.537406487967485,0.475049406307257,0.327722220546552,0.494297301141681,0.376861996723282,0.433713139517585
"TCGA-AN-A04A-01A",0.251127940292109,0.512057380302819,0.400354983910862,0.839268352693181,0.418256639191745,0.46633415241705,0.238405374576115,0.775664237079472,0.740410638696288,0.489278628920696,0.824207718632486,0.555283294934826,0.498934019345784,0.269484776747224,0.507834250756519,0.22916516077265,0.316292824187981
"TCGA-C8-A27A-01A",0.275663363712739,0.553012282295627,0.381760998051498,0.697011358491352,0.33697670749466,0.383538311767688,0.250809168441598,0.749711934610768,0.490856196030466,0.493848033864667,0.659450326315508,0.519653965303397,0.439487668521361,0.232262656727123,0.39623478079439,0.170322270468698,0.326337210008343
"TCGA-A2-A25D-01A",0.531265091493603,0.746764540039744,0.658401880533548,0.747991619425021,0.431434818800749,0.396050228191823,0.46327427495777,0.749307764876971,0.54874946351242,0.526794006636846,0.720563507413042,0.591691103673125,0.493277117899477,0.447885440290368,0.51708648554625,0.366483954540181,0.446538602678365
"TCGA-A8-A085-01A",-0.046093215231967,0.353965258181403,0.197954668513728,0.756419676967593,0.398935864226521,0.366011591514394,0.0727510335450043,0.73690294058282,0.609194519984406,0.450890233691647,0.740375214601885,0.509324133961533,0.460719191908511,0.158059351804541,0.441030681533313,0.213192317401756,0.152155682341348
"TCGA-E9-A1RG-01A",0.309539306349846,0.55209142685318,0.452960372584473,0.813752889922184,0.476031012593826,0.40379373221953,0.287234360635282,0.739217149663229,0.628446967489617,0.329149884390355,0.745493020542546,0.526841850839839,0.488932418075099,0.312058728542386,0.497096942548792,0.276710778678455,0.33718196701444
"TCGA-BH-A0W3-01A",0.179188721978804,0.482724698148116,0.369826623537245,0.681249930894709,0.379064516964353,0.318445056643794,0.222378091555827,0.675299096855488,0.531537105548179,0.394039209691141,0.606698396066714,0.538548787302854,0.490167535165985,0.263635890187443,0.455468196574823,0.19078238822162,0.202969773275463
"TCGA-AC-A8OQ-01A",0.427390531477293,0.683180130501814,0.560964395573386,0.824267357125443,0.424280998977385,0.553688146759217,0.372227236357985,0.798300903704307,0.597955262284213,0.547194051546872,0.803853466591081,0.545793719080069,0.518115996158557,0.331523367761464,0.537579475136803,0.354160877818492,0.472194565172138
"TCGA-AC-A23C-01A",0.39307453234084,0.661935554780836,0.495186759550206,0.795326607876432,0.415100571508955,0.387808258844412,0.300265031383706,0.735498939838539,0.650067641428502,0.499844563438808,0.708052815382365,0.565838350130724,0.483242318083127,0.313439650124753,0.54053896253114,0.3214301438116,0.372556855925065
"TCGA-D8-A27M-01A",0.517547242029764,0.826348750064352,0.659642240971884,0.852048125151324,0.434482438063016,0.506570018315039,0.452128818450665,0.779019586276751,0.667788848856663,0.546547793310437,0.754207145779975,0.558503952002216,0.501639677614199,0.411905958782507,0.596404052260079,0.332823267536821,0.521121337019705
"TCGA-OL-A66L-01A",0.394392912823839,0.559519352973243,0.535772623361336,0.815782169527908,0.448306111112519,0.373277120049542,0.322631468935531,0.758668952324225,0.671542823945762,0.503269065402055,0.770871003218818,0.580756582207093,0.530110407901573,0.442232127819141,0.532726711712915,0.451275925573645,0.37456643945517
"TCGA-A2-A0YL-01A",0.356329834651887,0.58504879985037,0.469678799537879,0.81984325391372,0.403125449147304,0.435196497110927,0.264159462898409,0.755815915426849,0.696034047525622,0.526143020226333,0.752240702515868,0.583789939265318,0.520174984733045,0.356051733281197,0.512623386750697,0.309341507963209,0.377333930503296
"TCGA-D8-A1JU-01A",0.352751983026243,0.571965905789501,0.459004814959096,0.825182612424915,0.446268393835076,0.383267330980807,0.279522815104872,0.739334100339179,0.746327039641544,0.577191562813596,0.766081948593739,0.587223649957402,0.515347581713446,0.379658865132366,0.58601970875699,0.390667328532877,0.355197540642732
"TCGA-C8-A1HE-01A",0.226318107340742,0.499609825639501,0.395428207210452,0.760620457356782,0.387000273729735,0.340772230825423,0.233306494069393,0.684747383799572,0.62807176131714,0.458823798857205,0.674953876748537,0.538499501400578,0.484750586644536,0.26076438650682,0.488046011769182,0.247129243323797,0.323504996016774
"TCGA-EW-A2FR-01A",0.349347006888849,0.632412303818364,0.433468058159209,0.866128848518589,0.414977945843679,0.44107239776187,0.305804842878599,0.806110872794489,0.775952154847098,0.557535507442536,0.844743048789209,0.559570094596175,0.495230745762545,0.288723640239196,0.547112893787488,0.311571047743382,0.361195163094938
"TCGA-PE-A5DD-01A",0.366960011615369,0.575531102519906,0.496770451718835,0.794143047261453,0.376993717867126,0.352460664859266,0.274209274632474,0.733954009300623,0.673693922532627,0.506487979029956,0.729566548151004,0.569003031864301,0.531607817381004,0.356605652215991,0.45646686753148,0.274054147797417,0.362242814659139
"TCGA-E9-A1NH-01A",0.255359630718257,0.522382655959705,0.413169230077312,0.830640460304432,0.41704502410167,0.409698043121706,0.249237797217166,0.772797046869918,0.720714325071865,0.533122212363187,0.779874501965098,0.56902076091961,0.511739009659052,0.286273560224455,0.510475914332756,0.242445463284243,0.347032134730396
"TCGA-A7-A26I-01B",0.118654815122853,0.443488570627276,0.325193754267546,0.805709086883136,0.284632261268842,0.375169045398772,0.30412574916369,0.680517034108606,0.684931241119687,0.556076141687977,0.836245663298352,0.499090126734886,0.485336144995317,0.223068374264517,0.531446233727825,0.111840734814947,0.333357725921068
"TCGA-AO-A0JF-01A",0.326105835705232,0.542763847208709,0.465051565460951,0.822640074036567,0.467519708847596,0.41458447887246,0.272282759174268,0.771446803063924,0.75872302439999,0.518641887745424,0.749989767093667,0.586268390895615,0.507821980710444,0.337080397590285,0.568765689658927,0.357841045036863,0.315111620919721
"TCGA-A2-A04R-01A",0.189144709240531,0.437847397929022,0.312368373754,0.789817128925458,0.386559217787966,0.407531655135821,0.177131205856682,0.754289638579493,0.628182707522162,0.418090118054211,0.744748357219051,0.52409548119986,0.497011295789971,0.234405647025842,0.45592060536369,0.225947432305038,0.271755791825405
"TCGA-E2-A1IL-01A",0.257578121273341,0.554673616589897,0.37135675723882,0.790672343134874,0.399203030743385,0.363764291279482,0.183951308718051,0.733062785651509,0.662947422276401,0.510633523186443,0.72107587918926,0.555306238045946,0.523890827212173,0.302503640381544,0.498645915158119,0.275141920182684,0.299397964617609
"TCGA-A8-A07C-01A",0.46563961148562,0.692630726514153,0.552739830201908,0.737854161275727,0.370494231760419,0.410003660357586,0.384611580768852,0.670396473184088,0.481325512960106,0.408557163997193,0.647237529651317,0.540276605408329,0.47945449135642,0.36471608267342,0.528497838502291,0.343022265305339,0.483023488552595
"TCGA-AC-A2FM-01A",0.214791565905031,0.47214990119139,0.360108726564994,0.683508099058231,0.364540444805299,0.321056762216126,0.169666083562356,0.810206277523782,0.49854553285642,0.499677423567971,0.656685580307999,0.54691758704507,0.497582555252112,0.264070012713375,0.419527631780968,0.269793795084949,0.27224403581513
"TCGA-A2-A25A-01A",0.36930933086839,0.600020687627827,0.488463902297648,0.837577814047806,0.415676286484592,0.445506805053729,0.276478921481999,0.774147966042062,0.691122411028094,0.59697170981746,0.776698225745951,0.584835127734466,0.519982829383091,0.391461839135239,0.508472838632783,0.353624283481762,0.378075260243044
"TCGA-EW-A1PB-01A",0.672661772466893,0.85705790704812,0.768833965399712,0.685303219526208,0.414152926011543,0.457279153137568,0.618680476270211,0.693400192831206,0.551536998041279,0.420527146711144,0.609962578890774,0.565215346588318,0.463827968843886,0.501697196930174,0.599534532384324,0.404221469240169,0.391413280510495
"TCGA-BH-A0HQ-01A",0.186000366451596,0.47140044132198,0.35349394450486,0.819227725932457,0.382018660316689,0.398989353833593,0.152008664970676,0.78297551162278,0.683833608622685,0.503726400396855,0.779285475827596,0.543407914893392,0.523983530761569,0.250854112277264,0.511175584239078,0.291873244098736,0.316427454616993
"TCGA-E2-A1AZ-01A",0.485730819128842,0.71797753569216,0.590908613511092,0.814612417011645,0.376430465324839,0.467285901646532,0.418351017594415,0.70380832893483,0.663562620619164,0.557146787447843,0.753417576225604,0.561417523009166,0.498718821094842,0.363805391007537,0.554470389161416,0.312321649351848,0.439711321639121
"TCGA-EW-A6SA-01A",0.150339366112623,0.396387680132999,0.290261639860588,0.635437698778713,0.342612410308283,0.326311398331271,0.0983316811146345,0.751774039131665,0.444943624505066,0.469747069676506,0.621356636804963,0.519651222878811,0.487089409192258,0.22195733080527,0.362482010783657,0.151212221244374,0.251002310627098
"TCGA-A8-A090-01A",0.361752766646756,0.623959924578212,0.461735552727081,0.791664634960335,0.400382882589696,0.380777918550471,0.33520920232446,0.703554132601622,0.640990864760199,0.42382779901134,0.726132281287153,0.551872388256259,0.509024900238983,0.312380675860904,0.581945095712875,0.241786778564826,0.314506810320031
"TCGA-AO-A12B-01A",0.255606435875085,0.52884002232452,0.391630566614621,0.644459361488844,0.369827482787091,0.29694957648213,0.225706924853986,0.673994311474877,0.492858179861756,0.366622520387877,0.647953843758393,0.542460931983534,0.485083377384615,0.263604297335154,0.433653692606991,0.21729125411228,0.277135755150206
"TCGA-LL-A73Y-01A",0.315044690852465,0.576394784824647,0.505192068773508,0.822689174197204,0.443037312912231,0.492907361628727,0.310953478070316,0.727442660817791,0.653993958892083,0.590319993215476,0.736212447241541,0.572898949851454,0.522344973495609,0.314529457959156,0.539225704656424,0.524364694936152,0.424493092575486
"TCGA-AR-A1AM-01A",0.285741139028162,0.512169793941046,0.442046168580572,0.808697956437633,0.391676258963762,0.379563010651141,0.262835497534394,0.777133910491679,0.649982658096181,0.511957863362719,0.753569904308214,0.582375146270882,0.516960514871012,0.321766869527108,0.506110780987321,0.2741219839888,0.382880334482058
"TCGA-GM-A5PX-01A",0.240850489874555,0.481408266068595,0.412885103302928,0.813476504904532,0.416423640218193,0.351292919834994,0.23206177921823,0.705043506616439,0.695631944270072,0.530185324885997,0.789199658042946,0.593685072447461,0.519949784708697,0.318507523405474,0.503978371493062,0.307190563550523,0.328376809991976
"TCGA-D8-A73W-01A",0.298698142282823,0.573854559222945,0.44479430412761,0.811110043901717,0.406930723736379,0.380614157186656,0.321647625295351,0.724216253245578,0.687550494099828,0.519012849565695,0.754120514928965,0.55220530901998,0.526957146154697,0.324159896937028,0.57217903693501,0.291122814138093,0.292549027858956
"TCGA-E2-A14W-01A",0.132101299267947,0.463500376545095,0.300022155000937,0.748268258024759,0.343122193489759,0.385106074365366,0.149848004632535,0.707525733623667,0.541118932089907,0.404532979761906,0.633985591070288,0.531092474214918,0.501481061946546,0.206149181321022,0.436159820680542,0.158598306200136,0.155734921983024
"TCGA-E2-A15O-01A",0.239491887134433,0.538748642611081,0.393677578376339,0.733066372389788,0.395480719846807,0.335266404727163,0.268519958565486,0.747396142384794,0.508603465061882,0.438080226787352,0.663058594474793,0.507712351765721,0.493395862916645,0.244787190162839,0.473278071552586,0.278208296795897,0.300581085648734
"TCGA-S3-A6ZH-01A",0.360758531895635,0.641151211334533,0.446782283227746,0.700525750946561,0.426091910452042,0.368734898646237,0.255899349970312,0.752567870850897,0.527723394324071,0.4282045459536,0.640816254047903,0.551142886610282,0.491213443726795,0.31532152717242,0.451150649294935,0.356194774698743,0.354547714866212
"TCGA-E2-A15F-01A",0.225290082581355,0.505969019388622,0.415731990971791,0.771473218149994,0.389744542711163,0.402363825704107,0.256832786206644,0.712260371094621,0.598531409555587,0.428098782030965,0.722519831973736,0.536822564075307,0.484970690411801,0.299994253079835,0.452173643599457,0.269998416006253,0.405015423817863
"TCGA-E2-A158-01A",0.300200146361771,0.608510480216246,0.399663371262873,0.636742085180385,0.332951370513904,0.400360877678676,0.252570200484465,0.550080520168077,0.361310078974607,0.341541577557694,0.635966479572988,0.522098796627865,0.470788864246136,0.289471577592585,0.401907668361547,0.283807830200746,0.402640620367455
"TCGA-A7-A0DB-01A",0.143481619794859,0.418386582976646,0.353220096900525,0.804069936708659,0.397128237297521,0.364672934860813,0.218092481167618,0.784918664464794,0.676246856550681,0.505743467855999,0.726899707862922,0.538842419351676,0.471126900818394,0.263855833656662,0.605958260135282,0.318563371455018,0.287407234320712
"TCGA-E2-A156-01A",0.089517273102223,0.387482380842806,0.295152682980819,0.650530147639646,0.390737627096171,0.300025152031,0.126832524683688,0.655199402636094,0.463859650817232,0.25853715825702,0.637954649202964,0.541748836086504,0.469725109313387,0.213461253479713,0.444599728950357,0.238323924433853,0.197379994634828
"TCGA-E2-A152-01A",0.232002277242147,0.511748256560944,0.384405987457113,0.833306803113226,0.397624131716433,0.420038597322735,0.283603317915664,0.765002344953383,0.744760841875473,0.560248908616165,0.784516645250027,0.546249319962425,0.476931557108352,0.266558755720066,0.542203649523766,0.329397218044139,0.314353859909238
"TCGA-AN-A0XN-01A",0.297078637911475,0.570508309473531,0.453616111170138,0.866423568041865,0.416181358977711,0.403233698793925,0.3320456993335,0.758063811312075,0.809933431924558,0.577737033044821,0.824601577683209,0.556194804819608,0.506639558842261,0.315695358097525,0.618511395721943,0.287377503519148,0.265500179341312
"TCGA-E9-A1R0-01A",0.2904865716651,0.505960033190903,0.457077754226381,0.80326704278559,0.429350346209773,0.403639689301585,0.270029996421811,0.73146841523096,0.599624950937112,0.450193752467829,0.740292449881111,0.570774547061823,0.507036332526874,0.358001510710087,0.507517207134763,0.390631961786798,0.384384016426277
"TCGA-AN-A0FN-01A",0.50152960152262,0.695832102127319,0.614344458000228,0.856279116234817,0.444342778127805,0.412244983503001,0.385600289313592,0.67377588154654,0.786057490032734,0.576232917309817,0.812421891291158,0.60095076404955,0.516626924397587,0.429765258528359,0.567814726798391,0.370297685730463,0.447263327842748
"TCGA-B6-A0RH-01A",0.323042003768316,0.608726586947011,0.46931398976347,0.844735628785289,0.361921214895946,0.420675122010127,0.292853449803554,0.734910288859173,0.708809580386922,0.466930549147712,0.764519494126593,0.542449912864175,0.482827251055809,0.338724128271536,0.490803042454945,0.218464054276508,0.308714450488513
"TCGA-A2-A1G4-01A",0.220434578743148,0.462995749712373,0.395704802271327,0.689472970172506,0.366890528851476,0.341299583060371,0.244762633023607,0.681329291251681,0.405569514836246,0.402322171712456,0.619025461152338,0.515705023260662,0.458204972794068,0.25462674849413,0.459900815717387,0.274138790207012,0.394889717214494
"TCGA-E2-A106-01A",0.188994385561006,0.453070703888712,0.355500916149408,0.708362110969942,0.346879151789789,0.350666556284297,0.142589159821129,0.71323870420157,0.479972782436858,0.434431107345453,0.67016326961421,0.551881009795208,0.525384382871889,0.256991214749482,0.398430824751478,0.219000944513724,0.269521650379643
"TCGA-BH-A0C1-01B",0.444347241946986,0.693973720568721,0.53183693509067,0.811894124879658,0.38991158904459,0.396701936152319,0.290701668565557,0.698429335970241,0.690866494280456,0.551534594020059,0.714969715264672,0.574600506326448,0.499794388935656,0.372160919354213,0.4993339131528,0.34702924860674,0.366884667756843
"TCGA-BH-A1FU-01A",0.355554730978553,0.589264513303603,0.503404839062636,0.855595675916231,0.435573704149289,0.445062557224591,0.285045423012697,0.798109987519633,0.700000139898784,0.578702515558069,0.818732005988099,0.572042836958364,0.492614538862227,0.352297046882242,0.534807317676056,0.351239021970599,0.446639814944663
"TCGA-AC-A5EH-01A",0.318390090172752,0.583676283149362,0.489475442091493,0.828381022060443,0.398269258114044,0.453969177976256,0.321692770376414,0.786098583367526,0.724032286475244,0.450347954621196,0.791003485738763,0.565851983258873,0.499126351257954,0.34534455397408,0.568950457159029,0.299621756969255,0.230794011411188
"TCGA-AQ-A1H2-01A",0.263447295886271,0.535059910852086,0.416446221214456,0.734111621729707,0.410742240274149,0.288900577291604,0.292582672123374,0.702012383803734,0.567350828031651,0.385262037082792,0.641815402529522,0.55431028862613,0.517385886837752,0.268653439649029,0.500423777140349,0.156889911891661,0.194363393291033
"TCGA-A1-A0SE-01A",0.257169479111877,0.503920296506933,0.406200680765391,0.811979656534338,0.397597799129828,0.422036201483509,0.205758655675547,0.755285633325146,0.670682231641665,0.482987366408082,0.744385499653693,0.560573463529095,0.51384207636725,0.312643122992202,0.453118815813205,0.271291685082542,0.354067043118257
"TCGA-AR-A1AT-01A",0.519590084404262,0.720693752235973,0.612439238251265,0.766199142671629,0.415358295953179,0.391794148894375,0.403468446547116,0.721485379628593,0.552547149415055,0.522505285068946,0.704748149162575,0.574405766922778,0.516190323051883,0.440647643931627,0.555493596647975,0.368158918551073,0.43185529321649
"TCGA-D8-A27P-01A",0.130157898648318,0.391496362559569,0.345997041157712,0.789939823714053,0.380875802199313,0.393592949278214,0.164560353938677,0.714884663207927,0.690164252224904,0.436312671698196,0.768829280825778,0.548138234190333,0.494778716797226,0.260257310760044,0.478317261553243,0.21332010145208,0.313085486526608
"TCGA-E9-A3Q9-01A",0.298166649842934,0.522903756207171,0.452190508397619,0.699757906914636,0.375940298622202,0.287544901013528,0.28015922935463,0.709842393092201,0.550538128373309,0.504860612065515,0.585934079908621,0.588831809397311,0.48992669458883,0.35531257546727,0.500549546446317,0.278432373117773,0.359327009526164
"TCGA-AC-A2QI-01A",0.373929777350257,0.613301893369196,0.497049546187249,0.817855305183627,0.393270658509191,0.383266992239516,0.288514390754516,0.773764576052102,0.651398746771377,0.543555221574306,0.735756202028918,0.594721114309105,0.538585196334968,0.351678803284381,0.508031086252608,0.300267950759615,0.389813505405992
"TCGA-E9-A1NI-01A",0.192837616917099,0.500110815515928,0.387798649403484,0.824252600682234,0.416406625323181,0.402373106405311,0.246768761468318,0.787975987694676,0.715000560445993,0.493140932527986,0.747009588829278,0.53947187053531,0.486826678796886,0.242616410821961,0.494195316374738,0.231219388885611,0.212719854460568
"TCGA-E9-A1RF-01A",0.515467656399454,0.753616393755592,0.590374154399556,0.841772793090393,0.429894212360755,0.418409574541228,0.388365775882085,0.748267552896167,0.705119099871738,0.473312805681663,0.761717841922423,0.571669012035565,0.513104500240327,0.381826412526622,0.560581931818674,0.346034543199421,0.355106223683336
"TCGA-AO-A129-01A",0.521117913912323,0.771397794440523,0.640652162735235,0.826783938889852,0.380584480603255,0.542989202377894,0.380297750392439,0.699189905288495,0.577377793996333,0.444915591236009,0.765222494200696,0.553126796136698,0.503903512881286,0.399148043034389,0.527188179902754,0.349382073427012,0.485959370526229
"TCGA-B6-A0RQ-01A",0.129880679525072,0.411995988486045,0.335306267837214,0.74022950453978,0.383339145033872,0.387414730127058,0.144018223939194,0.702185592726627,0.579992503301154,0.425461410946025,0.729924870011584,0.547170662481522,0.529430519816376,0.342647712422901,0.467226490386863,0.224167789337002,0.306243119969539
"TCGA-A2-A0CX-01A",0.420639090976053,0.702416536757673,0.524961438544689,0.831029897246235,0.417973350149155,0.423623429626827,0.355256011403796,0.746635802996791,0.660707237658979,0.506022373933252,0.795235427745483,0.568816312529208,0.487217458667913,0.327787109474706,0.541011122791164,0.353481591212618,0.332422102758336
"TCGA-AR-A0TZ-01A",0.209993554679169,0.47875441464737,0.373009689022929,0.771490507957074,0.348366031974588,0.338588894514989,0.223091405158075,0.766417857384506,0.555199202620905,0.451108291423184,0.673442564007017,0.564119151935321,0.501085167955081,0.27000217156814,0.457715187889293,0.219711372338202,0.202232476517714
"TCGA-A8-A086-01A",0.174563967132075,0.493109500499659,0.33966964923601,0.828266171629122,0.418068537579509,0.417814070218574,0.243274488931569,0.74572804644691,0.703119140039437,0.470974293764465,0.756135724391074,0.528117465793997,0.491936569516362,0.237754825070112,0.526441125362181,0.19190088123838,0.297461191146741
"TCGA-E9-A3HO-01A",0.398923469506826,0.65764203801622,0.517120794715918,0.728516680479519,0.350154226469072,0.338078630459697,0.285999288921438,0.647083508619468,0.592668250653193,0.413599885349751,0.680962932128879,0.539573644313982,0.52374313295442,0.36049135658319,0.411917028064987,0.245557837318255,0.322934043164931
"TCGA-E9-A249-01A",0.304290735463939,0.572413552216736,0.477607559808574,0.735625277478239,0.3509013136041,0.338863725283522,0.275851850813265,0.664441773606946,0.53233235567239,0.422053131184086,0.652992915178762,0.540851175201316,0.508961037835043,0.332880315471127,0.477273462099058,0.220870593781439,0.276753364945825
"TCGA-AC-A6IW-01A",0.565110260364797,0.803894724483725,0.700908270015254,0.646892848466874,0.401286948040555,0.428688403219118,0.534420912369831,0.792313463663747,0.53080181098886,0.53964746072987,0.661245955006706,0.569198528773593,0.489096768811494,0.44078094661399,0.551394766863605,0.385660230796822,0.433044099283025
"TCGA-AC-A3TN-01A",0.228358109026328,0.453828229240228,0.391478928070274,0.768554473569198,0.397790073557674,0.329889538299379,0.207981955320092,0.663122872245313,0.631751445946302,0.416152311193987,0.71018788864281,0.567614531725176,0.518109487814114,0.328661403280546,0.467199546902132,0.275779467143265,0.258114702947331
"TCGA-EW-A1P0-01A",0.295571955967324,0.542603195244554,0.447054942400224,0.778793336281359,0.364307000017381,0.310537467577436,0.300158364862751,0.726933203877053,0.58997607582475,0.341159529457349,0.685557363027604,0.533357815959448,0.498237627886406,0.28478226151532,0.486908646485986,0.280076859299007,0.284896261865768
"TCGA-E2-A10B-01A",0.285560552853826,0.531489642070907,0.440746920744678,0.815242605999815,0.388298198723928,0.39483131243411,0.273628929799121,0.708672176470864,0.666781079892832,0.467878920614604,0.714877001466039,0.540841778190169,0.531111063029637,0.31810688495736,0.527498549809497,0.279459466041998,0.325965370732449
"TCGA-B6-A40C-01A",0.249911566198266,0.488276415529151,0.421642357322304,0.828528292413752,0.394091556507392,0.382149664118878,0.275402660215447,0.772325140063313,0.642952213723377,0.463106699970496,0.786866174460977,0.560018881074743,0.537720222296632,0.303142625020021,0.479741022301762,0.269768719478238,0.310340743994926
"TCGA-A2-A0CP-01A",0.237353847032115,0.491224506094138,0.39743443013366,0.84380154864857,0.425592663945665,0.397688430473534,0.21514901021854,0.74612291332156,0.733487861536221,0.513787769514731,0.820935628190023,0.565698705229124,0.507037685526442,0.337605545462402,0.479315621175933,0.251388796254699,0.358938927942825
"TCGA-E2-A2P6-01A",0.228237982773605,0.520365461551714,0.381952045930988,0.717943408542139,0.395998809531586,0.344822601669717,0.230448440536676,0.68325989111706,0.527074858684234,0.477953138032161,0.652668568934455,0.536957302952314,0.506662802167082,0.234679761654307,0.446416473052206,0.224214409686886,0.305342826852608
"TCGA-XX-A899-01A",0.41128037316272,0.612081399222149,0.582596723074243,0.833792606170044,0.441292443502434,0.407911821169855,0.334564901368238,0.728305751423609,0.711707459572351,0.574854906007557,0.775543579163757,0.605786496786182,0.510891115270437,0.411444715377564,0.530929060679241,0.388104993564704,0.451214370938795
"TCGA-E9-A1N5-01A",0.41886704240953,0.638298274295447,0.513475326330116,0.817836551637605,0.420202728804486,0.396822336765993,0.31126648781525,0.738852884772645,0.671215546972371,0.490468445114019,0.729169443266869,0.577435312312378,0.523099390607524,0.363683240361981,0.507394773207971,0.287574867321557,0.260400273985323
"TCGA-PL-A8LX-01A",0.20396545198339,0.444193236516403,0.356272647813071,0.647406791650289,0.347706132805308,0.278817976883021,0.214990706043704,0.713152017928376,0.510844379566548,0.381180877558898,0.669854457063836,0.543913009901274,0.532062522507552,0.277734955174119,0.442167755352935,0.178893169639576,0.236347451088357
"TCGA-A2-A3XZ-01A",0.450506317287828,0.664041229927749,0.612946647429125,0.775935662415467,0.470765493329851,0.405014186342333,0.376035703275348,0.800160494312076,0.514759885575648,0.540135074342181,0.745658029614153,0.582322049752273,0.506457603355506,0.386504783108569,0.463417109619281,0.459217456690307,0.494976431029554
"TCGA-A2-A0EU-01A",0.256404324869842,0.533361021036824,0.396720428048292,0.789688585152114,0.420119148388561,0.412993050311804,0.217974819006718,0.758983016696418,0.627920824897827,0.428795444353549,0.703136451546499,0.548940078664232,0.489187884384956,0.28439455701006,0.467148681603711,0.269923088463227,0.292084040086729
"TCGA-E9-A295-01A",0.31205503282692,0.586818162982578,0.433196413071251,0.800275692965623,0.429576656843603,0.391278093953961,0.252522193196739,0.784076546756186,0.651214437048099,0.467101810520943,0.733779686687223,0.562679383052466,0.505908113625845,0.319624575806599,0.472873923346801,0.319808673301495,0.291749175329226
"TCGA-S3-AA15-01A",0.48922723568587,0.637818927472902,0.656042880745585,0.858636636182484,0.460869378243216,0.477892839795355,0.401846239014881,0.712111121296776,0.667275735332219,0.531356098223257,0.807517707509627,0.584713632366368,0.50774857373134,0.442944328567926,0.567096624366778,0.390538066522823,0.577541689207744
"TCGA-C8-A26W-01A",0.419794920444681,0.646635384677377,0.528325196835147,0.796460559952039,0.396592644209072,0.404415299025088,0.323287847421811,0.757990658670481,0.611011179408961,0.465763863133084,0.714704403209547,0.574697269702355,0.500196715903763,0.352762257482968,0.49654674945145,0.267954960105063,0.393047583479198
"TCGA-E9-A245-01A",0.111428572106469,0.412670775860796,0.32596726902169,0.72885947912079,0.336336602364752,0.335741270104637,0.169490263687461,0.68674594972268,0.554864501859664,0.323236247532684,0.654055880985736,0.529321394740268,0.47495710051987,0.22054591084274,0.438073270627624,0.142489251589871,0.310228035070984
"TCGA-AO-A0JJ-01A",0.421575229065507,0.64392543614504,0.543535830993257,0.815185802825921,0.45266722563567,0.423283990563897,0.332740303111587,0.712707217839452,0.684832052761571,0.563118048272064,0.71992202374159,0.575684007403322,0.498734870094174,0.358200913369621,0.535231869005378,0.327614606857094,0.41927907413555
"TCGA-BH-A1FR-01A",0.325387838432455,0.579417922064781,0.453461594031823,0.719134205780123,0.353881773796694,0.306652144838807,0.246619124183735,0.692773237900837,0.54426966957675,0.339982063220171,0.665805003749545,0.545491483880864,0.481817572907166,0.309238723279524,0.454450351340413,0.217661785808483,0.363061974630901
"TCGA-BH-A0HO-01A",0.263536588974859,0.547770329678266,0.477634120731723,0.751932274560195,0.400839772445502,0.341332963943219,0.295117297052127,0.694518051443168,0.558599543197484,0.426766560409215,0.663240817278469,0.536143160002215,0.499902187681566,0.318639989905725,0.537775082453931,0.250869164626618,0.30216620741334
"TCGA-C8-A12O-01A",0.363302394663908,0.623653734984304,0.472111427040893,0.824364046802289,0.430646627623392,0.424740121349948,0.317711892606034,0.772334040866105,0.745626644033955,0.531815141136243,0.79969633810005,0.542214187162571,0.487981540180208,0.34569418745888,0.554902521388239,0.233289800560418,0.363714510907006
"TCGA-BH-A18F-01A",0.37246513831608,0.622721134339445,0.486705157780954,0.812364285269901,0.420200264482878,0.437023736819656,0.282022909880942,0.711681177824894,0.695817149112385,0.528222563910452,0.755149428395696,0.563502711932072,0.501774946963676,0.305184152900382,0.517185079853313,0.40872535088085,0.394001434845899
"TCGA-E2-A573-01A",0.55106980726781,0.782435092144092,0.672306000544171,0.769475842827239,0.397120453772098,0.525424089064682,0.428778711773853,0.749842728687868,0.56620743609782,0.455498176489095,0.708503764735882,0.549580863048385,0.480231864426613,0.451268045790217,0.508081994649001,0.320990671807454,0.471049141761291
"TCGA-A2-A4S1-01A",0.32449328039966,0.569412202299422,0.473611775548387,0.77474564764817,0.443817375060114,0.479204962872167,0.329781583249982,0.499658265791179,0.736433434555462,0.554823946549733,0.785271116939305,0.550781411441697,0.509016690759838,0.378263390850723,0.62377107627142,0.383603014631742,0.297762910902637
"TCGA-AR-A0TV-01A",0.480765960792418,0.70938674095572,0.569981047939613,0.718947391845904,0.376212128884325,0.298820617786478,0.403271554138874,0.705249339368358,0.417189612605272,0.348723761586609,0.589833780447313,0.550432956889963,0.523419027813603,0.381724958859262,0.551021422361421,0.30749905065618,0.389085000280915
"TCGA-EW-A1PF-01A",0.296499294944893,0.556882088662531,0.452379471261974,0.827122139724247,0.414772136959206,0.391580430776519,0.269745986326097,0.804605298899529,0.705531716782684,0.5070853501778,0.783573812721556,0.572037527973343,0.503133658626746,0.29912200761105,0.502466117495195,0.295607729700298,0.414961571047246
"TCGA-AN-A04D-01A",0.168690411241457,0.415827923083854,0.335503531911298,0.661103190351085,0.355349729757315,0.433157180555479,0.230295211940123,0.662249958477911,0.437591786272123,0.401396592166834,0.641042689701951,0.52764199234794,0.483531004358156,0.261639032920283,0.406926130977213,0.290636145827738,0.34234542910977
"TCGA-BH-A1ET-01A",0.327995881692965,0.583983964148418,0.429770315899728,0.775556784480553,0.401734052601223,0.357767780191004,0.246592109256737,0.718309781027545,0.653038171225237,0.498827572095885,0.680897656377738,0.563100972198973,0.484175995730437,0.310735338020627,0.485497011813004,0.237541720879737,0.338887420115154
"TCGA-BH-A0E2-01A",0.367337311190298,0.622183546444192,0.476892273702574,0.832323368389997,0.379234869687335,0.473668014095426,0.278932617295382,0.776360754253313,0.67415839769943,0.490754909120331,0.76428941683119,0.568876303911382,0.505911412650675,0.302674883698861,0.513066912205074,0.231035774533815,0.33447528926485
"TCGA-AO-A12D-01A",0.506866431379968,0.797653887292193,0.628337195556616,0.835089041566835,0.415162064042951,0.414418534433152,0.433892780902655,0.777399132192553,0.663156660351543,0.503386429603926,0.74640427172335,0.58150585299628,0.482673039995607,0.403144476855587,0.578226528542429,0.35559112751343,0.420714226177771
"TCGA-E2-A3DX-01A",0.451128403780566,0.598885196222572,0.585375115555727,0.826524573957277,0.454795875265541,0.388863846702077,0.338403303245399,0.754912200452892,0.714038146922396,0.591459590612251,0.783716391670046,0.620076766999079,0.530708390430629,0.49278914823494,0.566870285966892,0.331625043398411,0.448170189603072
"TCGA-A2-A0EM-01A",0.191020937740639,0.460414816872749,0.37973700052362,0.812254744956396,0.407323203670115,0.376665015894735,0.22220250799377,0.698454100151531,0.696460690435738,0.467472589199211,0.783033405563613,0.53779265339149,0.503386681226905,0.285146580329312,0.491344240406228,0.278396916899106,0.274232012513001
"TCGA-A2-A04U-01A",0.22327777459487,0.465828848433228,0.352210724143049,0.787341518027794,0.35805322027805,0.473386372834754,0.22577030941609,0.686965648756432,0.603750679208577,0.451618464479327,0.741478410444495,0.525011603494497,0.491343344627889,0.287720186644505,0.475226199906943,0.217688720072714,0.371976281687439
"TCGA-BH-A18J-01A",0.19798127164089,0.537276944946931,0.384491462426526,0.819319354857186,0.398128902239893,0.390571482432992,0.255967380458911,0.768262567591935,0.702766485162032,0.509692594091191,0.757310435617977,0.534219492061284,0.494828041679818,0.233231117610939,0.528662180120746,0.258080468731744,0.258621665850982
"TCGA-AO-A126-01A",0.317639151336677,0.561467976023627,0.460588318598341,0.821873297754583,0.408159882785662,0.364629951227004,0.283641012812027,0.743447956039776,0.656135062439157,0.522002570935952,0.766800225869965,0.561965539436064,0.52016770104419,0.339185607423591,0.478774200620328,0.304788893204689,0.293171160129718
"TCGA-BH-A18H-01A",0.590694368354185,0.733233050213646,0.64139926842671,0.776856889988033,0.412616602230806,0.377563700105908,0.469306231990079,0.816015470547822,0.575854018052784,0.525510897456324,0.740828004292201,0.614222938028714,0.516656024585883,0.443566739426087,0.508958487152986,0.296995727780358,0.428713666225117
"TCGA-BH-A0HX-01A",0.258531226981129,0.521152099858068,0.407863538714222,0.814348759890933,0.415459360743651,0.432559386332136,0.244859795063449,0.789704516706215,0.631503050997772,0.511292299377835,0.724929747441349,0.550971748034948,0.498584161814776,0.299101134938414,0.544292119773531,0.251036271431946,0.32815541064227
"TCGA-AO-A0JA-01A",0.342861298383304,0.608212390875269,0.44398652101564,0.817307013504005,0.385050818605058,0.426481906020573,0.304554397500082,0.780672979796192,0.750168554229019,0.507695609769421,0.745187627764176,0.565454034311511,0.494637305187096,0.308176441822501,0.527266426141891,0.263066946584333,0.35786903581494
"TCGA-BH-A202-01A",0.47746061179406,0.715579850116941,0.551861140548793,0.798518973823323,0.410546419183121,0.398373067302628,0.382475901790283,0.689217060843016,0.623863255922569,0.535930160815624,0.722327180537565,0.550028682600907,0.47784692769495,0.344128965689231,0.572339112211749,0.292938956639493,0.376977605686556
"TCGA-5L-AAT0-01A",0.381341464353302,0.613659953540255,0.541179549645079,0.835473774803599,0.390393173512236,0.401917178540428,0.310345663823125,0.768781695275125,0.716341572873383,0.499653465464959,0.766682857694775,0.580389115383159,0.538064319362154,0.386958869051847,0.503365286282381,0.26583256302303,0.387532485616659
"TCGA-BH-A201-01A",0.192501078371359,0.45779364567984,0.355771535898842,0.845674791704462,0.395686987818464,0.471394423500106,0.226951592602806,0.723222478884633,0.748345438566016,0.552219322642597,0.821897414192272,0.554179006751554,0.497301783051204,0.260004051938837,0.541411973676218,0.259220303541278,0.291463403457288
"TCGA-WT-AB41-01A",0.534788820647661,0.669801163444846,0.717866464631316,0.756919124009839,0.463218121473917,0.353143987144635,0.474207523386291,0.78340736251541,0.5461129417419,0.519234577859646,0.654150540846718,0.576834649910208,0.502575901613749,0.484012698403311,0.487661925048299,0.447840779643988,0.462259980898524
"TCGA-EW-A1J6-01A",0.459959244173343,0.719922519936729,0.58257028109197,0.686825753464302,0.360095069364086,0.367738612836865,0.385097783474212,0.726617572302597,0.461630380567194,0.42373330045179,0.626423252580331,0.55313757080626,0.476269481238015,0.358125926739643,0.469210132739573,0.240705221145928,0.361843537252307
"TCGA-BH-A0RX-01A",0.663492581620133,0.821578773567411,0.744718902358574,0.84051760460245,0.442468476523379,0.524305767650417,0.481603346670892,0.775029286507942,0.6850048796345,0.513999493825845,0.791590334276003,0.591623651092033,0.500008825548746,0.515455770450079,0.579395622136136,0.40555914781192,0.485774481008601
"TCGA-AR-A5QP-01A",0.261504907236433,0.496904500113558,0.414713468034345,0.822223473751919,0.41237054362055,0.395288911247897,0.217746684310504,0.748991460042538,0.630979411242965,0.510397698736667,0.750130519826739,0.572300831426899,0.509913986235126,0.309408811344227,0.485494512552915,0.355243308298432,0.380495821457245
"TCGA-AR-A24V-01A",0.266418594195115,0.5558862863382,0.423969111588105,0.837138035369338,0.417931754836117,0.399702294213757,0.338792924266029,0.765665984980764,0.764929586835247,0.521635955593807,0.774465501208171,0.560169023161576,0.50801061395351,0.314839464094436,0.558045528854691,0.213804294560718,0.305528099942722
"TCGA-D8-A140-01A",0.382723774265254,0.621032988642721,0.490262692036531,0.745643832253384,0.440210056839783,0.335524101945342,0.322489445884336,0.755431503740592,0.52757102285017,0.459175972393658,0.678588526038109,0.55665749556049,0.497855370132328,0.353603636590897,0.468480534020677,0.284474274321121,0.399727857649922
"TCGA-E9-A1NE-01A",0.623912188185896,0.775146935577485,0.697548221830486,0.793779670302234,0.445554038807065,0.40420445217417,0.452573239980722,0.74154242793098,0.619334021048658,0.503725272232441,0.72318666712353,0.620212379674603,0.522095961736159,0.520720792165497,0.522097076698077,0.335470735686947,0.441721312246987
"TCGA-C8-A12P-01A",0.378712564360872,0.667640734069686,0.479247217154825,0.813315664001606,0.418190570262062,0.411118494387773,0.345715625170327,0.788525229201636,0.671518925374298,0.499478387401717,0.744209644757255,0.549252866518908,0.481746406869565,0.304422646655063,0.552958204880019,0.303267664989027,0.383664195832801
"TCGA-Z7-A8R6-01A",0.290969279848943,0.559748069474986,0.429320387805584,0.78046671813621,0.379229441037268,0.386546334847774,0.279191804685325,0.644984042657427,0.693332646553788,0.403294188157123,0.719943172578691,0.541539777491064,0.500373860459014,0.305480589601111,0.487502918945768,0.250673999435269,0.28827627475754
"TCGA-AN-A0XV-01A",0.355236270183219,0.613858951657503,0.476494516398672,0.810869022725858,0.430752783201293,0.404015803597383,0.278491960826482,0.779911863911397,0.644784506837684,0.547608115773398,0.730510256067898,0.572330051660342,0.48976510320258,0.325851859898484,0.489402553029446,0.359978466216355,0.371653348636347
"TCGA-EW-A1OV-01A",0.627875260670897,0.755335530377665,0.730454553202597,0.785322639502144,0.405471316996521,0.362402448186819,0.479737066859001,0.739706650950275,0.561740990815476,0.580452703888761,0.713212819407981,0.605120849237644,0.514577658038406,0.510244082839277,0.533782473458547,0.405840125417059,0.530601438535365
"TCGA-A2-A1FX-01A",0.283292127821373,0.546806213462921,0.434354965547861,0.774601102545137,0.372548966982958,0.376002733742059,0.271265639005644,0.740899533487455,0.558500377031817,0.495046900243463,0.673428809984169,0.548363722734329,0.505411779571083,0.309256080733112,0.48664609435813,0.202369115172363,0.27101667397335
"TCGA-AR-A2LO-01A",0.41914068425232,0.644480100398407,0.555327050813058,0.807881593535995,0.431882638660786,0.41356140576904,0.329811678137425,0.759730916157264,0.655191437246518,0.503212742760477,0.764109319914921,0.59332232810686,0.530910741516433,0.378962510950736,0.469251359399847,0.314925087996171,0.414734055676152
"TCGA-E2-A105-01A",0.22177599136525,0.495264834806366,0.35581465989819,0.726381642226468,0.361259161767876,0.329474266829802,0.223222216704832,0.74200063556345,0.519550798695988,0.378395120963794,0.66209499175118,0.542707941313884,0.500984408246899,0.225264936931493,0.456711869790932,0.194365412375918,0.272750818557789
"TCGA-A7-A26I-01A",0.105561079395792,0.446810682816165,0.290601573005938,0.766147444933092,0.32905749236882,0.420766140283604,0.285106423130012,0.663834844581147,0.657878715374251,0.519132561530308,0.788257425203122,0.496843502586767,0.467065518185699,0.207861794269786,0.560336585527784,0.100810282270549,0.315251038056566
"TCGA-E9-A5FK-01A",0.613287765670662,0.728818177951139,0.733242554224056,0.793920603473042,0.442153525637513,0.375280647000164,0.453738316957137,0.751182437796702,0.573736524434075,0.509858401576311,0.766486829773172,0.619641679355697,0.535377611445505,0.562159472705902,0.490456189221414,0.440542850765489,0.467320781634066
"TCGA-A8-A07B-01A",0.261117205195486,0.571593772447805,0.426381258526624,0.779483878040059,0.347891087045378,0.444697003092747,0.306142921760645,0.696229691823506,0.652599561083593,0.523645341580474,0.700547407099161,0.566963154288529,0.46880920409833,0.278463447683668,0.51429354689425,0.259306364732201,0.30045595873532
"TCGA-A2-A04T-01A",0.528432016198124,0.734236715339723,0.630460163288435,0.733870414063088,0.388084748725266,0.445836922467904,0.442103909605886,0.69103951454729,0.504975026262918,0.439326826478392,0.74841200041423,0.531650495316773,0.477484345914044,0.373280685437831,0.547622955550034,0.423634620685062,0.452556920899887
"TCGA-EW-A1PE-01A",0.446487037118363,0.711964489928433,0.555066099193702,0.823473235413689,0.4111875753025,0.386333118820041,0.406215073248002,0.757353320469038,0.676052196028377,0.472048303088204,0.718214009421652,0.561340518905039,0.514731628667374,0.358669991576888,0.569614680157597,0.314431193258169,0.378976257562433
"TCGA-D8-A1XW-01A",0.397347394971034,0.709991391198098,0.489157305931083,0.755422397292725,0.410257710637019,0.391169961475858,0.337480340499047,0.769738573575339,0.593474043555769,0.498252289599159,0.789523965243864,0.569516677181978,0.503517291130758,0.306228941147595,0.547416393039296,0.328699442567893,0.378720451755999
"TCGA-AR-A0TP-01A",0.055965853265675,0.320371942450748,0.239617081129525,0.713875823640649,0.362494173720723,0.483823463742685,0.0894208595015652,0.71054902128877,0.533347326377065,0.413426214976485,0.755062371060495,0.521141669410924,0.496269493909651,0.181358068684133,0.505872988045453,0.360618442851441,0.242652331990988
"TCGA-C8-A26V-01A",0.382310317649612,0.684502104659152,0.470135488536495,0.787013523556702,0.384133689706472,0.384486907499846,0.302182714222888,0.681840334166201,0.60938129194668,0.438089044193719,0.694952705830693,0.559972218427914,0.50035577873478,0.314960748015681,0.529077689795545,0.275104852436317,0.28552536410331
"TCGA-AO-A0J4-01A",0.479445175140362,0.758841575904826,0.613967211202254,0.808613598962576,0.409944185388716,0.517505872543926,0.362613281300507,0.763107800741016,0.600986593761674,0.512632780752303,0.794764925496861,0.543233797873168,0.499095774532143,0.381120110453629,0.54804006047926,0.321475564678883,0.491851280844526
"TCGA-A8-A08X-01A",0.439052963242503,0.71585953167463,0.545167742301817,0.838322921944073,0.421961542115968,0.423149225139043,0.345883901323422,0.779690288220048,0.679613148348779,0.557226137971937,0.815589850399701,0.561429217976017,0.475357065369845,0.368947748502396,0.560819218588109,0.369237501843233,0.46041072003961
"TCGA-AC-A2FE-01A",0.549029507556388,0.726064712342872,0.616841133434627,0.809143461449425,0.451062493056523,0.39438143754963,0.357585722820204,0.779824503385713,0.718167799291598,0.533226315753899,0.758798776551416,0.607226586842835,0.530985801916758,0.443988356430894,0.542767046970583,0.420013691190974,0.363695748512347
"TCGA-A7-A4SC-01A",0.292797882974204,0.508158784034622,0.431494729384215,0.798750194023081,0.409826514022418,0.398292100594569,0.239440094216174,0.736156778025468,0.698474135328308,0.554090864402848,0.731712445808084,0.583482265142274,0.516028045164973,0.321429701712257,0.485824028138571,0.314859909483197,0.382598072083408
"TCGA-OL-A66N-01A",0.274943925970123,0.425181041537554,0.484642626299058,0.807973637994436,0.439384076452409,0.368462250397387,0.271224334073798,0.740229502164225,0.593417868196569,0.522250154262305,0.720613545192016,0.580552774327347,0.533817077579982,0.373224024314744,0.479775490581242,0.374306185916676,0.423908176717165
"TCGA-A2-A0CM-01A",0.582546198709767,0.835341049305948,0.673412592237493,0.804856473358013,0.366794551891129,0.460862704900669,0.486422025229558,0.740389357445078,0.587246569978785,0.534248669697541,0.751368786893273,0.574770280009778,0.481547528212087,0.429546621590412,0.564948589807434,0.288352761397566,0.408363302336904
"TCGA-D8-A1X5-01A",0.341126124227458,0.620894523714741,0.439756541930647,0.784188470119634,0.433956737290549,0.374338693872392,0.307071819513899,0.756598559538918,0.659134685508357,0.495372519003646,0.731289143393798,0.555498037136708,0.492312859727145,0.294652882540275,0.558637525340981,0.256599378838499,0.33579460698645
"TCGA-BH-A0EB-01A",0.391843384333293,0.653447476422508,0.526244983612362,0.814385279581349,0.428154691189404,0.379120477808888,0.350348357513526,0.728055303512382,0.714647083958121,0.488390138766968,0.732464255289912,0.557539673799318,0.514314286526624,0.330216921876095,0.533643195052418,0.270105073375926,0.373964424581529
"TCGA-AN-A0AR-01A",0.144011334522785,0.413154384688262,0.329874238874491,0.68462625569757,0.352090318953752,0.505508524713454,0.19519148240555,0.701022537161718,0.434151878430926,0.350329580775562,0.703124848700781,0.523776156296022,0.458297630725198,0.227344967773944,0.445850390708933,0.228952143010908,0.34280456629367
"TCGA-B6-A0WW-01A",0.339580868286482,0.652885056900941,0.434579665584109,0.808036235027269,0.396063416395388,0.396316212749596,0.274227189880954,0.76509834641149,0.647352797586301,0.451242193834431,0.715515805947947,0.53800860397012,0.505922631534416,0.242613964142594,0.475246496080683,0.235411375194261,0.297593029418695
"TCGA-E2-A1L8-01A",0.289714474135095,0.566262658194794,0.452644127558649,0.809182188047617,0.423379356165873,0.366467738314301,0.272604917218189,0.725595275734257,0.690284684788328,0.524475556674799,0.725729582850381,0.568194476729279,0.484533179976742,0.292224980391626,0.488266477368421,0.324211933323625,0.319623031345132
"TCGA-EW-A1P1-01A",0.424499104039251,0.649752343413612,0.558512852222452,0.856846743223872,0.470517735207519,0.490579316560285,0.344312869457102,0.803060596260047,0.717191652184994,0.632894814698806,0.839829406537346,0.58753332099465,0.519109373205757,0.404274636777749,0.601832546106512,0.428899540051768,0.340360788062288
"TCGA-E2-A2P5-01A",0.347038035337232,0.605641195846776,0.473089214675155,0.782876131750189,0.386231122511912,0.372887971513144,0.306832262774688,0.736414509031921,0.609648982643874,0.532578905701707,0.712480023891424,0.565518096931037,0.511638321090635,0.344066807305912,0.461138926806974,0.277372534084364,0.28457548840934
"TCGA-E2-A576-01A",0.261115078615533,0.49055600678364,0.433501336087463,0.738512338334415,0.403769091911782,0.321873849956554,0.272181876404397,0.705880025182441,0.536126808085262,0.388440637426464,0.665496635048675,0.523024904972938,0.512366096049753,0.294262699829311,0.422129022471815,0.273481163433083,0.362890191278282
"TCGA-A7-A0DB-01C",0.051696128555678,0.387956114936697,0.260737494069067,0.752863946703882,0.259200498281944,0.288594530072407,0.13279866032451,0.694165644699378,0.663757185046474,0.548687055147733,0.619198067939629,0.508043830195476,0.415209775100215,0.202375204581921,0.47873397910996,0.00815652042107362,0.182890910061313
"TCGA-AC-A23G-01A",0.259028146623798,0.493399804074299,0.431649397502066,0.865330179477007,0.452837711978407,0.45693157014709,0.261552533439945,0.796996223839684,0.788794062204412,0.609267545365878,0.839746372118122,0.570027745857833,0.544117781567607,0.361312954974458,0.611072039115371,0.354871227669561,0.343085474464426
"TCGA-BH-A0BP-01A",0.219007620849561,0.504301628486561,0.384205336916867,0.837590392920108,0.40358003377246,0.422711767415123,0.248642952094811,0.77298091403042,0.720628296772996,0.514671047061997,0.798769699387334,0.569149173300081,0.514992055060389,0.260335931396465,0.540494303298085,0.370235741898018,0.307065492635458
"TCGA-A2-A3XS-01A",0.337289736697032,0.578769330506259,0.490137245402027,0.789091765001471,0.386679093368479,0.471147990516885,0.274430669056042,0.762998297707557,0.553273061913346,0.47174755152718,0.784499213732128,0.55061905288414,0.492779863634833,0.3366510547978,0.466430860747698,0.335459576476333,0.452658473858363
"TCGA-EW-A1PD-01A",0.18746743211399,0.440011913588299,0.351810315181065,0.820677297250565,0.406921172023356,0.411757702960438,0.197277178585579,0.781726077310176,0.661698469850625,0.490910649942962,0.784768132087831,0.548653085681539,0.500221492247732,0.266031334220256,0.524864418259578,0.303263048752673,0.262048647650353
"TCGA-AC-A3OD-01B",0.543571717427355,0.721365832421477,0.648517495560943,0.755460340865818,0.371755838787961,0.323433304550301,0.413384596866626,0.63382541137586,0.492221068854846,0.573929461845357,0.648798917338391,0.54483265784553,0.470977193465193,0.395687428986596,0.522752619034761,0.304251240618456,0.465362181147458
"TCGA-BH-A0DK-01A",0.504239423829811,0.699648363256392,0.62095018144892,0.834455825344402,0.458857489324114,0.454008018063782,0.400095977520206,0.806414955437169,0.672366141767685,0.532965572526855,0.758913386125439,0.591470153349897,0.529095938857727,0.406523945813455,0.533496469678133,0.342713895959929,0.420343782790199
"TCGA-E9-A1ND-01A",0.636375257119244,0.835238022291972,0.728090718142301,0.80805712305586,0.403657589260456,0.445665485191248,0.54826002431171,0.722196789649756,0.598292025662257,0.517269652778851,0.697227473403855,0.57334215317154,0.486839155874413,0.426059719741516,0.604762368445387,0.348556602442863,0.395612812654943
"TCGA-E2-A109-01A",0.323573242594036,0.603991089705218,0.449182562285805,0.789767244859057,0.381619054211623,0.395409266511516,0.282115365375959,0.745847709063529,0.588595861654922,0.455968365181384,0.695099090750414,0.540596134918429,0.501706266460056,0.312866826913991,0.475326482858667,0.243316885183143,0.357193528664093
"TCGA-AN-A03Y-01A",0.371577655395144,0.601182718481517,0.493532121729396,0.76544245432374,0.367899323636336,0.364562857756139,0.312867559769819,0.673267967013291,0.579076002781277,0.518081814116522,0.667122717010103,0.552863250458904,0.515308006541741,0.330005074630552,0.487448779104691,0.221383579462343,0.347909933594854
"TCGA-A2-A4RX-01A",0.336131906721164,0.593973736439056,0.480667795797349,0.858919952910729,0.408684516700449,0.469589585562939,0.279363568573748,0.706686981755236,0.721003691534669,0.56309716136837,0.842526281772864,0.575489395335089,0.501578210314866,0.34490759602356,0.513441395617255,0.346788103954221,0.47997770846225
"TCGA-A8-A06R-01A",0.411223198607158,0.713081554430448,0.498102836355838,0.830946962551761,0.415526320176013,0.465711502355583,0.318957998824815,0.792292631229898,0.687656005639303,0.492450594629707,0.772483798310291,0.543758645924474,0.489907703906433,0.304244580512611,0.566675549754537,0.289499172828705,0.38095003533589
"TCGA-AR-A0TX-01A",0.5175884397668,0.727348000716552,0.624261053247883,0.799161800692656,0.479644378232979,0.365497403998325,0.44042112051681,0.759078984053991,0.61321081082956,0.537193002622187,0.716145681073984,0.581272248368709,0.508249688166096,0.420968295386003,0.577837470625027,0.389933140647878,0.459112837143454
"TCGA-E9-A3QA-01A",0.570146339803374,0.8238294175312,0.71563732005551,0.810949921578013,0.416447097230304,0.482680478107025,0.521241092015392,0.745350322963585,0.586690457192555,0.463477417406182,0.736329602946145,0.576410387047463,0.509998510634134,0.452272152982661,0.592263331657068,0.431064331468478,0.495536771779179
"TCGA-GM-A2DA-01A",0.490930999223689,0.690301493308256,0.586930116183314,0.83073675725314,0.418078096572992,0.403399560760703,0.342945069593659,0.777132469327723,0.704736424878974,0.574774055689136,0.767115666381708,0.603793274415198,0.516235948717734,0.46005199249033,0.517454979319441,0.296547090794148,0.394804331118595
"TCGA-AR-A0TR-01A",0.261320529244132,0.510060718360792,0.418414340475811,0.538829680754844,0.354711598217618,0.259359140964391,0.236070821036001,0.649299699890178,0.377957386378095,0.415141617336961,0.530384345831381,0.543981468117041,0.484961148125341,0.283537240142144,0.399957375208331,0.305805196544162,0.395198431134813
"TCGA-OL-A5D6-01A",0.233893218655034,0.503264947615283,0.414903211055573,0.827847089417854,0.464385717169067,0.409407206535572,0.250314323637633,0.790556054122585,0.694547411005767,0.484770144228983,0.806654947038765,0.570894698245236,0.485498014257235,0.328743911807936,0.545611418361736,0.263996141234459,0.362287682619697
"TCGA-A2-A0YG-01A",0.309506382852862,0.608665893148427,0.422163081239724,0.747089709614308,0.382508461716471,0.417140897949641,0.253573037869337,0.694267804982861,0.549030677724414,0.438942969784321,0.67346242511534,0.54669960989475,0.466765451935988,0.278291988301957,0.471814233566085,0.270731908208934,0.339503555736217
"TCGA-EW-A1IZ-01A",0.687238244606046,0.789365229743495,0.771975474546208,0.737816213398177,0.408799076335082,0.382873247118835,0.522608343953208,0.76473909578768,0.541205169622981,0.51858833365308,0.68781115578188,0.638730271830309,0.533307203829215,0.55017625539105,0.497341960789665,0.348244321886934,0.494882199773572
"TCGA-C8-A3M8-01A",0.216996521035565,0.464579316921598,0.350257468680151,0.759173930419739,0.381421945118724,0.371791374663397,0.158474156030632,0.776187396485747,0.581532729949616,0.478627223801706,0.717003231479942,0.534880618823147,0.509438519722708,0.241711309777909,0.425819492163616,0.266441063241562,0.26317785004318
"TCGA-BH-A0AW-01A",0.564624913883493,0.759681409465018,0.676357528971527,0.838943511171099,0.458058788610754,0.420216835579189,0.473570370115562,0.794574626237327,0.614431390389743,0.535922538999659,0.731749609733183,0.591444202044328,0.501016794622869,0.437120757952522,0.600876155887449,0.419113139389594,0.432724062322667
"TCGA-E9-A5FL-01A",0.193626399920911,0.456464746271765,0.404513272131181,0.821352526819296,0.480908500738003,0.586875667178345,0.246719196080841,0.714797738379159,0.626742188299865,0.534516053265461,0.755589882763815,0.526216574868522,0.499027517201384,0.302055616781234,0.535533300472955,0.386509204653497,0.289478207303621
"TCGA-BH-A0EE-01A",0.442431088115283,0.767828125462296,0.589152269880055,0.615528920612086,0.372545165351344,0.425364768687887,0.345054640263925,0.685865636539796,0.40615717761079,0.442694349829083,0.579140899127555,0.549844869758306,0.440159244826708,0.364041965301906,0.450053529412631,0.265062520075695,0.404454575568684
"TCGA-A7-A6VY-01A",0.504900575305364,0.813274055202588,0.627962385275061,0.84872419240839,0.422441304581434,0.488721965632668,0.429200247318671,0.711409180933397,0.676696465499284,0.484034285797597,0.762208455299522,0.541351536509031,0.498444164838266,0.373020225386157,0.595165647328736,0.396769508612004,0.418116293517208
"TCGA-A2-A25F-01A",0.684052873205594,0.817523269702022,0.792806170605567,0.8606254027991,0.469114792401229,0.417200618863363,0.604356560089431,0.665850858752531,0.649235869730841,0.57823330226621,0.797881644250708,0.614701571192374,0.51132996225243,0.537085995007285,0.670468683031535,0.594624258373161,0.517426310930798
"TCGA-E2-A15D-01A",0.29459803228442,0.531091866147429,0.425777157182732,0.796124382751687,0.390622218577171,0.36000254199101,0.211467415336668,0.748390706160107,0.571046721682812,0.507549744447824,0.684447828735667,0.579141312991598,0.505284003789928,0.308531660146419,0.460951628316541,0.298925715662414,0.367161512855776
"TCGA-OL-A5D7-01A",0.569630421201625,0.771667655428309,0.710606102924074,0.715062335408204,0.3866035689006,0.410299349575789,0.504362541646139,0.714982876927081,0.51971379201406,0.441766849257313,0.672545629850336,0.550475991965239,0.47460857089087,0.432002977750452,0.515265308814558,0.357829090849708,0.473537500696313
"TCGA-AQ-A04J-01A",0.403578280892434,0.630919573056336,0.602392109045871,0.822253284364122,0.438512177972264,0.498012641908917,0.370024256115649,0.725832051731018,0.623302332471719,0.51979777285336,0.814286532315835,0.575409514356707,0.49754786582626,0.385462923439898,0.54607019577831,0.3808765202741,0.558205140816759
"TCGA-E9-A1N9-01A",0.349469149295271,0.591152003182717,0.450207848880901,0.776083178083962,0.360366989030167,0.430764107966425,0.260329071712769,0.79970240084905,0.598904714604871,0.542422709204197,0.712630461084755,0.557507519358658,0.496318456315142,0.317976323202727,0.498853314654406,0.278027151372696,0.392478615243373
"TCGA-A8-A0A7-01A",0.653602714567663,0.786379481899761,0.761773157410309,0.848446575375847,0.425251958389669,0.459437520736074,0.523659812788781,0.773207733855966,0.650632946608538,0.449720100247465,0.752540097232138,0.61357223460568,0.499570781712061,0.528479404912637,0.616097432408418,0.390932111972924,0.513533062744142
"TCGA-AO-A1KR-01A",0.470904270635239,0.654714321632166,0.580174058679193,0.689740577550958,0.358850352081522,0.424355231650729,0.331282198249026,0.641351796651567,0.475212989678905,0.420479118928676,0.681075493718153,0.572218174153769,0.497996526179254,0.431764160013241,0.390633241259447,0.32520841773258,0.355483388362808
"TCGA-OL-A5RU-01A",0.428630152059057,0.622592101012225,0.570102462111148,0.784069844002874,0.434384984680659,0.350066437370735,0.330947358886865,0.752972940434056,0.594912225711731,0.486702499982467,0.745671233254412,0.584175874660591,0.51038979019645,0.396200957447605,0.491221649909238,0.346825822770445,0.473015035725482
"TCGA-C8-A12N-01A",0.233326300408288,0.538505318280598,0.418315884740159,0.829309386226919,0.433898670624448,0.389783806033877,0.275602644645921,0.772237028908724,0.768024841226578,0.447764144904835,0.766730629588312,0.549713788782584,0.50357220815675,0.292752530053032,0.479674541806174,0.200170456201511,0.267715205551122
"TCGA-LL-A5YO-01A",0.644093548959327,0.821144175911796,0.773334472574285,0.811037008216774,0.454697624056861,0.410452831941975,0.530971226598563,0.77251857082166,0.556511995451747,0.433902869597455,0.735039529920539,0.61501016022575,0.492465407104958,0.542742589586922,0.587562009340228,0.351164656512033,0.553036234610222
"TCGA-A8-A08A-01A",0.276699014146162,0.564849482554675,0.465585646861334,0.786713052973172,0.399181523003523,0.324027406916372,0.258645784934832,0.729263873702585,0.688451208555824,0.415846530090202,0.706611406260792,0.5508608792341,0.502427859941578,0.293027443211482,0.507458852559596,0.255221547379085,0.258615208541933
"TCGA-D8-A4Z1-01A",0.264471021170479,0.488581524056083,0.433672609249842,0.810739955923858,0.402688257233222,0.3835759522695,0.229673128470951,0.766352643070586,0.628651386244709,0.535310855440989,0.767065908103527,0.5778701794045,0.531687781817576,0.377729927647251,0.453241144498511,0.273902686086152,0.396398159934923
"TCGA-A2-A1FZ-01A",0.278434153288529,0.549663878839672,0.415979459447666,0.821296489273455,0.448507684862403,0.43295771636397,0.255077137976738,0.740220466667281,0.686921574524596,0.552580773208437,0.750862110066152,0.554725594688913,0.483124804070766,0.311738124841984,0.580781355660406,0.357101816566056,0.314404773727965
"TCGA-BH-A1FC-01A",0.582889415413739,0.790655821552182,0.677277384772379,0.735852200513694,0.374164964309142,0.426937044353303,0.466969292482853,0.746433130328476,0.521026988047003,0.513071592315335,0.690907867798332,0.562299814726966,0.481736149896226,0.402216124432266,0.54525602019048,0.263130152718495,0.469534260446119
"TCGA-C8-A12U-01A",0.545445972634462,0.730674478355598,0.594892552061202,0.615778163642141,0.367569521021545,0.346537864822967,0.36954594106442,0.729088562907608,0.395685321788229,0.414497120071621,0.620782442651707,0.562947092519871,0.481981113479668,0.415780385545108,0.439152169063805,0.314148106942101,0.349572407514326
"TCGA-AR-A1AI-01A",0.573184968102624,0.772739539229874,0.672910577166055,0.690941060047733,0.403336121558737,0.419546223662086,0.482614369932607,0.705202543256518,0.564543003857296,0.462673161887442,0.700033230895417,0.546663560152921,0.483924502981358,0.404946479563043,0.611271653298566,0.411012104345479,0.48520217539401
"TCGA-B6-A2IU-01A",0.179770802582822,0.457008490515684,0.346213890724356,0.727623446377443,0.378922417622695,0.351885973763112,0.181856793256171,0.694098516407163,0.503934005137142,0.437016725163221,0.64711317533662,0.562275666323003,0.491900139673401,0.255853726959678,0.442505785429606,0.215539495605195,0.296098256981541
"TCGA-AR-A1AQ-01A",0.570916210279397,0.784705735159522,0.681398283686141,0.796804077508734,0.415695520705038,0.452269703792913,0.472521696567824,0.694542739017425,0.597615799990117,0.472538437259967,0.705351012958287,0.552842468314844,0.502023260374658,0.428296592912158,0.572373313662814,0.425468675549033,0.477359881944398
"TCGA-A7-A6VW-01A",0.280887518859853,0.581214472005674,0.481660047080737,0.818788033883035,0.392411067703472,0.478753022268635,0.272320607178555,0.708273083907353,0.592643143480577,0.425340238841246,0.747265267732696,0.527342465478687,0.493566404541558,0.332788431011654,0.571686629848944,0.250673672316553,0.390717754949647
"TCGA-A2-A0SW-01A",0.551548610851006,0.74046521663746,0.624029080607584,0.818239389906951,0.42909076317086,0.364623389556329,0.388796122658244,0.741096485791878,0.584918345775529,0.49009642050025,0.716926732446135,0.57099149952873,0.487497492835884,0.404271921661796,0.540422725492099,0.349386753171334,0.443578235397221
"TCGA-A8-A094-01A",0.547404611085461,0.804231340280844,0.615530636978475,0.827688250403457,0.430559511841529,0.433641739920769,0.442012652619435,0.790356526468734,0.627431920486585,0.494302686793823,0.728570070026989,0.557769188201198,0.477289861286978,0.354575795558564,0.605798920688038,0.358378128392154,0.410897504750363
"TCGA-A2-A4S3-01A",0.427683671049491,0.671626674256309,0.544995254873695,0.769740770995921,0.428880911888067,0.424655546158825,0.355859404085202,0.740320065197721,0.539561245307491,0.466620100528858,0.670493304495953,0.546056911431655,0.482999642566167,0.359620616249453,0.490684528638914,0.329831832300059,0.354421298526415
"TCGA-AR-A2LQ-01A",0.196882368551655,0.460816727662682,0.384784748018417,0.846527312214447,0.452731718292655,0.431208718949316,0.231675134887247,0.79353653354004,0.747207236996098,0.640614521298169,0.802855288826953,0.576611114531236,0.510204831364876,0.337374054846156,0.581823342518809,0.366571022858541,0.398417843448734
"TCGA-C8-A12Z-01A",0.191584777886596,0.513539263732743,0.35946014506214,0.790879746403383,0.366392217998735,0.400439544946934,0.193213429974187,0.72748025311767,0.651451038103871,0.464595744039701,0.701387596357312,0.541010348479056,0.457321593897102,0.260163115330972,0.502488048834747,0.266786548276327,0.305468634557852
"TCGA-C8-A133-01A",0.204101130983335,0.491599208581758,0.367032377725061,0.530089437783351,0.320950768830881,0.286654911247154,0.180630866094761,0.661309433272743,0.404870740675568,0.363170537778103,0.543143541722292,0.519916492886413,0.490067206328533,0.285252519507616,0.418244001513437,0.240684439027171,0.243125391379197
"TCGA-E9-A22B-01A",0.334641581739324,0.617046224977017,0.450656738859224,0.815109020420644,0.438330786557474,0.440484454872152,0.28638183589218,0.772684302214362,0.645146180317116,0.471489261055807,0.758437538805366,0.552487317611608,0.490505133819088,0.319272120320438,0.536538482668003,0.287695820858621,0.270464504883449
"TCGA-E9-A228-01A",0.142239365653736,0.394556427838884,0.311631264618514,0.724129950734192,0.373732010516197,0.338355263105946,0.197064756715883,0.723084170647061,0.468918698106996,0.466783918191082,0.638346140482139,0.531851576633356,0.46479061681868,0.206372792266941,0.565916715638317,0.213619361729494,0.171408111577455
"TCGA-E9-A247-01A",0.219669625917819,0.481796432846198,0.365046357135581,0.767128799936562,0.365276634358457,0.414199660676838,0.229813175271309,0.714800390708527,0.574172475199583,0.401405089389135,0.729692548850502,0.527657246092051,0.486143493021421,0.238030021115035,0.460364726942395,0.236953816044244,0.266442011884497
"TCGA-D8-A1JJ-01A",0.287045223753789,0.575782864917045,0.40736163377915,0.829984556362044,0.410300012287473,0.380590163803293,0.288081232128762,0.756582409678152,0.738613256015238,0.524830377843582,0.752011337060944,0.54818540086886,0.478874575577918,0.266482703836902,0.59380834004884,0.306372766161389,0.263740210191718
"TCGA-D8-A1XB-01A",0.177641449473804,0.469159918399389,0.343681989522163,0.823364059521275,0.397110405523287,0.400053580667367,0.220888075553361,0.765009767977743,0.753989136325677,0.504226649965418,0.784335611556407,0.555098969071168,0.496282227788631,0.259224450633872,0.480153046633226,0.243113605743002,0.318165787500567
"TCGA-LL-A9Q3-01A",0.38412593530979,0.61229436524276,0.492930318616178,0.783573616921386,0.421025895431062,0.362792134127749,0.314378996148501,0.691633839026637,0.617327806492256,0.418384644067257,0.71782375625209,0.564662916053497,0.528604335846292,0.331133086783218,0.493545066721327,0.360021425203892,0.325070243279211
"TCGA-B6-A0X5-01A",0.131496168363492,0.438589897085561,0.359666313357671,0.731772610149492,0.376294571487832,0.347234176880795,0.252775014698414,0.66531109627807,0.446939111760499,0.409146472663217,0.605013849295785,0.526252248108999,0.47006044149261,0.242342803720206,0.47482519633056,0.196578937815803,0.267160734894681
"TCGA-BH-A1FD-01A",0.244584682215473,0.580144195987531,0.428605116297038,0.822404996969968,0.347146659369895,0.367360904449372,0.341974615034508,0.740313279704419,0.644032340513523,0.508965050301127,0.6838448023741,0.547858351151932,0.469715184025324,0.281212740955184,0.544288356582593,0.260367729636129,0.258174112825126
"TCGA-A8-A09T-01A",0.194607275455336,0.535052511111077,0.386394815065684,0.792524070980987,0.408322572291479,0.437275743691498,0.24451414713182,0.724405406115641,0.668057581684604,0.403817511958943,0.718709813297232,0.539300204025568,0.494268820839807,0.256761592805695,0.523525718642425,0.128505417085687,0.260712111593096
"TCGA-OL-A66K-01A",0.171978687372101,0.41734192050804,0.335559235728178,0.813926195681257,0.370478904045128,0.37803104914499,0.232375968265665,0.735189817105408,0.625094807103101,0.522305671968397,0.71233694969104,0.568392755110171,0.514977015422397,0.259797793946565,0.488614947615988,0.216604794253468,0.31084413229436
"TCGA-AC-A2FF-01A",0.390874046817615,0.613115807745904,0.55513787668912,0.821745945620785,0.458349351839124,0.424010544269652,0.316368713568935,0.699675101807563,0.660267429592425,0.557620972353501,0.739079766830525,0.588877490351281,0.501415094554326,0.382787906169043,0.542936649161415,0.395003392427854,0.432543648670799
"TCGA-E2-A15L-01A",0.139553684092591,0.467402720451859,0.321097910324687,0.799319109702007,0.410904122315066,0.404707544330957,0.201067358069922,0.655033989233761,0.752804412849861,0.497078383103093,0.786441325362247,0.551458065736662,0.474053907996806,0.265150425155171,0.510856959625709,0.2410880221632,0.302411477364485
"TCGA-E9-A6HE-01A",0.299621982690499,0.531211241511785,0.494256952133967,0.816335234105109,0.417797903934982,0.387357590666291,0.277630327391651,0.696622405891256,0.664055163606487,0.46333921453657,0.773210057639478,0.570686806987476,0.517299530864762,0.351311975846947,0.541256260072074,0.33308035859944,0.313666477144626
"TCGA-GM-A2DF-01A",0.413245791212405,0.670683463343177,0.584935740644709,0.817833054817917,0.430756874638734,0.473562812179386,0.364492014093066,0.774424042545276,0.566037255707691,0.500088202178797,0.779212464280002,0.558928641440235,0.48170122496624,0.358197647896547,0.547059002835303,0.359431638507024,0.473971637646957
"TCGA-BH-A0BW-01A",0.550685322311661,0.813555950802919,0.683344645331987,0.779760266203376,0.399738732616388,0.573133762440181,0.496030333078045,0.754446634869441,0.572524435950303,0.50005802128186,0.709120668388182,0.54785702025872,0.481340120768755,0.408069683809713,0.587303714229366,0.337745749861911,0.462237480737681
"TCGA-A2-A25B-01A",0.406242405199513,0.688754873570757,0.484810206587534,0.782108619531671,0.397061652764213,0.394491808408235,0.34650885153963,0.740864159059531,0.640666894126025,0.477892341866471,0.733215786689773,0.550359087003376,0.479678125027773,0.294096605447384,0.542281672087815,0.267437782104146,0.341861159307579
"TCGA-B6-A0IA-01A",0.13446391497174,0.403680690239483,0.364226726870424,0.69072786711086,0.37380017445332,0.370062892372425,0.148037499375387,0.673046647823768,0.517138668040177,0.356676707530579,0.639316735413189,0.562189199632667,0.469625755022985,0.272206110337582,0.470069274667282,0.249500480923265,0.173230010170264
"TCGA-A7-A6VV-01A",0.340523794590389,0.634948204072177,0.463235330323509,0.846038568988794,0.409792053635947,0.496149392089508,0.327391231068243,0.757284625953582,0.728700944063856,0.517892099197941,0.829231778993861,0.543909868962641,0.490492543907041,0.321394414133733,0.58446488462701,0.336831593207048,0.409326910569471
"TCGA-AN-A0FF-01A",0.324718346604143,0.580552264772117,0.46267470634547,0.780048373333331,0.398258014945516,0.386272127698328,0.286771156311466,0.759974468031117,0.618796320713364,0.494450847370812,0.69746340506324,0.549821089472808,0.516430734965745,0.314364103126512,0.512096937123625,0.299305632420103,0.349415913755893
"TCGA-A2-A3XW-01A",0.26584067768688,0.471833715450788,0.484388956158642,0.791909711339665,0.481328954085937,0.361842300642959,0.295325606238339,0.743778133000946,0.654852150648147,0.41572595512073,0.798882291572329,0.563777411744417,0.542122523547285,0.388598752210288,0.467171548245526,0.421315393984265,0.302381472018425
"TCGA-A2-A3XT-01A",0.444740586461005,0.743599009476558,0.569597740950717,0.793213762242027,0.409917457061617,0.43797953616503,0.349743427181564,0.752637278401824,0.51336714737963,0.517056884944057,0.709668745169519,0.539016540846329,0.474386377692297,0.338458435821733,0.592183836648298,0.3303789789859,0.38907065185603
"TCGA-A2-A0ET-01A",0.354982575899637,0.588826337100436,0.479828544584934,0.596487094191258,0.363398573131807,0.260706326181099,0.289260989419651,0.643411357038312,0.429449982809252,0.416838406301629,0.546230491848825,0.552579905310808,0.48877569763755,0.351865706197527,0.450682054417243,0.273866639513548,0.289392734036503
"TCGA-E9-A5UP-01A",0.203033227121956,0.486436325045425,0.397883933742373,0.558111964525857,0.394886611615757,0.280851719190716,0.254095379380395,0.698867724797168,0.380503468456906,0.383019451108436,0.582790564837335,0.555321600896651,0.528304406140602,0.292592634259413,0.509740433436252,0.27524651888817,0.222213671888909
"TCGA-D8-A27G-01A",0.4198664354179,0.650021056965298,0.522775472649585,0.792174314881384,0.404169542323497,0.378535204916331,0.326502184817287,0.695126447038718,0.699484449398017,0.54076003491491,0.754510415665221,0.574474889299584,0.508991388028409,0.361740344312009,0.514163219906687,0.304926216125556,0.364979468307953
"TCGA-A2-A1G0-01A",0.307059240651784,0.53183958779334,0.489848767134931,0.784819748236177,0.418747961689634,0.354481846722647,0.282053694085835,0.762493016352865,0.626424922170787,0.479641524890437,0.743898615978837,0.579247321038315,0.498278567308531,0.350164799122226,0.459720772511175,0.265665931214887,0.406047384829928
"TCGA-D8-A1Y3-01A",0.382766256080236,0.618561895420744,0.539602443213518,0.750471732082213,0.394054519410898,0.343697905312892,0.406287225863985,0.758835739881594,0.573538807181364,0.467419108503242,0.68923360757939,0.543266200099363,0.447196238791511,0.337258136677984,0.52720810765906,0.274391478782491,0.358768141901313
"TCGA-BH-A5J0-01A",0.453681201408255,0.685336449310454,0.594518615074059,0.838248987229873,0.479669712050665,0.379581727286855,0.383470264743478,0.765764937553755,0.696348086268547,0.434950718017334,0.791505169791016,0.566654660796463,0.514178255094734,0.39772454189134,0.596551110438902,0.384338123688648,0.3627643596663
"TCGA-E2-A1B1-01A",0.458155115983976,0.726855714812985,0.557708871609307,0.840645532666489,0.445952800244555,0.418106442024456,0.387301729363079,0.733249052703272,0.667269460153436,0.564539145981866,0.744745132303682,0.578369358562752,0.487936266689726,0.345804837223607,0.613075775222349,0.404412986532812,0.387683798341047
"TCGA-C8-A1HN-01A",0.252640779145938,0.528268235628748,0.392488343440592,0.740504519464268,0.374332093939511,0.393962488269572,0.257538666594949,0.799988828466606,0.573570275567437,0.57058643509952,0.695603946205261,0.547319624640954,0.485043814189932,0.258258343400514,0.477008541189354,0.178377428067875,0.263859819508883
"TCGA-BH-A0HL-01A",0.0477344864756183,0.349580873012024,0.220514223738621,0.675854013272033,0.371452774695191,0.270569284466457,0.127965646744955,0.714724536976621,0.443630244649044,0.301005772393375,0.671991739182004,0.522749345742732,0.469143873793345,0.206111931961095,0.357733821116334,0.205977529952625,0.191148981542862
"TCGA-B6-A0RT-01A",0.705102236015257,0.821324511153987,0.808763057544583,0.80035412510008,0.404786012108652,0.417476878994346,0.590270876846817,0.748978828314995,0.572287383961358,0.510919164364166,0.741057646316498,0.636948314408069,0.512883968313207,0.590795802515723,0.544058138733324,0.398728071981752,0.555589048704176
"TCGA-C8-A12M-01A",0.372219970289929,0.600569404233211,0.459965012395142,0.66376124828923,0.361932633839214,0.321486450282733,0.278261845477329,0.755844771961861,0.435296750435126,0.527088889824003,0.652166621041828,0.551444284682211,0.487315640741285,0.323700225310668,0.400617671571257,0.22282784417459,0.358837015139294
"TCGA-AO-A0J8-01A",0.358375825556997,0.612364220748683,0.500626645793397,0.812574777693201,0.40705347226077,0.360998971467892,0.315842142346297,0.642641394528567,0.689746351296493,0.470648148395222,0.717766786236513,0.548409846978178,0.507876370104449,0.321449793786678,0.56122296530531,0.332025958625039,0.346584191455746
"TCGA-A8-A08J-01A",0.275067042379755,0.550863675582785,0.425189989408289,0.812451495930309,0.40251758841406,0.446530105926422,0.298889464223018,0.769626245103915,0.667281097301974,0.458308240370072,0.743980017813759,0.545158697442155,0.472615704261253,0.281415240798729,0.527198477088815,0.267382973006169,0.351371306367613
"TCGA-A7-A6VX-01A",0.239191955320222,0.536900468284492,0.400892725059679,0.822066058230253,0.402225029465171,0.353247410209398,0.266265036580291,0.748964954628183,0.719329598083791,0.478819944001142,0.737035163464736,0.549391221648766,0.501519715327936,0.229169644415069,0.536425968973369,0.216891691526629,0.263907895223336
"TCGA-BH-A0HN-01A",0.145758288642831,0.466602992672709,0.325650894934691,0.612763900537837,0.335110122729498,0.282675579033045,0.17146738284093,0.677823158594267,0.435121884450826,0.39773515968611,0.580712501949481,0.529297881443263,0.479320565390086,0.251230271605991,0.450524199987952,0.167174321545702,0.20618014619409
"TCGA-A2-A1FW-01A",0.255693038781101,0.524851304917892,0.419444910979886,0.754571290329971,0.36702696539772,0.339779144046164,0.26835246921935,0.704467104767593,0.527492641416449,0.417263407488036,0.651688649126629,0.558872375977393,0.486533270615308,0.35131676456973,0.491820245246898,0.264079686992846,0.36651526860526
"TCGA-D8-A27K-01A",0.365900111305389,0.629084394268128,0.491600443466601,0.800933493616854,0.36728947813966,0.397013079408311,0.269877380222778,0.722640571416521,0.661546894900859,0.519954021216914,0.714661582679125,0.562547546247984,0.503449061735793,0.314361082503382,0.475231287269273,0.299421454917209,0.42422995726674
"TCGA-BH-A0BF-01A",0.560683673270467,0.761815416433951,0.684602671296275,0.851891397375314,0.438355510935924,0.407485725812908,0.491072179386656,0.747393684466955,0.733007021309439,0.505420197387964,0.755397468713518,0.580318399184971,0.51858493038207,0.439979553325812,0.585027464704577,0.343449567938333,0.4290120524629
"TCGA-LD-A9QF-01A",0.571754889997863,0.772051262746088,0.708110233308198,0.849076926736351,0.449954911037023,0.419846066763787,0.475598329969044,0.809607199401864,0.699854585115305,0.595378223527068,0.793501608494312,0.597009282888213,0.518371076394547,0.474562928147661,0.657974714693374,0.430305489426877,0.454538828580908
"TCGA-BH-A0H0-01A",0.300280914271373,0.577539850022638,0.402502297618893,0.630597466113265,0.388644240882403,0.313597139932268,0.247128276536573,0.721162369085939,0.407302458426598,0.410742954127934,0.601732692826651,0.524106870039039,0.487161315187227,0.289065919156791,0.426187291626517,0.319710798163781,0.319209056698687
"TCGA-BH-A209-01A",0.620539089610031,0.811208976786159,0.734759575929148,0.783873291177242,0.421961752614538,0.380228633454566,0.505041875526015,0.657249539686632,0.557676680950212,0.447551914101307,0.683268656980187,0.568265920103633,0.463991508319868,0.448488962728036,0.565947743025566,0.359661086741051,0.499196546000201
"TCGA-E2-A14S-01A",0.325769510424728,0.58215311020934,0.44174108808206,0.698933878764617,0.38040464943341,0.301963406404788,0.288304451777772,0.697031656713611,0.46514801342435,0.427917843424286,0.647488287020967,0.535307722887706,0.494102267767032,0.314053356830117,0.485735680711473,0.211047444024171,0.308603117915096
"TCGA-BH-A0DP-01A",0.330381706645572,0.567450601303328,0.480660736435314,0.828798041507527,0.41173408729331,0.430139025209784,0.266874044542605,0.740278441523658,0.727686025139825,0.515047085371243,0.732131086738188,0.572092683506968,0.517373921728578,0.347212957065798,0.538652618121567,0.306947531363444,0.375899103455629
"TCGA-W8-A86G-01A",0.112143709712776,0.371115022494346,0.297167033175881,0.793444781775934,0.361423973606539,0.385915874636244,0.134638821829201,0.717039264276622,0.649181813751661,0.438735070100689,0.761854804841463,0.553388655485817,0.52992606397636,0.275973655188764,0.442133431730088,0.199855849717532,0.314912388817599
"TCGA-A8-A09C-01A",0.170997299384415,0.456298137463138,0.353323990849912,0.770358655916941,0.395188163486234,0.365919661715404,0.200264958348582,0.721921407442934,0.628465281832682,0.427434778157768,0.691733235698464,0.533776599285034,0.466304307054181,0.247613485588039,0.447421828592596,0.273461536848841,0.235231628422966
"TCGA-E2-A574-01A",0.0892104042439715,0.447333752381358,0.310235025690037,0.705763778916064,0.361973076771742,0.520841042447878,0.110198952404106,0.733611895699875,0.416866871452077,0.408395709127748,0.650814631659044,0.514286999139693,0.444021490363833,0.245431060442069,0.467434289549322,0.228869768628609,0.297261874069837
"TCGA-A8-A084-01A",0.228903729191765,0.544736534618194,0.388437439703092,0.796627271563793,0.376306305206708,0.399641497252683,0.248529797549313,0.716589851280151,0.732791465932457,0.424047459276359,0.749276067304025,0.537608406941771,0.478167057250935,0.265352911878483,0.505616107601787,0.25959486167762,0.22365788880152
"TCGA-GM-A2DK-01A",0.267633833733462,0.500489653554255,0.470611311341983,0.81693480125205,0.458043384243331,0.423110346084607,0.269793347602658,0.788451725654457,0.58717317843214,0.481766015057716,0.770102439160625,0.592226396532254,0.509812444535451,0.363494874919563,0.563244207110462,0.449692209564954,0.349324633729436
"TCGA-A8-A09E-01A",0.241427859433366,0.537768755988697,0.389262614467648,0.756689929111528,0.381456909792786,0.354263586476586,0.228835859441583,0.732260153123867,0.531327539998847,0.437404753692254,0.64092617856821,0.531114338732676,0.474170979310364,0.269305415684369,0.459992167110613,0.246362936147731,0.250186367409416
"TCGA-AO-A0J9-01A",0.391242628520087,0.574695390401454,0.543909403440375,0.824272769430016,0.442411338753916,0.408294027447485,0.361652396725176,0.754316190968759,0.678072973752824,0.569157772549598,0.805654790712978,0.575456186591337,0.528051532299803,0.398286967771217,0.598830241726442,0.440886168074897,0.334710383957963
"TCGA-AO-A03M-01B",0.528434109582461,0.743888431896238,0.631042936942817,0.793895084854169,0.412191630162164,0.424124139789331,0.429033060308256,0.751137592758128,0.592438172035685,0.417077564957715,0.718145823105023,0.577032087758232,0.505401205781517,0.388538106510215,0.53434953705691,0.310548699893534,0.416873475117378
"TCGA-AO-A12H-01A",0.157846681071674,0.440090472160371,0.355402252689571,0.717647261264201,0.348570166793694,0.294638504355869,0.155511572903535,0.705643554960512,0.471811568546327,0.368799794175141,0.645888740380417,0.547663641894151,0.492968678665574,0.28186269947183,0.43813157008323,0.191725414068683,0.207889728303097
"TCGA-BH-A1F6-01A",0.456508065803788,0.69641243154116,0.554346920211601,0.804319339796068,0.385891071388985,0.477714547393596,0.38367196326269,0.765954557278109,0.598233398107763,0.460622643615902,0.751672620943216,0.563893835059308,0.483462685539526,0.385931962935543,0.571489619533881,0.365687528265401,0.422644435800128
"TCGA-B6-A0WY-01A",0.352820018758697,0.632722159612494,0.495726625149738,0.810002922719581,0.419876475002084,0.445933977397698,0.281950869893608,0.750342684589741,0.710768655099873,0.469616474827419,0.780433591776968,0.565102257007988,0.524534202651896,0.327044397851503,0.470601318447968,0.268050293557158,0.349237968520739
"TCGA-A8-A06N-01A",0.21796864140779,0.476750829618251,0.362883411666161,0.437029731479149,0.333825053093402,0.21253726202458,0.194124355469398,0.678313182450482,0.272016696109941,0.313827865608003,0.555302833841873,0.529735222970234,0.468626112733385,0.307075742988462,0.410275466868567,0.211475635731114,0.252829307982262
"TCGA-BH-A0BL-01A",0.50204438275699,0.78775719059269,0.618754900678545,0.861327712613259,0.438085403090735,0.504708966602644,0.390550353347159,0.769366821674987,0.70647033237681,0.541046785432423,0.849573575116581,0.563937790384857,0.514214638879047,0.394380532436871,0.590288000995111,0.371853844639565,0.454145294075108
"TCGA-A2-A0EY-01A",0.332165300176108,0.580122200328509,0.480390063288287,0.792097334658955,0.398712227080752,0.399940058899369,0.282773847935519,0.669588123773878,0.586060340253976,0.441971579936439,0.700182292122494,0.546741345634697,0.470456810274582,0.32757424800238,0.512642492949968,0.291725256586273,0.39784646498582
"TCGA-A2-A0T2-01A",0.398090321864141,0.609660174428779,0.474572361367278,0.777587782543648,0.360776971760519,0.486989208834245,0.318331615726958,0.762927436768919,0.586700457947603,0.470374769183424,0.771895406737796,0.551663359288624,0.507353095158653,0.336505424927865,0.510340625624384,0.317560361587594,0.285057340592371
"TCGA-D8-A27I-01A",0.326277519301795,0.553888687991871,0.482712093804867,0.828999424420608,0.459761577396414,0.415189097605234,0.280070747310847,0.781885052690653,0.704655318851218,0.56511332839346,0.785851503675295,0.578345220809045,0.522752935971032,0.354420204964834,0.558425052930262,0.356370743421002,0.405936379845707
"TCGA-EW-A6S9-01A",0.227194108602498,0.559151870086399,0.392102084971354,0.830756076724348,0.394696186445144,0.398594970993377,0.263884123144783,0.742226046562798,0.719004917178313,0.443794618163668,0.780872271261147,0.556320110604331,0.479448480436908,0.247594026174947,0.502838243451684,0.24128430261574,0.339453638540027
"TCGA-D8-A1X6-01A",0.2620066051787,0.545727263011825,0.428690876082197,0.699439816378325,0.410010609735908,0.289166989740855,0.302655236292371,0.715793215510354,0.465987020350518,0.395112379468792,0.625385358383102,0.547230035543911,0.501376828776814,0.292747292504045,0.495341938476274,0.244344593291845,0.250496617659714
"TCGA-XX-A89A-01A",0.394532156220748,0.656984959450374,0.527679964510879,0.843462302870265,0.43985208492919,0.431564464488879,0.335050837422354,0.760052144953938,0.768409794355332,0.556663948737318,0.770291295944049,0.594027863051048,0.520018897513015,0.390816603630944,0.589875088479018,0.456979390175038,0.37253195902509
"TCGA-EW-A1IX-01A",0.197036268798862,0.44969066675883,0.397534815715038,0.812275099180826,0.442577685378347,0.362609705448154,0.264446555281219,0.785767776411496,0.735640529847623,0.515876839622425,0.74696034244995,0.565359301939097,0.530349843626468,0.272871218758828,0.493924044847384,0.359542953068891,0.349439474509752
"TCGA-E9-A5UO-01A",0.134644939222658,0.35934918183152,0.319614311961954,0.510306527676543,0.32629333465993,0.276843056459765,0.0972709191738515,0.724792587987751,0.314664389416508,0.426928299409067,0.640953021331005,0.540396202339602,0.491487998127814,0.213291089844212,0.323045361912951,0.247110265007431,0.110280897629865
"TCGA-E9-A1NC-01A",0.525669514428594,0.80024571441322,0.651016942130464,0.849030103212237,0.432617569817281,0.53063370030831,0.382944006136342,0.782622841443001,0.629985066524807,0.499546212148701,0.850546457454552,0.574832419085759,0.52867746666995,0.435735162309612,0.552943181428861,0.336416531154241,0.436752559604404
"TCGA-AR-A24H-01A",0.381101995011987,0.622939705498943,0.488054175570595,0.702835466583058,0.359049982709305,0.339418894506429,0.346658314511242,0.745793862402576,0.524808676849928,0.441191835728262,0.617423032382792,0.538115549580312,0.49477525844569,0.292317644050785,0.485250499409315,0.302991936452513,0.288564106884844
"TCGA-E9-A1N6-01A",0.26121040570616,0.535718221432586,0.401893606185602,0.834433524198597,0.40679476360144,0.406477838905715,0.289719444886525,0.761406910723566,0.733489195057412,0.512454117398058,0.793136591672662,0.556572322657896,0.469213106190643,0.294035715482038,0.570017921382892,0.247993222551422,0.250956864445599
"TCGA-E2-A1L6-01A",0.213862450680123,0.488779777137692,0.437121604172285,0.795045746978954,0.375691744225859,0.394603225132586,0.22567461457864,0.730545293761003,0.666935473009964,0.481296305143568,0.741183488584025,0.562054996222206,0.481693653082242,0.292638697193775,0.498447072107263,0.259746994403488,0.328359600074032
"TCGA-E2-A1LB-01A",0.192192126247789,0.474290817078319,0.361449449334307,0.790040800841629,0.402070915290181,0.357460897181205,0.218791625576088,0.746418982965852,0.592163963010105,0.415457554987842,0.726215022090646,0.555160351241047,0.465513708405383,0.27260720932049,0.490152537610888,0.251097462744725,0.372392756937775
"TCGA-E9-A54Y-01A",0.194103447996515,0.399593763262278,0.381726105311668,0.552373482823704,0.365895353762995,0.322853091527761,0.259157284230251,0.697072746661058,0.344876640810147,0.357856608521044,0.585206506982267,0.530900461442456,0.49266125726108,0.24146951772143,0.403831314939717,0.190548871317616,0.373062723653715
"TCGA-BH-A1ES-01A",0.0848829627598347,0.440187262852366,0.323904461256523,0.815389719124604,0.362133536350942,0.439448593661641,0.186163535541752,0.731246727627248,0.691039320327736,0.455255288673924,0.771345972174362,0.544100297621637,0.474573705404916,0.228668321026283,0.445020780449425,0.176814029733016,0.270043490848503
"TCGA-E9-A1R5-01A",0.200436188602588,0.483212870333816,0.367615493491416,0.82705831759912,0.422694539189487,0.367807378558862,0.208494635318062,0.747858411103022,0.72489196948141,0.417353698379958,0.738674492685747,0.551104737396908,0.478563291660214,0.240430964282782,0.496675875457074,0.255720770780589,0.283465777099902
"TCGA-E2-A15S-01A",0.125960392069142,0.371466173501764,0.311407909114823,0.633036469220131,0.34982403915807,0.309991052923322,0.135638723259342,0.720356732348492,0.408996720677561,0.39068850800499,0.620282455488978,0.539436845389467,0.499974820873237,0.258574994329664,0.427582499949676,0.253528855332078,0.230739837909131
"TCGA-EW-A3E8-01B",0.473991024106767,0.701901939079539,0.602298579591402,0.810602067840948,0.424954868680967,0.363172035901859,0.383154308265184,0.768085203009483,0.59754350182412,0.505646492192824,0.71825249092982,0.59215312305098,0.519894288468401,0.407884927061985,0.508620902854598,0.362370922956431,0.437810461890353
"TCGA-A8-A07J-01A",0.285148854899251,0.529449911598649,0.444816515674309,0.825963816546332,0.444410135417993,0.377859592941829,0.317042145671922,0.783112369284916,0.687299000999244,0.561968592050794,0.732918783336328,0.56207386116306,0.50767758624714,0.33381567102991,0.63280628027345,0.414433148932784,0.336339143048808
"TCGA-E2-A1B5-01A",0.550861241142392,0.757680794415337,0.712582741879207,0.77754587612126,0.445227360159927,0.411993954130265,0.439797345291836,0.710784516954582,0.542790024173383,0.501556994747955,0.708489984608158,0.632365415922219,0.514072295617387,0.484684592653707,0.51766531303685,0.421848018565068,0.506108347516204
"TCGA-C8-A26X-01A",0.583389235820102,0.805220851111621,0.692849111727449,0.831433158539872,0.473390156669453,0.435592813823711,0.442675471975217,0.698576252847979,0.652773453621431,0.549468410923523,0.754393201450409,0.582879908464224,0.479956386729366,0.486479484104407,0.628347489004705,0.37576600235077,0.443346259279981
"TCGA-AC-A6IX-01A",0.290707781404151,0.546328179010896,0.450181644527535,0.816890611244396,0.433059463529656,0.395988472129424,0.265894823431238,0.702589257431283,0.650924929493626,0.521292067316175,0.724341007171243,0.577548327830058,0.499781563130366,0.312584751096945,0.509085356647614,0.408234214131659,0.385634265913037
"TCGA-AO-A12C-01A",0.181204614995024,0.478621339165039,0.33675181527643,0.821414947940717,0.390617301898952,0.394965977171551,0.175009776629356,0.79939549917069,0.736346350959496,0.51416964835972,0.763528233534605,0.546773337677041,0.481425513548288,0.240686259183237,0.472625398880012,0.157178218874952,0.317815293185973
"TCGA-E2-A1IF-01A",0.228769844382048,0.493197059736309,0.406999996224823,0.848129819791945,0.425759842254255,0.425197788139804,0.218192565858403,0.79063139249359,0.713576417944305,0.546218070957542,0.804462870235515,0.554398383664235,0.535709969376625,0.300469553341094,0.519575353224242,0.329280458538153,0.347117767135626
"TCGA-B6-A0RG-01A",0.220173458199095,0.53942864477664,0.367100845527157,0.793774864110718,0.40859447187147,0.464398538491582,0.186851876626287,0.766367436876644,0.633571708217691,0.372439643737941,0.712683437780779,0.539641764396126,0.497801259331975,0.213508199465779,0.447311627845665,0.20808506445938,0.312337526489463
"TCGA-E2-A14N-01A",0.448567478607935,0.723201417788501,0.592409410373102,0.716479553414504,0.385695838384022,0.479149856570717,0.390153603282025,0.696842584130195,0.468965976257706,0.446706617619214,0.668762300426152,0.542636083688563,0.414720155499131,0.28566504976036,0.539990498564836,0.294873391167718,0.407292489224239
"TCGA-A7-A3RF-01A",0.172474023675861,0.440912452396761,0.322040676349438,0.72864460613941,0.316555951685849,0.303764813874628,0.128100563234277,0.709686747159867,0.484875373213289,0.416406575215868,0.665938763940673,0.528099910114743,0.51801343786564,0.284465082282478,0.44521766068647,0.274466818710889,0.212507520070588
"TCGA-AR-A5QM-01A",0.312365296217253,0.576780879586957,0.451932336718481,0.820949348319777,0.410182536768802,0.397738677144037,0.289342435648477,0.733405556118814,0.68078338232944,0.520035484072402,0.766696328541753,0.566979656163437,0.520736626085454,0.313858458162432,0.543605868414606,0.327945052683565,0.342692148563485
"TCGA-E2-A10C-01A",0.43244160699693,0.654452491399068,0.567368518660558,0.765321616052272,0.399009990698521,0.374076544600245,0.342570131183653,0.759644278715642,0.501091259607607,0.444611421386764,0.686369426106311,0.561377875445608,0.465112215433565,0.352229027561887,0.505117687817252,0.279748019580154,0.385658556354203
"TCGA-AC-A3TM-01A",0.31996142268453,0.499285576935852,0.494246985879736,0.786922424735629,0.403079477528083,0.419425886116243,0.257419196725308,0.707260831361723,0.616935919569037,0.392407715097787,0.733639157901701,0.547786803985086,0.516216851100902,0.369148238702218,0.471082950418713,0.292627471969267,0.334171788195629
"TCGA-AN-A04C-01A",0.3220667373431,0.563109388678264,0.462669533483825,0.724262673575716,0.424441315241332,0.416800578388436,0.276286044640077,0.721444420425265,0.509300833841601,0.469655908748389,0.683929945756849,0.565088556237303,0.446732179686957,0.325647605370575,0.440193098584365,0.338333703475446,0.39058979662037
"TCGA-BH-A1F2-01A",0.167256014391223,0.473151617767568,0.358444869814796,0.820585696631075,0.437653623132023,0.431408435446464,0.219552415996223,0.790501267950935,0.723422114892083,0.582710535717552,0.744634329488794,0.55852547895749,0.472054191053219,0.267861990450714,0.571009765663403,0.339446617463101,0.239918810759629
"TCGA-C8-A12W-01A",0.282417335159133,0.527392833421145,0.432190536335315,0.824953130072167,0.396586384581068,0.422912489736876,0.304623892756527,0.78979589595379,0.690337266740467,0.465677076004093,0.76148411081712,0.543161661880498,0.501457398511317,0.283546075095711,0.533566979575781,0.21964620489209,0.38045423727143
"TCGA-BH-A18N-01A",0.144204031068356,0.459626901793194,0.319448558916476,0.724682428117382,0.406656410249643,0.333122119273506,0.17281768732079,0.70673214415439,0.534302726494698,0.339972127541423,0.688793564980268,0.535554322573919,0.490063749369229,0.256919306216875,0.455083789437962,0.163684100728507,0.23049257960471
"TCGA-C8-A12K-01A",0.64386058639204,0.841994267898227,0.748089206928474,0.80359966773576,0.408480807208188,0.506333300650849,0.530741317976185,0.763757690496029,0.575060805941932,0.535158184258816,0.69783038434317,0.554060543126717,0.479973298425128,0.468012708760035,0.626988989355786,0.347816626028623,0.442665345248412
"TCGA-E9-A1N4-01A",0.374915658269126,0.60614810352007,0.519512963255711,0.802396531339625,0.394039194444109,0.383789421765504,0.353107277870867,0.707794796337874,0.671508101482377,0.496348762907467,0.754831853158381,0.588859740634734,0.489872163742678,0.379456012065795,0.572309411322606,0.314049158762413,0.370446395676919
"TCGA-A7-A13G-01A",-0.0245981844101108,0.367803548350893,0.212398358852554,0.689236794638204,0.319253619022562,0.280515834296049,0.0981570212377831,0.708508052756226,0.621196031599514,0.399696246770036,0.621215234934628,0.481388769165045,0.443287072056968,0.18127719054976,0.461039678881191,0.0688680170298096,0.17131941500628
"TCGA-A7-A13G-01B",0.0441673803757012,0.370078257718842,0.295301257836991,0.745523613705744,0.317087176209499,0.26974057766746,0.171583634843229,0.746035171577617,0.633384443295351,0.466556639560346,0.683780709553394,0.489771643281664,0.467061849891361,0.225473041346461,0.450499102492072,0.138541388822323,0.315089101317589
"TCGA-D8-A1XO-01A",0.279951029472056,0.543997744032385,0.431909053782133,0.794578888590787,0.389965750408572,0.38596051333679,0.293097015940685,0.736262144266364,0.725477733090403,0.508299838792233,0.699937032849743,0.555691027571219,0.501449443311899,0.308577733725942,0.505419078401618,0.252518664438537,0.358090467406076
"TCGA-BH-A0E6-01A",0.344444177605551,0.565313594425325,0.53958730570476,0.791899058604507,0.390666924974531,0.463096256426948,0.311644755879806,0.74896370844706,0.558820307422973,0.441522600585602,0.813068434373537,0.552731330702138,0.488259545966489,0.380968288110103,0.479143924917572,0.320608658933174,0.451908809717281
"TCGA-E2-A1II-01A",0.698899641010424,0.84777129551284,0.782371229147454,0.680391102449496,0.421131840854618,0.436086660384133,0.579255781435484,0.712342602102868,0.45935910410267,0.486185694608656,0.632530134054769,0.591942516066662,0.486378235838861,0.502094544978502,0.558966530257736,0.363163229671685,0.489112296771075
"TCGA-HN-A2NL-01A",0.449441794398609,0.692750533217955,0.536041675254267,0.687560003921326,0.352678925452441,0.447436719265705,0.304494203662854,0.643035573354886,0.381321956490983,0.43712103352805,0.591310440018065,0.555476400483039,0.473479825346521,0.343126877865187,0.45694561331724,0.302352961589183,0.458073761637814
"TCGA-A8-A07W-01A",0.314667781397755,0.58109276884595,0.436829286003038,0.790551628860709,0.428836340643484,0.428159066973278,0.304429309997222,0.75822343831331,0.633405158522273,0.466699941360452,0.74679254819716,0.524849795707508,0.480797855371537,0.282505733697348,0.55895453525673,0.2850243878422,0.302892032570417
"TCGA-D8-A1JC-01A",0.405384356541992,0.671728265310912,0.492982693225098,0.805605936579559,0.392520885575028,0.471344865993673,0.343288076562316,0.76761759004662,0.64470478202489,0.434220801773393,0.747007292736136,0.563354782459793,0.491731453393777,0.335855888151987,0.52644772766998,0.240340431496859,0.340589917668827
"TCGA-AO-A0JC-01A",0.689484088061386,0.764798104851601,0.825781491849974,0.733412808182592,0.471618244647625,0.362157641875004,0.610919946023621,0.672244156478013,0.479020733444264,0.529555028490442,0.676153169376506,0.666297461751866,0.490608791196809,0.601921028823558,0.509668171119407,0.528982850665558,0.718747990186921
"TCGA-EW-A1P7-01A",0.558664784826886,0.74564396540157,0.706594357502362,0.835016878212075,0.446053298394148,0.477124532102865,0.399704472941142,0.722016727307654,0.636391945312606,0.53363452674925,0.842612708415608,0.600320414094196,0.535918254090889,0.478610591308246,0.543709279108783,0.445877502753161,0.613437019181214
"TCGA-AC-A3BB-01A",0.465102455054004,0.652283686139757,0.599423037318481,0.829904147448788,0.46575911087233,0.388122761038271,0.336723678918016,0.792980774317458,0.694798120705609,0.544485086858837,0.763990664782179,0.598250234131844,0.528965362752017,0.428242074775561,0.54010551493793,0.439101095352945,0.417438917581013
"TCGA-BH-A0DX-01A",0.291119738350113,0.559941541638073,0.445494802444382,0.831756991215086,0.421145426632113,0.407472421748047,0.313627527309878,0.769700370494162,0.730046547380324,0.573408821725813,0.765643842081078,0.559949773856046,0.518096202724554,0.325041598577072,0.646811328963698,0.396312375134605,0.348654130821056
"TCGA-C8-A1HF-01A",0.56922841660016,0.757277088369882,0.643851640771181,0.828432392679226,0.405735072642263,0.385887230199567,0.440643377946011,0.736220929474255,0.676872091464835,0.514260753824725,0.747665688188087,0.585540037681537,0.477823046755897,0.394989611997451,0.555300990493286,0.347772410373065,0.398209271709623
"TCGA-A8-A07Z-01A",0.327842792966027,0.564442258870721,0.462512615885299,0.738553800683341,0.417164164686914,0.383709898817465,0.29900988944655,0.727466865220937,0.549668904175165,0.334714608868204,0.694794964512724,0.53224845195511,0.512315609969163,0.342076057635283,0.456769983713108,0.357337083473691,0.296959071572421
"TCGA-B6-A0I6-01A",0.210201138488318,0.506273523731767,0.369830630459124,0.821451810089282,0.375591771037888,0.490846682213983,0.23268020597478,0.724257532525606,0.632083035084446,0.481432215957984,0.773108041711251,0.539571661965676,0.495364797137182,0.234961568767543,0.51194574113776,0.223567833743089,0.381257181261839
"TCGA-A2-A3XU-01A",0.119694667942206,0.336863289557999,0.284096450273057,0.62564641002514,0.347129674875678,0.452218085845437,0.156402757579935,0.669343215955681,0.422873900418737,0.335446452743776,0.667959656905036,0.525797441993111,0.46709378952654,0.265197633297788,0.45080464883653,0.184004498350323,0.322482160817395
"TCGA-E9-A54X-01A",0.0943355292251829,0.365112117075072,0.269820814965907,0.506643753393596,0.321461877606815,0.323323211782089,0.0976084560648779,0.673016466349661,0.363536736186315,0.303644065364827,0.534699551688575,0.534651905780794,0.442499024451333,0.203064986743603,0.366035224925504,0.12800477412746,0.154430975085125
"TCGA-AN-A0XT-01A",0.208356684483366,0.492626725081743,0.378605550510969,0.726695160916231,0.396013690066724,0.363191527406766,0.20837244997674,0.747791061028082,0.486880601614751,0.507090927269765,0.690770595413773,0.564807058717303,0.52628981575264,0.244223511451664,0.419562386730411,0.247853647151434,0.351823328951574
"TCGA-C8-A1HJ-01A",0.414063101768877,0.696882632439047,0.517382075722739,0.756333855761647,0.350603769539077,0.565862569388251,0.276593145609431,0.720412886689069,0.469396247667983,0.500435298969301,0.7234468524386,0.544685054495415,0.454967812676364,0.320005156563158,0.444758458684679,0.305499814872314,0.423402842337974
"TCGA-D8-A1JM-01A",0.415166976358674,0.620462435892888,0.512078657551345,0.58229345256766,0.363961423402222,0.451126643809589,0.309867219598464,0.670106164996342,0.532713769845178,0.513355916118276,0.652330504932571,0.527866271401921,0.453213370369332,0.41141325505183,0.456237985710025,0.324134226844122,0.389400924082765
"TCGA-C8-A1HL-01A",0.218999534095743,0.480079366540933,0.37865600464712,0.798868043464865,0.386917649702495,0.442923969076273,0.232959077902584,0.802946392131389,0.61709241097632,0.527607876608172,0.741224993597791,0.555781236258149,0.475291701262195,0.26384222405501,0.503851936565821,0.309472861765194,0.274790735072146
"TCGA-JL-A3YW-01A",0.457227760966743,0.729430704744659,0.555616304509421,0.889371937031841,0.446080508836113,0.447431266738288,0.413946450807925,0.831634693346494,0.743893681323608,0.587209733381096,0.830802616832314,0.582676813818661,0.47917867537632,0.417163284736066,0.651883902826991,0.3397440253464,0.378392439754929
"TCGA-B6-A0I8-01A",0.127964842307042,0.410258944410647,0.302496483360401,0.77361043529424,0.374477618851152,0.369583665074288,0.163664772593512,0.757810360515471,0.634770290064108,0.470136076720883,0.683738543161834,0.561757499222502,0.481621302409985,0.276757328626306,0.469670320811958,0.273635789375756,0.278010302018187
"TCGA-BH-A1EY-01A",0.427635786205143,0.684252895793397,0.545565789865489,0.826743631187515,0.434748721361854,0.358778162516956,0.372566781326745,0.76339611457258,0.706122402963716,0.519023085746728,0.726000424864162,0.565636638948832,0.498176281056874,0.356775601867273,0.570115499386394,0.309518475321972,0.348371575930932
"TCGA-AR-A5QN-01A",0.267184416051411,0.527230977906405,0.420595863713977,0.798758310028292,0.434487810833354,0.410712361903031,0.263754428731557,0.765716099048232,0.608220064091176,0.604892393609214,0.741667084907339,0.585573151209042,0.516201491564067,0.350377363226839,0.494146562045538,0.301594216962368,0.3542245798253
"TCGA-AN-A0AT-01A",0.395278747966922,0.629690600056874,0.518525349502285,0.750377554290137,0.35912898368407,0.581000157136191,0.31604815990325,0.711635215991017,0.507298079868225,0.420212460347428,0.719170557412018,0.511287735072031,0.491954016226548,0.336768729324916,0.539942974708325,0.322696882760946,0.447502540371235
"TCGA-A2-A0T3-01A",0.212632936568062,0.489836691543173,0.420764518374212,0.757977487030932,0.359076454852293,0.410480581359345,0.200932310788213,0.728561518192656,0.557437720937866,0.459469863594303,0.708106021227982,0.561600476424524,0.496351074410819,0.292384963698339,0.414501058502113,0.274994042834032,0.312939502429586
"TCGA-A2-A0T6-01A",0.372971692112699,0.595093068153806,0.515495017254939,0.849786575653628,0.427891025697508,0.368819715515833,0.333468268121912,0.764668315010527,0.744858908389451,0.592608484981196,0.749585634861606,0.586514685911429,0.520914948956336,0.372817014592362,0.570623673996856,0.383019246419819,0.419298453873137
"TCGA-GM-A3XN-01A",0.354854474711508,0.599370830433983,0.497479014742151,0.837848849172875,0.418150679741056,0.397907734010925,0.290367827992172,0.745592954585112,0.717968037587374,0.529155696077442,0.783132515576355,0.586924501273773,0.507192664612762,0.369275017183357,0.528146066726835,0.36488359726914,0.365849939707668
"TCGA-AC-A62Y-01A",0.322211672617751,0.585461518013737,0.465202075781377,0.799008832262387,0.386311320507937,0.354682784425543,0.308792503682666,0.737150020214981,0.607022513202447,0.480972016514904,0.672447367140318,0.559925367706499,0.510531507776616,0.350513529213083,0.568711889808024,0.318655132963988,0.251055859451002
"TCGA-E2-A15E-01A",0.167853933665063,0.45073023831765,0.347827035958266,0.799216239074489,0.418990544060789,0.422089546248964,0.16940731668099,0.701923811116283,0.666749587120862,0.444797653817057,0.767344686482124,0.560861187197535,0.487789900300945,0.283356863400087,0.493399868727482,0.228473944746488,0.290793851559071
"TCGA-A1-A0SQ-01A",0.215750036575769,0.472228014760221,0.42840678455402,0.712127499087331,0.359210466419212,0.358052101032933,0.222372988398457,0.70101030708322,0.466146078846706,0.449109122329565,0.666379529973259,0.561968741533369,0.48261900349058,0.272647325827781,0.481957151463768,0.253512578944824,0.332327904491976
"TCGA-A8-A0A4-01A",0.215301607661163,0.474180374737254,0.375362388389614,0.791362405649524,0.368143287288393,0.399640800446113,0.190777065344469,0.756580880143862,0.647753333793186,0.595399120610755,0.759642590388904,0.538902322802489,0.530280599830257,0.290039716837391,0.473454799604216,0.259787257205618,0.29301732869382
"TCGA-AC-A7VC-01A",0.211503940454929,0.414584039448302,0.37637661944118,0.802391282941011,0.387249670606491,0.49608659757362,0.205914890090868,0.574937914658581,0.676498036847435,0.610426767523571,0.841062540052698,0.541551909480107,0.508317107847285,0.297713704360198,0.494065673405918,0.342257785808305,0.250716377403953
"TCGA-A2-A0YD-01A",0.341574149408526,0.571098221955741,0.470553473465009,0.833089251759395,0.449972629126057,0.426315976013676,0.304652424329708,0.711161648464074,0.759883457828648,0.53535237251076,0.780998969260063,0.58491290283279,0.518489651849069,0.344345139106948,0.543367580834709,0.33361563462224,0.351214308854197
"TCGA-EW-A1P3-01A",0.245587793481454,0.531019580261148,0.397575146852381,0.787182579948713,0.40205649136339,0.408634962166972,0.217276751323752,0.761642926304818,0.571789520425506,0.493816930967853,0.752960231457369,0.549781077389115,0.504384927858466,0.272125669690368,0.456417277387813,0.24039303286721,0.326364327335721
"TCGA-D8-A1XG-01A",0.0832842834742105,0.442983482683308,0.293388514487364,0.788619451676862,0.371413816440933,0.395352961838991,0.190133016880084,0.649495111409831,0.643566980267214,0.406262143625643,0.766285885708268,0.52256774338332,0.504079534208878,0.19549665681453,0.511164195260555,0.14381474445134,0.206274138589473
"TCGA-BH-A0H7-01A",0.279867147722183,0.540972226466786,0.425343359117214,0.830372319986692,0.420318513201873,0.42763157005807,0.261797614378628,0.79655618422246,0.747779991918215,0.447057640261802,0.782175397243967,0.548479242728046,0.484950697717247,0.314142630537199,0.503962885772134,0.252248495854233,0.345802795278092
"TCGA-A8-A06Z-01A",0.158893002301802,0.441197137891218,0.313542534691019,0.649788978130601,0.356250980486196,0.348227278186232,0.188508274241828,0.72006047170627,0.423538618331222,0.376595238376787,0.620606356570453,0.526816989774056,0.470773580481713,0.250171431019556,0.458427579212973,0.22726062700808,0.172877116114313
"TCGA-E9-A1RE-01A",0.254122062682489,0.503749834369013,0.396422940532998,0.717924039941195,0.370979937093311,0.304672583560842,0.22047864323152,0.746032913044981,0.541556995704687,0.425217673270367,0.666398039670591,0.537870163984604,0.481905783820118,0.270555458473278,0.435941678616713,0.235632589849755,0.330686431361416
"TCGA-BH-A0B7-01A",0.451566202775616,0.660680745933003,0.583621445640397,0.819970138336724,0.457064345054282,0.474720196158437,0.330782848575256,0.802630401794294,0.651982665841857,0.542161549930571,0.757691194927438,0.576576325723108,0.502888089092837,0.379519675333432,0.573246050473868,0.38485071925069,0.449023329690845
"TCGA-B6-A0RN-01A",0.16837588570061,0.438728794811392,0.373290095709158,0.813189311593783,0.376953202303421,0.346928582666861,0.212860767486449,0.713407390227861,0.731921254646495,0.47135200978889,0.734884534887953,0.565702278607322,0.50559102113292,0.258886965940759,0.454242298930169,0.224078601320546,0.362092721093436
"TCGA-E2-A14U-01A",0.160499213019694,0.422204192391843,0.364581107722536,0.687596563119154,0.393694346248376,0.349317325891589,0.187882102889915,0.697592921389012,0.557346442442566,0.357670465023412,0.718529525743796,0.565726685226718,0.533653663070836,0.341215108141772,0.457791085729071,0.230725014712046,0.312231827866902
"TCGA-A8-A076-01A",0.245596326857091,0.533431204352727,0.42206512696836,0.834042843809951,0.42095600674129,0.34268915146304,0.297777771606223,0.752635579227482,0.670116722806702,0.423927638227995,0.731297142926831,0.545086671768763,0.469510892818828,0.269083230612592,0.567968829229711,0.287882202259412,0.334981124982138
"TCGA-BH-A0EA-01A",0.20466717766787,0.442711786809291,0.400366175949264,0.825082775694804,0.445339437216432,0.386686185722259,0.207195239912742,0.754653594212509,0.643085826253827,0.523292371035716,0.789352667968975,0.567973110645578,0.541360986579006,0.304823705745094,0.551048805569806,0.388930102506125,0.364209876626423
"TCGA-BH-A8FZ-01A",0.372376631491506,0.586798211315617,0.510836267332016,0.83459738688543,0.477145946695748,0.423021786992159,0.369335933144139,0.772855774773262,0.669043647917725,0.53946365820376,0.801216348069061,0.587597378673076,0.512251207990382,0.34639954457413,0.616757465192785,0.488603607413936,0.43172268411424
"TCGA-BH-A0BG-01A",0.548868470539115,0.827076962942385,0.665652883496269,0.797283385394979,0.410423695033535,0.558761056637601,0.420419832712942,0.754675239818507,0.563909584890081,0.486768025227838,0.707591426942792,0.554074203945987,0.487915922642397,0.405186456811803,0.547039777762325,0.373536921728836,0.48239168850541
"TCGA-B6-A409-01A",0.29385884541267,0.554917127710533,0.472953840269752,0.78538275298658,0.387681344398321,0.511186357912627,0.252220152254723,0.750946567763074,0.539022396402476,0.494531919330186,0.794660122141814,0.542149829605197,0.495388562549036,0.258406025792114,0.489531601143882,0.323280886283325,0.341534424757309
"TCGA-E9-A248-01A",0.577281349888537,0.747166687272252,0.666051902142005,0.766649352577094,0.425262029080105,0.489312659432016,0.454213241385529,0.722467636490802,0.493125631199866,0.531891833835399,0.667921020881967,0.58415840985327,0.475868346357561,0.448072569563282,0.586734737411547,0.33231924604938,0.504308924568637
"TCGA-BH-A0AZ-01A",0.321022686066333,0.591580557380406,0.435195894084433,0.85403746064142,0.420951323707293,0.440289003862537,0.230818515360917,0.76986521883731,0.799727450680621,0.567274991328293,0.783895764758301,0.574030005404976,0.516992564353616,0.328031375000131,0.530796785157515,0.287157416450789,0.335289099277957
"TCGA-BH-A1FH-01A",0.224221308078091,0.44316673691426,0.397286626077927,0.835163891809348,0.410416096154072,0.409015361803838,0.215751844369598,0.778894371329535,0.730835691734183,0.64646714053502,0.78297857374774,0.567109788686239,0.524043965470539,0.320886387874476,0.525027807974948,0.339955984028534,0.380329909547082
"TCGA-AN-A0FX-01A",0.240497173140613,0.511292103945714,0.392708338911881,0.813781646444386,0.386822719105497,0.454072514032097,0.210331794876184,0.671768911887678,0.616937042974499,0.526291839734345,0.787842068169572,0.546279622836691,0.506380612057352,0.311967583256441,0.486902632145692,0.278873350178247,0.386972993866321
"TCGA-B6-A0X1-01A",0.508322247139047,0.698068917156577,0.624960935733671,0.656704336218988,0.346487972400934,0.488309693867875,0.445775960826642,0.701895500049299,0.586179210454825,0.429764955905417,0.617925085252315,0.543795877121084,0.460043130003191,0.390367091253631,0.55447865766829,0.248884789015468,0.369298797949557
"TCGA-BH-A0B3-01A",0.472525795605681,0.769221369408878,0.587452173541715,0.841163837881168,0.39509849173817,0.500776730611425,0.422159537515051,0.732748853272144,0.679068100420755,0.464323271436738,0.831344642926488,0.53218575898127,0.496237852389443,0.352024586758754,0.576533816513574,0.293885365066971,0.432930164627144
"TCGA-BH-A0HF-01A",0.320534557806424,0.579935625489828,0.444851995817857,0.838449405680976,0.439742703650208,0.455192009313538,0.26988943290893,0.741424811760005,0.735160091439092,0.515210710507603,0.773867686835937,0.550961319279643,0.498497524090851,0.330033842600715,0.608219142702375,0.35412560076131,0.377312490090817
"TCGA-AN-A0XO-01A",0.107154077037782,0.417829220654913,0.299396709388041,0.820183317458284,0.385393799457073,0.42557555069948,0.129098126743344,0.749229522401867,0.712547293212196,0.476845311363166,0.801263462330707,0.535988830311724,0.515430823956208,0.222772416682751,0.471192443067911,0.33296199690973,0.222866411202733
"TCGA-A2-A0CZ-01A",0.389512726057999,0.642149312721294,0.511357358841599,0.858675823879442,0.431408129946268,0.425266040912901,0.308731253009577,0.774759889131218,0.751220736946539,0.549997269103516,0.816204875409371,0.582313344250623,0.531332361079355,0.366627612464064,0.531963098904116,0.357942890015129,0.402337427494092
"TCGA-A2-A04N-01A",0.198370562492127,0.478744524563643,0.386993703252707,0.818473103765091,0.420649633427535,0.379384033297447,0.221293289169233,0.788940836939004,0.723069580863578,0.513487319991986,0.729470045545997,0.561301783179984,0.492918463466009,0.29105695438413,0.47871394448123,0.215546769239109,0.398874548398229
"TCGA-A2-A0SX-01A",0.525177369825131,0.766922253913693,0.639617961842767,0.825444686738793,0.412593902738507,0.444861486215779,0.431941414135921,0.788762153582653,0.64006390197872,0.530636013058984,0.742308768147981,0.575600555279046,0.49281756629632,0.405031591194088,0.601648517123148,0.39112565281064,0.475923496104662
"TCGA-B6-A0I5-01A",0.251774552613813,0.469182567421262,0.479474968948569,0.805799323365611,0.401366328221078,0.42574288073567,0.217483050704289,0.725398900301404,0.62037445100733,0.460983672205833,0.79298575675056,0.550931928995355,0.502996018255497,0.340516589063047,0.446601837343636,0.31192503309971,0.351990027552696
"TCGA-GI-A2C9-01A",0.262717891532677,0.568538086775946,0.445231867357368,0.794975576389296,0.437442260725413,0.532721014402773,0.282098297136396,0.762616217457078,0.593604095536966,0.512856909901839,0.731690609135493,0.537908100243736,0.487517779781082,0.260503174935237,0.594264951365879,0.382382606416397,0.358145716836012
"TCGA-AR-A250-01A",0.402381982133381,0.705269753332757,0.4887227280698,0.829030314842909,0.405073728909284,0.394933821018216,0.368563044516782,0.744955461053318,0.707739108208027,0.495804587674718,0.780002996172396,0.561150522109889,0.494664243915741,0.314839020319378,0.544628251907302,0.299393898606065,0.352950506471165
"TCGA-EW-A1P5-01A",0.336504451469781,0.662425197961879,0.525235173820241,0.772323690896848,0.386235189672746,0.375850597427131,0.371003093224255,0.691078454441233,0.602676198968975,0.412344639134484,0.689163619391496,0.558587451454365,0.508970307103238,0.345007815695061,0.517471384642349,0.255210927505711,0.275649816725158
"TCGA-E2-A15P-01A",0.224014929429819,0.502628219428294,0.371960044723709,0.780402155585137,0.392798248578584,0.378271495897786,0.217595334060928,0.716364375179093,0.61306281263806,0.485439864383161,0.705045992742809,0.550106898830314,0.514963110440318,0.281326200619852,0.465346290070926,0.230204976378476,0.345096066396611
"TCGA-EW-A1OY-01A",0.268754047709278,0.55584126345609,0.420759069968095,0.778626296920487,0.398956983471912,0.406232026104508,0.255937164881685,0.739903498098316,0.577086451158141,0.411106605508391,0.697211839758458,0.532991185947766,0.4704310341175,0.291083887938273,0.475196390483146,0.232612527627169,0.351332443758977
"TCGA-B6-A0RL-01A",0.0465709521819426,0.384850968259581,0.285329950264514,0.461274183581083,0.294218844969871,0.290209045880063,0.180036353770524,0.646944887628791,0.349507407887244,0.309706649891019,0.468331091823953,0.522666532175148,0.467697853092816,0.167017882178562,0.407243744126551,0.152545627595095,0.195682539533574
"TCGA-C8-A130-01A",0.337748777349344,0.578630062419172,0.456114672451028,0.794616905211985,0.387666165916951,0.405004174296704,0.268016763909497,0.763019138114003,0.613052976230267,0.483519778905207,0.751272860733681,0.555451818040982,0.492457209826491,0.301184579163341,0.468027374103209,0.212656121986003,0.329697276447097
"TCGA-BH-A18P-01A",0.428027008263554,0.738602930599145,0.501661515032623,0.805293453971833,0.39141269218633,0.397252194924975,0.300890950619719,0.745406589492911,0.608164638383158,0.54864812873021,0.727582492092717,0.564465664865813,0.508626647365441,0.300373719473335,0.472176007924999,0.352087013383578,0.343827104948993
"TCGA-AC-A8OS-01A",0.346053384654111,0.566735353097108,0.490605378446679,0.809905709002848,0.410568771963801,0.362821001648897,0.274103585960855,0.724201639161724,0.694579530792171,0.519031265991646,0.760787413709059,0.584997270752256,0.525028825047586,0.349998429497286,0.505675775933957,0.336829992053952,0.401016038516321
"TCGA-D8-A1J9-01A",0.297118197875485,0.589588035999719,0.411735650926269,0.791092892368958,0.391062706742577,0.391890743676331,0.302199502809772,0.716273582325904,0.698492684651984,0.511225832560877,0.737850822762798,0.55352886637406,0.461738921693218,0.282153981902098,0.550936539502992,0.279508235539966,0.285951343769667
"TCGA-AR-A256-01A",0.258362717686113,0.610371275991319,0.45654029585474,0.765001867858303,0.388210093311343,0.461515025096368,0.311110383390285,0.718093785235522,0.570586360880049,0.44435569170102,0.714896447438777,0.513072277987124,0.463310967265299,0.260690249914226,0.519626763201298,0.318599720214905,0.287125156378237
"TCGA-A7-A426-01A",0.246157013170767,0.437152019230974,0.43716723846847,0.825581969926153,0.409617604531397,0.416337625887232,0.225754505974971,0.776389776527321,0.638784921727962,0.515495812159865,0.743713516110466,0.583300457374095,0.541119675518374,0.372967929329638,0.445350784118334,0.308442207861295,0.374584525036978
"TCGA-BH-A1FG-01A",0.283502985391029,0.557271088851021,0.407411023458898,0.731603645636387,0.424339941509349,0.338559885147327,0.2336175431243,0.727644621840322,0.509316106751089,0.369604059264781,0.636833313850169,0.532240258195852,0.480870981640403,0.294619102593377,0.477777747749319,0.247096133893295,0.317613520596366
"TCGA-BH-A0BJ-01A",0.310547195712362,0.536160906694572,0.436354286295574,0.80852075841127,0.401074863546611,0.407686894171746,0.25241721172489,0.788980169564135,0.716788292005328,0.51003604943788,0.738137578801851,0.574766969939891,0.521070888422569,0.323891823131145,0.502136389641278,0.3064452771744,0.35404594193425
"TCGA-A7-A3J0-01A",0.4067642760535,0.702272642868716,0.510095260636678,0.659528674980988,0.34895514727462,0.339058103280165,0.30455373081107,0.662847277628407,0.476630784265276,0.329153082969417,0.609980954342614,0.551373442172749,0.472113289220932,0.310113384359402,0.461206016920015,0.24527014670605,0.351084988496371
"TCGA-E2-A15C-01A",0.287539301048939,0.539949796333917,0.443042873055862,0.817024625332749,0.380235353272411,0.377947988860247,0.25453636006604,0.744828854603564,0.677267008061529,0.497468741532383,0.751938018216517,0.55449283555012,0.50468793023726,0.302686797322571,0.466707491828007,0.238646176556312,0.412349458972599
"TCGA-E2-A14Z-01A",0.500238230940149,0.737869599520999,0.615984864213436,0.815763454324817,0.453967986684136,0.427587464953788,0.417775317877299,0.774651519129254,0.714871132856165,0.468565669152757,0.756735658285383,0.562014260108442,0.517155822778201,0.386420148136127,0.522589621112833,0.34512091272139,0.401332689318101
"TCGA-EW-A3U0-01A",0.61644090878485,0.78169884850755,0.736997388602807,0.825049795607422,0.449724780421963,0.518894920121033,0.499363030339286,0.791704012533415,0.573229092491245,0.511336851196297,0.7884119989983,0.591893928666148,0.550210042653815,0.500851806670773,0.580318111792687,0.445559985291521,0.55806084153582
"TCGA-E2-A10E-01A",0.371888655640763,0.667881053873151,0.469649570093732,0.777225884702539,0.403739202679083,0.384252522302517,0.288187672094931,0.705284291265876,0.710958152947428,0.455830721321603,0.716228188425914,0.557224524630778,0.474479913998106,0.297872664175154,0.493359879646527,0.322167850521884,0.310476080458856
"TCGA-AR-A0TY-01A",0.148503379452616,0.417057222389404,0.364621139494461,0.722544751503597,0.400505524434748,0.448822062657983,0.202436101537815,0.74893178999969,0.472501350648048,0.38307784290225,0.650291236770879,0.543755064762575,0.496529068997526,0.23596137317422,0.434104777639234,0.319883662555623,0.369029757923034
"TCGA-E2-A1B4-01A",0.159399886016094,0.443053415740901,0.345293303703699,0.784438818582382,0.353313166282378,0.330618771053446,0.224242776376717,0.717006282742762,0.657883441409764,0.379001392484402,0.718379026199301,0.551527498272433,0.489528499486506,0.267933930334892,0.42274137905529,0.210911409491153,0.256634542517251
"TCGA-A7-A4SE-01A",0.30066092125321,0.609200995496701,0.430312304266936,0.854070218014115,0.392273425396464,0.520220653259607,0.26287989543916,0.743066078536929,0.708080076194052,0.513208790784469,0.866190702513797,0.574241312810975,0.516120335775839,0.275529114722387,0.53508481812981,0.298286177060973,0.35377378840758
"TCGA-GM-A2DC-01A",0.30686639810629,0.545543828817914,0.407512610805015,0.71079275029893,0.377186618702663,0.303027275860632,0.221113825770726,0.739066850192274,0.498473833650029,0.45294815718613,0.63248719700599,0.542204721359877,0.515046795103855,0.305995221738018,0.427931779169317,0.204898038799607,0.354942866167356
"TCGA-C8-A1HG-01A",0.560337445443641,0.747707624702187,0.646735304518562,0.791334919364118,0.404092574796171,0.381202969590424,0.421871183416872,0.695896709282661,0.563662039728587,0.358708464631792,0.690857220972468,0.57914923329078,0.491951270865579,0.401470133177494,0.516895869197693,0.292756436113831,0.394986700607448
"TCGA-E9-A226-01A",0.206559556955795,0.54804810163938,0.388184242608393,0.826979527005871,0.388924788388127,0.434118933961452,0.292422319357,0.74514660188621,0.729323925324361,0.514991799202546,0.772355042304953,0.55454208122201,0.497893029942917,0.23469228445703,0.509047074905111,0.221962919455388,0.270104372953844
"TCGA-D8-A1JN-01A",0.403871819677861,0.664591011893941,0.476920567233015,0.573389418887017,0.317729123660268,0.275838103908774,0.281623771183302,0.608848524807903,0.455876055338196,0.443577594117776,0.540259901250664,0.56330755609333,0.475795954880371,0.293029432348163,0.404850585553872,0.22975304883768,0.311384816808893
"TCGA-BH-A0BO-01A",0.203005621311224,0.436915427758337,0.392000456911618,0.835390208933363,0.426200991814957,0.433135999281371,0.321248836706085,0.799503769508085,0.754471531690975,0.617630427538075,0.830713350410981,0.578677825802104,0.518923398624868,0.310724587581857,0.548404304072672,0.373825554773968,0.368508606228666
"TCGA-E9-A1R7-01A",0.214174746218564,0.486770281778014,0.348264276314749,0.710558786457009,0.400207573244983,0.367428897595766,0.163473062147696,0.722101818524353,0.523718855709667,0.479161295741582,0.646854266151211,0.535109832636966,0.494954255155201,0.234064903404169,0.432741385580556,0.262889284649525,0.296282421995156
"TCGA-BH-A0HW-01A",0.103497291477011,0.368205219740117,0.261652539991812,0.59505160417619,0.336968905758014,0.316826617419124,0.146296792958865,0.752564269104431,0.44685128504794,0.421442120835915,0.608425419414967,0.52361714014437,0.457740800573012,0.210978028892034,0.383723943466806,0.22118464673452,0.191878150149403
"TCGA-D8-A1JB-01A",0.536350144912118,0.728065619002167,0.638433683263971,0.784527293186873,0.40819835207489,0.389523165912808,0.385997665358041,0.762307366193309,0.577460282884254,0.50390492705749,0.739716930944829,0.599701362744392,0.506671338578216,0.438154160468034,0.505286828493569,0.304884510378213,0.466695583331768
"TCGA-E2-A15G-01A",0.180820783874127,0.46689063345605,0.3532090556243,0.706375458806164,0.373423843039682,0.308707345936786,0.161553418609513,0.670210374333176,0.56136047560365,0.386308091427627,0.634370205153978,0.548108641947097,0.480761392558413,0.271490077629938,0.426214111974208,0.223637658947644,0.270283293808411
"TCGA-D8-A3Z6-01A",0.183389263073056,0.478078369864318,0.358903176137785,0.791956129771749,0.408348088361226,0.386213894842972,0.197512089264784,0.712915509705131,0.704089156434455,0.456928703354544,0.763773333045363,0.546641797192964,0.51240008200871,0.269907404369317,0.464071172892224,0.217580488006324,0.336584916251197
"TCGA-A2-A4S0-01A",0.1904527864362,0.455926811179918,0.329300114646405,0.66931569034599,0.333411213222451,0.263685457482305,0.163681809602062,0.644846699032048,0.475551102722511,0.379047739970517,0.611152780311017,0.530995494316513,0.470150423183798,0.259863097478405,0.44179701912768,0.16537492770289,0.20109636226391
"TCGA-A2-A25E-01A",0.275329600093785,0.546043738316324,0.438262251202589,0.756634514359073,0.412823474593376,0.362808170982761,0.266472361881663,0.738707218055905,0.610744283138258,0.465913466233634,0.714634595008855,0.549455775912809,0.467277474487957,0.26339204660052,0.471774896115685,0.258395713243907,0.370312993758256
"TCGA-E2-A10A-01A",0.181946525939181,0.511616524640232,0.379773966984826,0.78784602978414,0.382053165718069,0.368358617821334,0.236535479099549,0.736360164346276,0.636209826377359,0.416550863848687,0.721319274304731,0.549473538307484,0.521069347727079,0.270783492229415,0.484839820033335,0.212133650139393,0.287575383393557
"TCGA-BH-A0E9-01B",0.256627996326835,0.488792139888305,0.431399343513221,0.782305473361327,0.417190550921248,0.394155857103848,0.236466797014097,0.763065829331038,0.557100827814531,0.493187975253558,0.740271271991828,0.574225976626691,0.520768150977048,0.33963224965186,0.501458874623607,0.312275684126222,0.387397356095122
"TCGA-OL-A66H-01A",0.352623320873797,0.596137405435508,0.491735884440031,0.768517445136036,0.38577795987408,0.341087347761198,0.349485612435847,0.735548245672022,0.597979732033437,0.40993437386504,0.69566020735389,0.579066758792298,0.511462041634449,0.35732254842984,0.519780851634768,0.296114792692274,0.360136038539753
"TCGA-AQ-A04L-01B",0.168818815359619,0.497576360396652,0.419785931185569,0.796505240775074,0.397421687406872,0.362060849611034,0.252454783097758,0.751934012993269,0.692728549868552,0.467773652660794,0.74448532502264,0.556912936509175,0.43977391259279,0.275834230952365,0.511198887509396,0.268980525421551,0.249722818539673
"TCGA-BH-A0WA-01A",0.416796296325022,0.734082397670867,0.520779776638915,0.823487526545332,0.381202812038199,0.534464364444015,0.301836081271389,0.734145383914454,0.599546198428921,0.510614224040279,0.787610624156435,0.514912420614797,0.492148955686609,0.310179143654817,0.534605229009071,0.282502552788139,0.370284249202385
"TCGA-A2-A25C-01A",0.311541174105441,0.592843600795733,0.445901918885902,0.786680795492532,0.384559297835797,0.387452810549514,0.268621278854269,0.754443018261233,0.649585814090825,0.465423633868547,0.708200821801213,0.560003139903226,0.487959048175083,0.281766089136098,0.466236493759222,0.373023140437369,0.364569883691689
"TCGA-BH-A1EX-01A",0.304404761741833,0.580382249850199,0.451380335928276,0.832331758350734,0.392778252741184,0.399937529118766,0.311146851714377,0.781102299042478,0.658726448015754,0.523761495975121,0.713857829198344,0.544242939894198,0.473431198735695,0.283668320019688,0.571708601969953,0.354388166566265,0.364563002847499
"TCGA-BH-A0DE-01A",0.337399412922672,0.590638754868969,0.462684200775638,0.82320226162919,0.421463802961612,0.432114754688802,0.306716384342778,0.755355052725609,0.637574273288885,0.526083408479302,0.756356213807848,0.582233478303966,0.529881565089436,0.329081898642851,0.552694415069103,0.306288034210308,0.325168412431863
"TCGA-BH-A0C3-01A",0.410957356202701,0.638446120155957,0.508745132460296,0.809876020320758,0.454870370278309,0.396813007861855,0.29708060245665,0.778330905450158,0.658331194830525,0.518329927933791,0.740612852115886,0.592992498014586,0.52817177195167,0.376389581911267,0.540846721435007,0.399190765656488,0.367864262933384
"TCGA-A2-A0T7-01A",0.266108397909098,0.510525511269213,0.410732708399425,0.839039146251006,0.404522956227182,0.467360891569117,0.254242350869776,0.794488739875914,0.744374974026661,0.4957932095021,0.79059784406215,0.565447039046944,0.512950660658144,0.31317794497776,0.555858974211583,0.276293313882969,0.350274117621311
"TCGA-C8-A12L-01A",0.365994619074258,0.650225827014564,0.461208856984073,0.777856933197527,0.37196481224275,0.467355351598428,0.332659435547822,0.678691857984829,0.581837969727279,0.456100238915998,0.710153736744289,0.543713484223609,0.462438452034437,0.293922311483229,0.522410229563011,0.282516500174131,0.36296448631397
"TCGA-AN-A0AS-01A",0.238543020375404,0.519480337430279,0.415690539061249,0.845447187475945,0.417351422587307,0.415145267106832,0.327915123760931,0.794379380393745,0.783448334460211,0.54019613850943,0.739343988161191,0.555723333926438,0.492296787170809,0.308069316406819,0.602236910867176,0.248311785800435,0.225884384559454
"TCGA-BH-A0GY-01A",0.362224261933649,0.623955524025401,0.467070249981254,0.819512132121568,0.409312923109183,0.449338052440297,0.332777128521056,0.786181720227438,0.677532802934192,0.482912712367852,0.767710729862244,0.544902791091315,0.470014809911428,0.27915816170474,0.549310545845772,0.269383872419902,0.388168649491136
"TCGA-OL-A5S0-01A",0.419054779699994,0.695872538346599,0.563195884909551,0.860926925057966,0.429173582305858,0.511661395611873,0.350046151151279,0.787505436389118,0.620558925267482,0.488066855592783,0.808430585738209,0.574226414996588,0.482918963802665,0.323913562932151,0.567419074591641,0.384118979504935,0.410048860525076
"TCGA-BH-A42V-01A",0.311421331132759,0.546870775548086,0.465654334594535,0.814651424891239,0.437074461461069,0.394687801349813,0.263131206344423,0.772057459722622,0.633887662929831,0.497188767826815,0.768711984590401,0.587234849547829,0.532717991763563,0.383439301285728,0.462101719640498,0.348936885398694,0.391027379856948
"TCGA-UU-A93S-01A",0.33537334559135,0.570598755065337,0.492522388207818,0.689109268004959,0.368212753517332,0.419273991265003,0.306878367615588,0.711019694294746,0.425400474623126,0.411007894346911,0.606277551006367,0.529532012257907,0.437785132470679,0.311597849395069,0.493977090812217,0.297675186000393,0.373715150096916
"TCGA-BH-A6R9-01A",0.455306453478473,0.68506522338352,0.562994402398014,0.8946651776758,0.469441823958237,0.464674040288678,0.480131090639325,0.636067226841255,0.872671506310592,0.638639567560946,0.887518950301372,0.590133362304043,0.53257813984836,0.402805586798323,0.611038746262999,0.330528980853215,0.360151612021797
"TCGA-BH-A1EO-01A",0.356405407977201,0.636812581954411,0.460523377574754,0.85083997259778,0.417840468537965,0.400469057164841,0.329852011162113,0.74932822756227,0.783185642104433,0.575170752893472,0.759219229088369,0.559779868697102,0.500703276882307,0.322856458535461,0.600315236871589,0.339811840303135,0.308181175682463
"TCGA-B6-A0RP-01A",0.315238798755561,0.537902694208207,0.455763227884614,0.811366951683192,0.411479697476474,0.347184815847454,0.264369222242605,0.738380983823288,0.680790651043139,0.48401770849264,0.726299026041462,0.584222959997863,0.527196812117991,0.355385690224582,0.5269428066972,0.233941371951204,0.34919877262787
"TCGA-BH-A0B9-01A",0.568765962182471,0.775895790266649,0.663318498748292,0.674473775599921,0.415857681346436,0.474689221181814,0.417527333960145,0.704718735399665,0.443096331258173,0.351220681737699,0.645148592769126,0.563060106112787,0.500425304124103,0.390578809034309,0.520474941923179,0.3637418675163,0.465075299478102
"TCGA-D8-A13Z-01A",0.387417224682676,0.657991089463444,0.508312381188838,0.817258560709744,0.423476672921117,0.454650919054379,0.342596506033453,0.74468832240706,0.634671338766361,0.52263808953118,0.794226582056038,0.543799407799161,0.491732923046183,0.343410997988979,0.588996069757415,0.424379731957535,0.463195657625038
"TCGA-WT-AB44-01A",0.219352708587585,0.450965339069173,0.406875894410474,0.834302121312755,0.378601059079972,0.377756756242455,0.322832162805196,0.750580504591416,0.742783371828488,0.527930090275847,0.804883845973277,0.570860597869676,0.49746380476398,0.29997815044315,0.523516684751283,0.301165543864275,0.326913558418788
"TCGA-E9-A1RC-01A",0.0468942479884332,0.381048685380528,0.265503848594572,0.781486476122843,0.355362938936645,0.373839258242577,0.0962198963156009,0.765543122211318,0.657873010813167,0.466276864482755,0.733814474431646,0.50811872071242,0.485306213549293,0.168228710984089,0.494389922811024,0.190083051125035,0.196278814316508
"TCGA-AR-A0TQ-01A",0.440819584392172,0.642557237230151,0.556869543294248,0.766849097405286,0.441248843338209,0.407363849081287,0.346488205624555,0.793502648812419,0.576108444462522,0.464255708720321,0.698873442281156,0.588111289323801,0.478831522959156,0.388731806642301,0.538846240697061,0.382667727637639,0.418174751626777
"TCGA-B6-A0I1-01A",0.149014458692354,0.509839472760327,0.346199393659625,0.630054206762594,0.337838732560805,0.421136176018878,0.149048699085968,0.684478505105329,0.473875759721716,0.394691514558513,0.693046292665574,0.51979744905607,0.438642725619792,0.202659513202589,0.461259210125401,0.19269016585668,0.327865726613614
"TCGA-A8-A08O-01A",0.179023858041087,0.444514977949961,0.335200487691495,0.810039142601798,0.389750646003684,0.437069376395586,0.1907233403803,0.742777306994467,0.684877076023992,0.410012176121616,0.775984740942322,0.548524937478052,0.50515336394718,0.259186834444426,0.471521867663818,0.248027420591236,0.337856557059871
"TCGA-EW-A1IW-01A",0.297398519260154,0.545014452519495,0.452448070939256,0.83323256185444,0.438380130740401,0.447971130552899,0.261810360645586,0.74067607966611,0.651936949527088,0.514216816971475,0.766817376150989,0.559951931026388,0.496227327348853,0.288125688554195,0.51266011936192,0.353471901701025,0.395312128329475
"TCGA-A8-A07P-01A",0.245746140067314,0.520531788788246,0.414060320687646,0.772948908590603,0.436480874030284,0.380009397988019,0.26985029223941,0.735535633553312,0.620503680186811,0.40872109659684,0.700264423372344,0.548772373174621,0.481404267391055,0.271341794170919,0.515474600430477,0.344085897987902,0.294559290076414
"TCGA-D8-A1XF-01A",0.319067228005348,0.57270551680464,0.394962946294354,0.642602403784256,0.340433527204902,0.331817217061183,0.246396934431088,0.704960835990644,0.433601129120881,0.3344933796093,0.632652200748751,0.525846143815519,0.475077944105017,0.274414668272101,0.359206405127016,0.242832738263944,0.351478820978878
"TCGA-AR-A251-01A",0.329382322953114,0.598617877890903,0.436639464762236,0.772876902992941,0.409050865397778,0.46659942230133,0.281030855454637,0.74515653410413,0.603845833422985,0.48259308592353,0.798139100396644,0.558663822527074,0.449076531756768,0.27756499357813,0.549087746574316,0.312822255800708,0.379325290200535
"TCGA-AC-A8OR-01A",0.149420052175795,0.420293832722725,0.339233658632285,0.589330828637061,0.369050128683839,0.362797669600892,0.178575558169465,0.702266532339553,0.487019063569094,0.329463085046909,0.646116454390352,0.545103476343988,0.469343818194871,0.277791404699617,0.478617084317383,0.231954708228262,0.179441657415087
"TCGA-E2-A56Z-01A",0.301606248575789,0.587979892777317,0.42000242361846,0.758110630323765,0.343877521716731,0.341880276349699,0.240126690440005,0.733100451710085,0.487306125334809,0.412389850370589,0.639641251712417,0.565810919824913,0.490142801714503,0.303687747076591,0.459032307898303,0.232368506925845,0.258974152416414
"TCGA-AN-A0XL-01A",0.228286279863101,0.461650077974153,0.37772819779782,0.799022906043636,0.424917104716642,0.420401410019237,0.211401461840079,0.754015332625504,0.685770912128075,0.559809543325132,0.782639777158819,0.565646213729282,0.516642801262416,0.323784538547657,0.487361453011345,0.353838274274245,0.291225256892736
"TCGA-BH-A0DZ-01A",0.433320070644383,0.733524420786657,0.517207168660634,0.845685611358592,0.427972222662553,0.46651402144932,0.332737435562204,0.746387533024462,0.77211706383114,0.465243118229105,0.792942218485565,0.566819389463601,0.503510266786406,0.350465156794458,0.549192686834902,0.280491082860781,0.363305222474836
"TCGA-D8-A145-01A",0.247397689931874,0.47592194348625,0.428977238048441,0.807816188724051,0.399675050425305,0.39591638841205,0.230257106213186,0.759363073038877,0.59669135377826,0.529337014123244,0.742243966715365,0.576030348689756,0.522453312612793,0.322102307234342,0.491420981968977,0.298194975722014,0.417804465556722
"TCGA-E9-A1R6-01A",0.204497453404216,0.501821228931186,0.364289131981781,0.785192488920308,0.390940251922731,0.345439112348304,0.247170574910416,0.725489608495256,0.581255065578402,0.398030053785103,0.711104076983975,0.538222611699749,0.512326095468477,0.279299790939775,0.459579464720678,0.190963545313305,0.265752902969062
"TCGA-AO-A12F-01A",0.130748503462504,0.363772735937037,0.316169425795293,0.809366919920105,0.37557138442832,0.50332863854903,0.19201314206615,0.713241573050862,0.668476246784882,0.569256884243303,0.808255782404587,0.563392022977909,0.463449493086201,0.259110011508309,0.498932987359092,0.338935153989658,0.389143422196759
"TCGA-D8-A1X7-01A",0.187648887759267,0.457001981842689,0.398871400097507,0.791857993136726,0.397627488603905,0.388805864314448,0.218123474830099,0.670075524557339,0.555731865344791,0.412662547150612,0.714517640977276,0.537403577986812,0.472861562500691,0.240597706534542,0.513724429061388,0.20255968947839,0.336640417322173
"TCGA-D8-A1XJ-01A",0.200569032461455,0.516336564227708,0.385223135585657,0.787656303507745,0.388721197158287,0.394087726228018,0.348586640371952,0.757189636491388,0.594949316784436,0.4561501666511,0.71283197150532,0.529467828513138,0.455522739551848,0.202715828660698,0.548018359689044,0.288176060178594,0.314034353073766
"TCGA-A2-A0YK-01A",0.530442455109237,0.701895670150132,0.645889107644357,0.811098755719994,0.434277324503067,0.393306761681441,0.390680871473086,0.733379957009085,0.651733491620826,0.552196685960111,0.79172742894157,0.606603713369423,0.531740885625359,0.46440932355599,0.52658848785692,0.390991322764369,0.503851877880529
"TCGA-E2-A14T-01A",0.1921734254374,0.443510951655117,0.372891125227449,0.754016782912351,0.375870073326098,0.365904844399901,0.236436300075673,0.745676541778987,0.524594120764671,0.402974402855054,0.681684147691105,0.530007624402333,0.488409667132458,0.247106058391617,0.536856593906481,0.305046699618869,0.324300679810746
"TCGA-E2-A1B6-01A",0.6338617652019,0.783027487750792,0.791808316538647,0.737548298542724,0.392915955440434,0.428834167544468,0.537322964501537,0.600179816369663,0.443031470904891,0.46924266191054,0.71862322074688,0.607834759731376,0.504053843148625,0.542269081822627,0.512865452639954,0.380690266911164,0.589057915546281
"TCGA-EW-A1OZ-01A",0.26938424820245,0.552579069072734,0.46146639488656,0.808129425992265,0.431330196934941,0.36704500421957,0.333109594931519,0.759001012425933,0.681300728372876,0.433839547981325,0.765029744572376,0.561246505727236,0.485732552923824,0.282790839194367,0.540146196052879,0.336901170935494,0.348155621676502
"TCGA-PL-A8LZ-01A",0.56713489458637,0.811327358210551,0.703091445711912,0.831248333571609,0.426915443844093,0.451613635006891,0.512183799927077,0.756746698921376,0.604268080329677,0.59045392071747,0.761594424232528,0.572632002170996,0.489383339416937,0.422964441207762,0.548814236580041,0.321645132070138,0.448798690268938
"TCGA-MS-A51U-01A",0.382259868968655,0.623794557515378,0.468658694300275,0.822469710163953,0.413002441897219,0.391967492671878,0.252271811138816,0.750394781776471,0.702936314988719,0.525681890008285,0.768630618712695,0.586265114381743,0.518143225970558,0.359107088318356,0.485695272907342,0.254717323415675,0.36384859638874
"TCGA-LL-A8F5-01A",0.437693352762734,0.682999793734828,0.570084655763046,0.779350314497446,0.378871757177085,0.515930270104791,0.376871342847432,0.6863758558349,0.596895292882052,0.510624646455187,0.74812195932386,0.559293570716447,0.494291030727231,0.34652380005666,0.52483021568782,0.317045956269268,0.443377730828186
"TCGA-LL-A50Y-01A",0.261479506856548,0.498613321305687,0.476353765383899,0.74788009373157,0.466668015647423,0.327612933185039,0.266495997891318,0.709887478040205,0.598642535351379,0.310954204926245,0.67359224125048,0.557753955469904,0.49337031766334,0.326113738558465,0.490261738643207,0.339713922754243,0.388464999978372
"TCGA-AR-A1AP-01A",0.345040003371894,0.623413231829264,0.457638487639145,0.796803935982851,0.425496615221104,0.421351385571312,0.31221932511843,0.758045579637434,0.661138922062009,0.468014108742079,0.761677413546705,0.547108648275333,0.504172487955095,0.307995236416175,0.54233096267554,0.342558797083635,0.320783847049565
"TCGA-AR-A1AK-01A",0.470794543298557,0.696376294072825,0.558420409439327,0.791242106135489,0.453432490398321,0.400086634035542,0.369424633991801,0.765282336311943,0.58956911449258,0.505507349358417,0.754299927509067,0.570073779912338,0.519600997641433,0.387936607161341,0.510838202797109,0.327252868414826,0.35372878445685
"TCGA-AN-A0XS-01A",0.384619069399085,0.61069434614363,0.520666148521756,0.83899816086043,0.448004054976446,0.374062294910369,0.318901383096941,0.774949565028823,0.690792845087288,0.423763006702997,0.755452639526551,0.577847681198941,0.519461313326952,0.3695808248742,0.517076296287851,0.322660148915953,0.420405522141405
"TCGA-D8-A73U-01A",0.628870741381763,0.786284705413236,0.700535673813126,0.835722510244804,0.406878970657911,0.340807720482749,0.486152949462039,0.677220815682322,0.687084431097027,0.43456250119163,0.717771088568534,0.608748858210251,0.522508765622063,0.549645057299426,0.617536846443713,0.386324168943469,0.444725987734114
"TCGA-AC-A5XU-01A",0.266808894610621,0.544885004770733,0.390611052950421,0.807971401682002,0.363120884513532,0.400468053942705,0.234692583816513,0.748834188990562,0.639827717667994,0.406380398279669,0.763267809980623,0.545729062137784,0.531533695297975,0.257732662846504,0.421283882372867,0.172275760890654,0.337644992496515
"TCGA-AN-A0G0-01A",0.395175727122263,0.648256998675418,0.450188104970098,0.777043691509248,0.372418559951568,0.511832820360415,0.294153717625436,0.735524814881796,0.530093082353639,0.544872962438552,0.680906912981395,0.534714652431201,0.469205419392691,0.319335014597107,0.547310156080239,0.272490209656939,0.421543409176418
"TCGA-B6-A0IG-01A",0.307655270125091,0.586804367717998,0.434313453478592,0.810678423379566,0.385577447489168,0.372568799143095,0.243735421288383,0.714476935260628,0.625850551163763,0.429080732565965,0.723572659778869,0.549523551285531,0.493578906840276,0.306786790081941,0.475479877397093,0.3591852169674,0.348985165579567
"TCGA-AR-A1AU-01A",0.186848937463339,0.44492547339195,0.363465722604073,0.813460236688633,0.423776209048338,0.427721593230113,0.218800586664717,0.787354869811,0.685040393242932,0.508126778633962,0.764530248902062,0.564268531047337,0.491148018087932,0.318949742842711,0.514550291539664,0.330029214208597,0.354225449614545
"TCGA-LD-A74U-01A",0.265565846481817,0.504113367262654,0.417981358365055,0.834946291349838,0.422290477640802,0.414315728413003,0.272446956711319,0.742462327297407,0.69858009264953,0.53530529827501,0.761642404824667,0.568759514599495,0.524003261936042,0.341509975528749,0.56783296812463,0.347901843840006,0.353456480946559
"TCGA-A2-A0T5-01A",0.171010232986838,0.450696316466726,0.402177500691228,0.81156083116215,0.385362586475586,0.422111716683651,0.189925117231538,0.729536078110689,0.661516961369734,0.472407218307205,0.787689290998319,0.540474773019013,0.526267932709714,0.273152054827989,0.452675976800815,0.231420709079591,0.356700770884996
"TCGA-EW-A1OX-01A",0.109412171482784,0.338845366030618,0.242258706623892,0.556956737745983,0.305248972041409,0.279402333606374,0.0833964488881653,0.699020984983512,0.372480331768935,0.387557406452156,0.581989766798484,0.521741866335915,0.468253000875254,0.192720484276692,0.343034641036903,0.19293908056361,0.174058500834954
"TCGA-LD-A66U-01A",0.433325285710727,0.620023850898617,0.57753640443737,0.823195579584454,0.415716144657728,0.37877477892149,0.338879147869115,0.746669072688264,0.663819667104639,0.448102474763612,0.757728362663854,0.589502012465676,0.536854321309874,0.41406280563871,0.450115044179109,0.310920684998148,0.375811953966071
"TCGA-AR-A1AY-01A",0.244161622834964,0.510188280286294,0.384526726862146,0.812918448828195,0.355145898178565,0.499977955558045,0.22427617321292,0.710697998732811,0.635427721994512,0.50537929119265,0.750796494771416,0.511571912749389,0.489665380087571,0.27734234204876,0.515534545187154,0.232239272729025,0.315910799182237
"TCGA-BH-A0E1-01A",0.167632958196612,0.42356005957555,0.33928778912565,0.777811641344426,0.398224134139094,0.437796615604802,0.166549630778771,0.737202880145031,0.62789251827554,0.387484532931974,0.744195754636516,0.55626492485335,0.502239340949006,0.286401626684893,0.465640820818247,0.246102418648819,0.28609879807616
"TCGA-A8-A08R-01A",0.519532185707546,0.7773946561883,0.608989767330395,0.818408929010444,0.391186650690295,0.48858265638954,0.424604930621473,0.766445220964032,0.594799733338277,0.556021203563865,0.794219253414507,0.547914456610047,0.482657529153762,0.391141827669236,0.596848600117697,0.286090493631195,0.454718361385064
"TCGA-BH-A0C0-01A",0.632714959233275,0.812253826104194,0.724110004146746,0.75779578403941,0.456341843683448,0.396831493718921,0.547536373026848,0.744815989962157,0.549828933814756,0.447165030071185,0.662886603798145,0.566701473959964,0.496694795204809,0.445527703755666,0.596888425391546,0.368898580951396,0.434550207732258
"TCGA-E2-A1L7-01A",0.510446207660975,0.727207948031794,0.615821031752224,0.805645911254032,0.441966798092593,0.406691471319445,0.390343993080428,0.70819845336999,0.595101924957626,0.407517443061005,0.709718865669748,0.583614172125306,0.504145521183755,0.38956921040459,0.532132818572613,0.329857222158622,0.379388668654844
"TCGA-AR-A0U0-01A",0.614180537056639,0.826050229433947,0.714329415947935,0.735747799903693,0.416639890922011,0.450234230665067,0.52863245596713,0.710877802875354,0.496625269013931,0.46260421551588,0.686951810775078,0.551129010657595,0.470782062401033,0.448645786124308,0.551348343356286,0.307119312578522,0.452627460544569
"TCGA-AN-A0XW-01A",0.543168695032605,0.804228064327452,0.652277992297963,0.847222913198701,0.418692771127105,0.441397345554281,0.45674197464643,0.723057401190505,0.761703953002942,0.561322907139324,0.778493010914872,0.579262606872367,0.50999599690787,0.417374473060778,0.562937578921891,0.309813204383468,0.373821827660412
"TCGA-A7-A4SB-01A",0.182039932974718,0.433822813680456,0.328513589299192,0.758434042479314,0.352619407607499,0.389684992450002,0.232795824101174,0.726112846072632,0.540266274228156,0.474237089609836,0.695878203218402,0.569945893293438,0.483109440252033,0.272654635539184,0.406406108451368,0.197422148039088,0.26782491542788
"TCGA-E9-A1R4-01A",0.442704927153602,0.716249086157365,0.563194950326694,0.772163608732253,0.45115733158446,0.353358989108213,0.405289270981511,0.765022679057696,0.579156311635781,0.469796100338025,0.73550101989885,0.551680014954495,0.512854621166348,0.349738712955292,0.538883248067961,0.321826696730234,0.36888429937652
"TCGA-OL-A5RY-01A",0.505711412687107,0.736759066633513,0.683078969187317,0.855211507861098,0.507588422886547,0.48298702186389,0.390567141033172,0.772312205160873,0.660742983012738,0.552354134004137,0.814694586645107,0.596220859528433,0.493020157145959,0.431164670472925,0.587416663604291,0.455993541931391,0.535894161058236
"TCGA-OL-A6VQ-01A",0.303548417382205,0.548768361401972,0.444893974208826,0.829892122495988,0.446594815167406,0.430327873103273,0.26478644071015,0.755179550254589,0.698489016576371,0.551950052786027,0.805593054464646,0.590181046604071,0.524718416565937,0.350569624905452,0.489401374387078,0.358246011326196,0.383360877356012
"TCGA-A7-A0DC-01B",-0.0368728368997535,0.295355546699237,0.225966014885475,0.689724080385922,0.30916458295892,0.261336908531374,0.126935162995167,0.719122191493226,0.495003092718953,0.376094586258636,0.684757104894709,0.494647696352833,0.445110368798604,0.221582595709409,0.402336707934638,0.159935262465679,0.227868128513495
"TCGA-A7-A0DC-01A",-0.0887795731140868,0.216073773568107,0.107615581439128,0.583512235280564,0.2907135578571,0.283356697015029,0.0478428078069872,0.662128287311729,0.370360205464619,0.24770918016765,0.597356687352792,0.477902666203054,0.427960060736055,0.191268193051895,0.397803755168562,0.0738837042785069,0.181224159632141
"TCGA-A8-A08F-01A",0.47808938668352,0.737704341527,0.570616742006438,0.814288499462552,0.439041464808926,0.396008737624233,0.393459655440278,0.769119206009069,0.669547869190847,0.426776776009205,0.753648431307561,0.542950114449306,0.503457581304977,0.351811279324757,0.591071815801017,0.273006721637281,0.299823217442315
"TCGA-LL-A6FP-01A",0.102834601046859,0.32067637529091,0.294103189931675,0.589097849509126,0.351197925938272,0.281837419646706,0.141931795513708,0.637611722866713,0.390580273099219,0.348252069790081,0.573210114983196,0.526820874775639,0.489956901155079,0.204786214304136,0.410105006932264,0.209137853235397,0.214604311257982
"TCGA-GI-A2C8-01A",0.264890929653418,0.512979437761423,0.469240132470751,0.82766007704452,0.422779538625111,0.3461900080456,0.303600219492147,0.76755520546803,0.685215462481675,0.544370441431197,0.741051416572661,0.580418779396943,0.49872515570391,0.336960355262105,0.565690403065637,0.226025280581698,0.328175089617781
"TCGA-A8-A06T-01A",0.421810542717234,0.681174667030811,0.50158722474995,0.765229853173025,0.373170020770877,0.308914153097573,0.311128552235817,0.727898138848431,0.559620118533251,0.379187932928108,0.650247140513001,0.560068037840229,0.498308975598083,0.368215223402788,0.470008799340804,0.323277014710664,0.35306665808513
"TCGA-A8-A06U-01A",0.424756173692654,0.693726061197254,0.511895077260988,0.749514758747105,0.423468021812953,0.404669657372218,0.337505783120601,0.723422573945342,0.599320432389682,0.42057878331478,0.698202821820772,0.560484713737502,0.486944665790099,0.327072159112184,0.529021410989036,0.339339194274961,0.33947737026986
"TCGA-AO-A0JI-01A",0.270887031682567,0.52792084638688,0.389481187975209,0.66513571636437,0.382841485843575,0.326641064568814,0.232480895648468,0.72879968238972,0.485767987837998,0.43572083046182,0.639569702550048,0.561994596188278,0.491156361510655,0.330455961784044,0.415364576017578,0.17959158271009,0.36503035319386
"TCGA-A7-A0CD-01A",0.20831846507947,0.489972804873281,0.362456087641627,0.751317188423073,0.375129783085876,0.350763512307188,0.210464629067665,0.67924067451396,0.560650685549479,0.442355175304685,0.65273725092354,0.556086550554607,0.512695597378522,0.292178865597067,0.461203020466703,0.18592900711384,0.279350086535381
"TCGA-C8-A1HI-01A",0.247561113671342,0.520296172635089,0.38513864797977,0.778647079392055,0.393307411466032,0.461358277124743,0.206333842463672,0.742128763003532,0.580801225382923,0.467578308680949,0.730273314803311,0.551105711895248,0.509956131818594,0.288069416530077,0.503935299511814,0.205369555397066,0.344332446711418
"TCGA-A8-A07E-01A",0.360059248976187,0.576726518627118,0.482740582047846,0.825664882147127,0.429440759907492,0.453571428225492,0.277766595097331,0.765275264626652,0.778726684248511,0.537470024752963,0.774228934342232,0.556237273429258,0.508338327243117,0.354247159122646,0.513840803295612,0.432594716586198,0.284457910090707
"TCGA-A8-A09K-01A",0.507218165929574,0.690058613721429,0.555512845356351,0.606692549613597,0.37175355898353,0.301606679037283,0.354716835525046,0.707136647592566,0.363814950882613,0.384495873123343,0.567251403449885,0.550295981665981,0.500991345886934,0.392080593123332,0.43819673768426,0.265807852189156,0.38960370943547
"TCGA-D8-A1XU-01A",0.212697549123435,0.493179667445315,0.390393418927385,0.803105191375581,0.424599964970495,0.382743411250253,0.266585997359464,0.748766650431255,0.764570724849243,0.498941903087756,0.766876622933732,0.538023966278469,0.495085203573715,0.255224502117878,0.495438890120945,0.198091835013213,0.310156930388987
"TCGA-A8-A07I-01A",0.38195011744116,0.663302100197841,0.497146980504596,0.836323135653816,0.394317871989791,0.401493013413504,0.374919814436223,0.745415686182392,0.683839802064541,0.510174977143767,0.772471194497059,0.55761454662711,0.503978295721197,0.306094982846027,0.551080072930991,0.296221008760514,0.375181456033809
"TCGA-PL-A8LV-01A",0.407113863542228,0.689038923558122,0.540054313522635,0.791557363719396,0.389291378294349,0.447798622278008,0.296077588989624,0.768950145038846,0.536732930129648,0.475384644703253,0.73991463233229,0.552844361125909,0.460911195796589,0.384901099820992,0.486141320140777,0.308022500265335,0.463659009808866
"TCGA-BH-A28O-01A",0.247835120986291,0.476781935612659,0.425304796758497,0.826888201443328,0.397123029361034,0.386143041875003,0.232434306181955,0.761389954460213,0.710599731177,0.547427326882446,0.807523476777988,0.600196511041036,0.53670370762464,0.353325426929452,0.485130189269319,0.323560048388682,0.394332869194494
"TCGA-D8-A1XV-01A",0.162523712469737,0.470762215379195,0.321625350220248,0.676494656207741,0.315901070097207,0.329304762615196,0.172462945605208,0.593607965990636,0.459063924869217,0.382117057585887,0.59967818665578,0.519275138263246,0.457560182616401,0.238364056827805,0.468970101072786,0.191599066028313,0.212512253634221
"TCGA-D8-A1XR-01A",0.13669178659589,0.428796147293938,0.336814304977045,0.761307805609489,0.37457979606329,0.349963583801223,0.185453633898634,0.724321312697955,0.63288662628264,0.448333642880869,0.696482828730449,0.546029670071566,0.487110332073735,0.251131479904916,0.461587139684028,0.273127887580073,0.198789306814969
"TCGA-D8-A27R-01A",0.357069826530281,0.566765436885474,0.48757646674161,0.789506526083864,0.433078112835892,0.436500147228095,0.298098213306351,0.771865047455667,0.583107765701733,0.364586559510195,0.709107830299487,0.587433329506171,0.485462099521568,0.351620222323728,0.495325232432393,0.282011336505958,0.361467713024428
"TCGA-BH-A18L-01A",0.271821507155676,0.533130453739991,0.399946136265814,0.621124621493911,0.413096430366684,0.32689892249321,0.24661017097642,0.744764433543399,0.395412257208876,0.398768539774838,0.595616954885251,0.544905641009449,0.471532532166479,0.272389083930446,0.435692357521648,0.239321873364732,0.284279112103215
"TCGA-E9-A1R2-01A",0.37616690042328,0.634497591554019,0.475293763931149,0.777664867583839,0.385507734649613,0.383649845866292,0.305383476184652,0.752464712623741,0.611768710059858,0.470027137156565,0.70788627851729,0.564601520800613,0.528878578158111,0.324278098907261,0.437472420076678,0.255724895304354,0.361530602405662
"TCGA-C8-A134-01A",0.479617253434897,0.776149520687687,0.581967542956688,0.754219260882074,0.374779912239827,0.417006764129913,0.372895987526669,0.6902440143254,0.555395050075419,0.47193687115738,0.812996245616942,0.554549857928151,0.515470160051022,0.346803447255567,0.51637414474502,0.314371812221069,0.420047834642443
"TCGA-BH-A0HA-01A",0.431895510882779,0.674902062417821,0.550384165703576,0.826255039909687,0.419856282235137,0.407269343602967,0.361852329036982,0.785061137169391,0.718564117617462,0.507147535773371,0.781194813452184,0.583047337972763,0.522599076953239,0.356264912432605,0.476550587558928,0.295463367091182,0.351493570560604
"TCGA-AR-A24T-01A",0.26462250489506,0.526105389233902,0.418364183861496,0.832363819012691,0.401466095613503,0.398818995598917,0.23702106119816,0.73151190909204,0.74029249876528,0.58587201021265,0.758416033220737,0.566760665520397,0.497942484568508,0.289212018817021,0.52111553916595,0.220281209586951,0.346643968824662
"TCGA-E2-A1IG-01A",0.206680561980697,0.488957732304078,0.36958984649007,0.833436401503188,0.415169281172133,0.412699101575824,0.220520136896845,0.766015544081455,0.684958140431897,0.46428381243258,0.824112667074088,0.556495715070736,0.519543456245801,0.284718518344863,0.496357543754113,0.208814154589985,0.26829167305867
"TCGA-E9-A1NA-01A",0.2586369040669,0.542786998637111,0.426733057479304,0.821495133275183,0.40423382464293,0.381662489569964,0.345971102649704,0.766346338342645,0.680517149433521,0.448454857017663,0.74243081825702,0.553306674370534,0.51051255010641,0.264130197938933,0.544195093688714,0.240364504573577,0.311558537127601
"TCGA-D8-A1JP-01A",0.306598309500163,0.551664733486858,0.459378881213138,0.83109559997864,0.401301659698829,0.419441953802617,0.311309643949827,0.780850009155907,0.657029382385939,0.528976993101468,0.782968771713341,0.56697893565246,0.510225749844467,0.306551816733114,0.54100280201533,0.25267036254954,0.3288318854427
"TCGA-AR-A252-01A",0.600660748171386,0.753607580510348,0.691369184866133,0.796125398313214,0.473945475745472,0.4408340520477,0.469963019103914,0.723171315940561,0.562788642534106,0.541713312463861,0.708835348061616,0.596423953080032,0.492304504493921,0.5035333547867,0.571645918109565,0.453299137844514,0.453292755441556
"TCGA-D8-A1XL-01A",0.545882617744712,0.760606065141586,0.668112850785749,0.755186883652283,0.420264534248608,0.363685476396975,0.46925708422063,0.717617542246162,0.543444585181773,0.381968512486971,0.685830054579113,0.565615853385394,0.478447070245552,0.447795889025758,0.510413760974048,0.338016350467087,0.431333040827367
"TCGA-BH-A0EI-01A",0.0759558460250076,0.544206585355263,0.348780902169401,0.820142251813021,0.395213827835676,0.404455100271552,0.179335975920889,0.779357165370731,0.7359050327026,0.508645985249028,0.746030897278979,0.532842062803404,0.481877710442457,0.27262152811801,0.470729520629723,0.163883162086205,0.24703986254542
"TCGA-E2-A1IO-01A",0.392824598437029,0.629443620008696,0.503044647923921,0.833431717138933,0.436496046958402,0.396414394134048,0.305429564108287,0.776214373560952,0.760193701174565,0.504320404254717,0.788287144193464,0.580484554147479,0.534815129226516,0.376150113210956,0.490167610711461,0.291198742099562,0.369962316341701
"TCGA-E2-A15R-01A",0.100248839376208,0.380391421888077,0.264640501184841,0.697100901454363,0.346739213011096,0.334161919295566,0.140369841425685,0.720340393907846,0.58701719470165,0.396416727995293,0.65951222281391,0.523987738131541,0.477879335134209,0.224280279492113,0.416209283562637,0.137365410127748,0.263848501023747
"TCGA-B6-A0IP-01A",0.267097973396752,0.520460487287061,0.469020276694536,0.787448026246559,0.396257126721671,0.387952667355811,0.242260944290496,0.656440529866703,0.601356559717827,0.443962216246341,0.72202298748201,0.555977233307015,0.503498317204233,0.335867292453986,0.456864058575647,0.294663805687569,0.438832006111889
"TCGA-A1-A0SN-01A",0.439831125488419,0.664798064419579,0.527311972662984,0.814404560664,0.400976740248542,0.400456834077572,0.335376010851233,0.759300975843069,0.724701620758066,0.504959558077247,0.721420083854707,0.573483366393605,0.501427134582507,0.36013478220921,0.52099507812725,0.298024764905222,0.323027049834369
