"sample","T_cells_MCPcounter","CD8_T_cells_MCPcounter","Cytotoxic_lymphocytes_MCPcounter","B_lineage_MCPcounter","NK_cells_MCPcounter","Monocytic_lineage_MCPcounter","Myeloid_dendritic_cells_MCPcounter","Neutrophils_MCPcounter","Endothelial_cells_MCPcounter","Fibroblasts_MCPcounter"
"TCGA-D8-A146-01A",6.49710945022471,6.85798099512757,5.35343594969944,9.86759056818776,2.77191079864563,9.93885320428658,6.85420560536124,7.69518572245567,9.70888606590975,15.3940059163468
"TCGA-AQ-A0Y5-01A",4.36153471294668,2.8073549220576,3.37110048840136,2.94453798661744,2.0586416274787,10.365276482929,3.21499563900498,8.08202956590068,9.63153670882522,15.6272111206616
"TCGA-C8-A274-01A",5.43281780449029,5.90689059560852,4.14630256388555,4.50362965241246,2.72229494001638,9.4655892640746,5.36418741568547,7.42299052195632,8.89753940681219,13.2755654340564
"TCGA-BH-A0BD-01A",7.05689558655498,7.69348695749933,6.52466998115116,7.99796864021395,3.56725640215309,10.8605053773165,6.20154310680324,7.40781188117175,9.76493972743283,14.7461571974735
"TCGA-B6-A1KC-01B",4.41150583152726,7.08746284125034,3.8520142410962,3.22223812027445,1.76332036755561,9.45044399998827,5.12225204439226,6.73793896370477,9.5127459235026,12.3223362875751
"TCGA-AC-A62V-01A",4.21696598423824,4.08746284125034,3.343723622336,3.93832997723188,1.01616037711812,8.72509402057075,3.84595845260236,6.33684033132108,8.06842532617884,14.3426894686197
"TCGA-AO-A0J5-01A",5.53471165023524,6.56985560833095,5.00840527126592,5.87893273629946,2.90840720197921,9.56091900536676,4.9904396597387,6.97917600763484,10.23104004579,15.892305219929
"TCGA-BH-A0B1-01A",5.51413593156784,7.06608919045777,4.61472119265949,6.58648433489354,2.87083747091921,8.7561643424078,5.92215347198583,6.84836760219842,9.95039122518522,14.7889169492118
"TCGA-A2-A0YM-01A",6.57337572879643,6.24792751344359,5.87742561724339,6.67428941251498,2.50532498521411,11.4101910048403,8.15573766899486,6.80464842406052,8.83342270227801,13.8903147522241
"TCGA-AO-A03N-01B",4.44866563141467,5.04439411935845,2.94298107368124,4.41821958900573,1.99615082787053,8.66156817024455,3.34249233535347,5.70907238697138,8.7533873409576,14.2316641984339
"TCGA-AO-A1KQ-01A",6.88604618393289,8.35755200461808,6.03818224598634,8.41367346069304,3.03775287924929,9.41179468173498,5.13451162443987,6.69839355040937,8.11905170315316,13.2113289900163
"TCGA-E2-A1LI-01A",7.12247612695383,6.4757334309664,5.62337199100956,9.22320107645689,3.46092559153198,10.4570977098972,7.88870611440457,6.04699414948882,9.17752547163506,13.0482008325578
"TCGA-B6-A0WV-01A",3.48997075607223,4.70043971814109,3.13676783751527,3.71529984138351,1.36448492235447,7.30463155329313,2.95021774365977,5.55436297561193,7.74774554756089,13.3613188900093
"TCGA-E2-A1LE-01A",7.55651765847541,9.26209484537018,6.22849229680826,6.62909399927873,2.65076232674947,10.4701867517978,7.21137500951176,6.55836270115106,10.0495938241974,14.8296121252003
"TCGA-A2-A0CO-01A",8.55435418833927,8.13955135239879,5.77265396562302,10.2380852032174,3.45734396250025,9.75563152016104,6.86241926265497,7.79312651439783,10.6675820206633,14.9933033655696
"TCGA-AN-A0AK-01A",5.25875903763055,5.04439411935845,4.16283502168441,6.23559588790635,2.8527061793188,9.22440276274502,3.76905959677393,5.35624378786622,7.42271029211846,12.4907105596848
"TCGA-BH-A28Q-01A",6.32718764439167,6.4594316186373,4.69122401204238,7.38861440150966,3.17284561348546,9.39083428484371,5.8803291084305,7.40355639831815,9.76392024894061,14.9032091862403
"TCGA-3C-AALJ-01A",6.28447986933973,6.68650052718322,4.86565559920383,6.88175820126282,1.99115730107962,8.51124491879439,4.98535246066037,5.44224431330521,7.95182047650594,12.8733178311086
"TCGA-BH-A0BM-01A",5.13500137762852,5.4594316186373,4.43109096179698,7.16203564170723,1.75960194963135,7.5110973384094,4.72413853061934,6.19968762348298,8.84005803484268,13.8508916241675
"TCGA-AO-A03O-01A",6.59748424756743,6.68650052718322,4.98030473678064,6.51590406609999,2.37438393895379,9.86593220717889,4.82423018857773,6.39515974055309,8.03955255649735,12.7395278051142
"TCGA-AC-A4ZE-01A",6.32513451526545,7.11894107272351,5.07280848962231,5.33260649194344,3.04078650609468,8.81565645693714,3.926653706779,7.27039171304147,10.0858813425419,12.7702644166732
"TCGA-E9-A22A-01A",7.62514741631106,8.67595703294175,6.73755385379912,7.19214510916571,3.90798648107671,11.0710052825629,7.52193212492788,7.86173618789313,10.0645930095996,16.5238995098949
"TCGA-AR-A0TW-01A",6.69394262077813,8.2240016741981,6.16430469715986,8.10191500988422,4.62730677713897,10.203220631187,4.87372724330981,5.51935688251544,8.23832414515962,13.5063054093445
"TCGA-BH-A1FE-01A",8.34571670583635,9.05528243550119,7.33124155879733,9.83905328925715,5.47410867937233,10.531818714939,8.27197789463797,7.53155452974775,10.2056120489461,15.5408872553501
"TCGA-A2-A3XX-01A",7.04116783202362,8.56985560833095,6.21827126208667,9.9950100873735,3.58242651543377,9.54930253214268,5.17533347780988,5.80810118463603,9.11730236049637,14.2075988075152
"TCGA-A8-A095-01A",6.31609845061021,6.4594316186373,5.16879856616964,6.94527778914319,3.23549112203527,9.379336407954,6.37075371122823,7.69715654197998,9.48217842976864,14.2913890780768
"TCGA-AN-A0FL-01A",4.35135414757868,5.08746284125034,3.62245486175335,4.40909445960332,1.98552131488855,7.79888093075947,3.02261821435073,5.06889388278204,8.75920503289132,12.0360889186212
"TCGA-D8-A1Y2-01A",7.72095919694255,8.16490692667569,6.15463891839528,9.5356419427419,3.01394322409183,11.7794299186113,5.84919620020238,7.21558941374373,9.31827283132465,15.1032268910026
"TCGA-C8-A138-01A",7.474393098235,9.4178525148859,6.25695043953627,8.39819774715319,4.09858600034496,10.101984905579,7.03999230177854,6.8730651792793,9.41400474224646,14.8174815314148
"TCGA-AR-A255-01A",7.15433794015315,7.44294349584873,5.76479647848503,7.45642647480138,3.67019893878295,10.7676344953077,6.31738168164378,7.48970930855163,9.89483690896559,15.3775730670269
"TCGA-GM-A5PV-01A",5.6851221079046,7.2667865406949,4.62353288789214,5.08141068288583,1.27403660180885,8.83115504533669,6.48735410825111,6.3745087412294,8.67274840770736,11.866628937361
"TCGA-E2-A108-01A",8.25527539105672,10.1661630826461,7.87032430409364,9.41744676890145,5.36738200871624,11.4338286075083,7.0511564359048,7.37050699631082,10.3658765001036,15.2902974648664
"TCGA-AC-A2BM-01A",7.13302722545401,6.75488750216347,5.41475033100699,7.44077714009975,3.20550733779128,9.57684309662608,5.82550645780727,6.32402412167927,8.45321170201617,13.6223474937053
"TCGA-E2-A1IN-01A",5.20377910244691,5.08746284125034,3.17682963910331,4.7814961874882,1.66240100229841,9.1010083133265,4.19957686443357,6.56206530347065,9.62539874721442,16.130124146183
"TCGA-A8-A08I-01A",9.05535361409831,10.2276159434142,7.49681901263096,9.64250680195862,5.59654115602619,12.2619611141367,8.45406997545476,7.94581919826287,8.31926688622292,12.6010342291686
"TCGA-AC-A3W7-01A",6.58845876103267,7.02236781302845,5.27398149011054,6.03506643747814,2.30988963855028,8.94769349564375,6.23971287081524,7.54256203587283,10.0593338434399,15.756573524713
"TCGA-E9-A1QZ-01A",8.54479258888098,9.34872815423108,7.01060015260303,10.8688182330142,4.36753287112861,10.5705908429111,7.70279425083202,7.55593211502121,10.086350293136,14.5017386117955
"TCGA-EW-A1PH-01A",6.57860478736832,8.51569983828404,5.92206774024482,8.59529385126367,3.24450376243315,9.76665777895423,6.12421757818726,6.0213714676054,9.06501574015889,13.0444889344651
"TCGA-BH-A0W7-01A",8.05967763835441,8.29920801838728,6.3121661940361,9.64435955174975,4.16512247048026,10.2007567071844,7.00272460743587,7.2683804149844,9.16148425158465,14.9900350441791
"TCGA-AR-A24K-01A",4.58267900883664,4.4594316186373,3.44922391207346,4.68787295160316,1.80458894276715,8.02358751149845,4.60451416121882,5.59441107719065,8.2165493224413,13.9875422576234
"TCGA-BH-A0H9-01A",5.39866635035961,6.32192809488736,3.91761847574521,6.21691127082929,1.47672264890213,8.2915982904776,5.28995583743315,6.64995121758145,8.65012715200315,13.6773631021398
"TCGA-A8-A09B-01A",5.2565581136477,5.88264304936184,4.51916165402697,5.58743716004913,2.21281555501441,8.83562776576973,4.56318688640425,7.1751545750326,9.31823957367001,14.3293086934122
"TCGA-A2-A0YT-01A",5.99180369127607,7.53915881110803,5.01075863070252,4.67114020863979,2.91018607786819,9.8918180493078,5.46354440035027,6.99877003034247,9.67361567701622,13.4280994273121
"TCGA-BH-A0B5-01A",7.09259153516216,6.94251450533924,5.26655045714098,7.05054064348478,3.10406721883664,9.90293540022447,6.5144927383998,7.32752884799094,9.32883536094986,14.7614649885753
"TCGA-C8-A131-01A",5.62292604593918,6,5.15059863597866,5.70759524836512,2.54185399101475,9.5046532655496,5.85275506655011,6.82215457775439,8.81469282646803,14.563418902805
"TCGA-A8-A093-01A",3.60731951408936,4.70043971814109,3.39953721570872,4.70133824421438,1.74929417960736,8.5665981978382,4.77509068916829,5.8021547209105,8.98559088610279,15.4342575830348
"TCGA-A1-A0SK-01A",4.30867888105508,8.10852445677817,3.17021698944066,6.36105614037118,1.75035187695088,9.06277391366123,3.09086135202934,5.52289183530706,8.48915842081525,12.4640142396547
"TCGA-3C-AALK-01A",6.50249408007905,6.39231742277876,4.83482357230234,7.10718776628982,2.72516618127135,9.1771988233218,6.66159222403943,7.23860339546297,9.14554120766728,15.6583041752456
"TCGA-AC-A6IV-01A",8.03813216912099,7.95419631038687,6.33203361430768,7.26110077120245,3.52582493285325,11.065852644937,6.48229902240966,8.74627867148358,10.6535463293729,15.1663850248541
"TCGA-BH-A0GZ-01A",4.99347768458929,5.7279204545632,4.10927267557457,5.42607987889779,2.36723781288078,8.55286257273337,5.39205764620479,6.92129556560473,9.47196874641632,14.5541900710904
"TCGA-A2-A0CV-01A",6.78278268867377,8.29001884693262,5.52858643794077,8.32205333576965,3.30096655939568,9.92104372134824,6.48525622509809,6.92464723133783,10.0410803836931,15.341960326278
"TCGA-C8-A12Q-01A",6.42685682323343,6.3037807481771,5.54107708679771,8.31465281396698,2.84207666633682,11.2747762064605,6.37865847809062,7.80245960874151,9.80119493506695,14.8667871737822
"TCGA-AR-A1AL-01A",6.79240438484826,7.15987133677839,5.20386840972257,7.76617770957072,3.15049242463019,9.3917286743464,7.46225497196191,7.81413012429836,10.577438558469,15.1462403517345
"TCGA-AN-A0XP-01A",4.3866500456892,4.24792751344359,3.82783046422544,4.48011598802739,2.81662842374269,8.90889873715318,2.74139574327713,7.12424725851603,8.88247770803885,14.5106460661438
"TCGA-AN-A046-01A",7.51136813239481,8.77478705960117,6.17750018309369,6.40545003463853,4.31045532602568,10.245751156486,7.02331352390236,6.13950313023658,8.9339559850285,14.4867616095627
"TCGA-A7-A4SF-01A",5.89481081449922,4.95419631038687,4.30722912174277,7.54040370397695,2.43039222641208,8.20678348841613,5.07853576188678,6.01359309705649,7.29166734885586,12.4916802255595
"TCGA-LL-A740-01A",5.93746842408835,4.24792751344359,3.91082870859055,5.18748707944901,1.92403967784734,10.5311897524621,7.12321307476662,7.62880053251047,9.55715378275659,14.9344345125148
"TCGA-EW-A1J5-01A",8.58491594236432,8.85798099512757,6.4502765851856,9.22317406207045,4.08374848097547,11.3661813311517,6.46742250101872,7.60563704194506,9.67007585598704,14.2366728466098
"TCGA-BH-A18G-01A",4.25160090000634,4.90689059560852,4.46396539509043,2.78306118240711,2.55746897294191,8.05251029995417,2.47372505723563,5.05492164142133,7.11007449253598,13.3993295424526
"TCGA-A8-A07R-01A",5.04638275097784,8.58120058192496,4.73739972636575,7.3202235288915,1.81593462575755,9.47916880342562,3.10162838519132,5.86311054775485,8.49165748055765,13.8932996449743
"TCGA-EW-A6SB-01A",7.74701148239467,7.06608919045777,5.89656051391342,10.0548753527337,3.63876906967935,10.0611762616988,7.68368376490833,4.97862478055291,6.82471815486924,10.9965085610045
"TCGA-A2-A04Q-01A",8.90399058887736,10.0389189892923,7.31491654858529,11.1975657642651,6.14508572689989,11.2410342075615,9.02077014486484,7.00675348342795,9.08619364863447,13.8625512552499
"TCGA-B6-A0IC-01A",3.87105533832234,2,2.18804021882089,3.7570977443907,2.95839934011186,8.56441072212648,5.06097937770605,6.2659869983659,7.89229293931556,10.635053960512
"TCGA-C8-A12X-01A",4.33590146875246,5,3.78950330261325,3.87356416382296,1.76159464261498,7.98670184817509,3.19913896465,5.39594089349419,8.37861932086089,12.0141438958065
"TCGA-Z7-A8R5-01A",6.6524227216634,7.93073733756289,5.31550982746392,8.8783236166888,2.81195065389885,9.42771781776752,5.99482620513543,6.02926247798857,8.91418705095538,13.5200641331747
"TCGA-OL-A97C-01A",6.35048583866758,7.12928301694497,5.03741899936794,4.98860709192705,2.17958894276715,8.13448145039824,4.94196577153101,5.39612494785642,8.73726101347412,14.0279006882262
"TCGA-A2-A0EV-01A",7.0705164671179,7.40087943628218,5.35916873089391,7.15533666250172,2.89336706769096,10.2312820727707,6.49298417764681,7.0368617098094,9.0037345029839,14.6852059567291
"TCGA-AR-A0U4-01A",6.58877661256217,5.6724253419715,5.44305208916212,6.70308113168451,2.98676932596013,12.1443544338662,9.84585578556326,7.99481424709493,8.81208551392882,13.6858340148165
"TCGA-A8-A06X-01A",5.43119771558717,6.70043971814109,4.68275220947734,5.70363866199327,3.00236738439214,9.26366507656985,3.89498799405715,5.92033071622871,8.13835901986277,13.2948720288954
"TCGA-PL-A8LY-01A",5.48259074952232,6.62935662007961,5.08413102116254,5.72295523008377,2.17715739743388,8.41010849935713,4.29576869083302,6.18555835359884,8.55294257172316,11.5695030885655
"TCGA-A2-A4S2-01A",7.01639148111015,7.64385618977472,5.88017584267021,6.67725015779725,3.46912413423543,9.72883561238342,4.64074066955044,6.06700625744522,9.05033326845578,14.2072712935845
"TCGA-A2-A04Y-01A",7.51238976788133,8.51569983828404,5.89940038925985,7.21798579806533,3.74473148317939,10.5581199821359,5.80428911975323,7.44233338975277,9.46915268191738,13.3957541378376
"TCGA-D8-A1JA-01A",5.74577870955478,4.24792751344359,4.05099158959422,5.5044672398574,2.46485841124735,10.5331583919715,2.76868182894527,7.54497238891123,8.71893789364072,14.4163527536485
"TCGA-D8-A27E-01A",5.60875268782663,6.35755200461808,4.67863027743269,4.94679030019051,2.82439261309271,9.41502120796509,5.71890769575072,6.78153545786957,9.42367372673075,12.570087279431
"TCGA-A8-A06O-01A",6.22085352677538,6.28540221886225,4.65408363816251,7.62855287531502,2.92101321188977,10.1041308684741,6.2292154831791,6.56881489495443,9.11569132209865,13.6886244608616
"TCGA-A1-A0SO-01A",5.73166044040638,4.8073549220576,4.37360667474009,6.73256580295732,1.69608358667256,8.83873246129484,4.29211693181602,5.77925786177034,8.18293199840143,12.0024632500381
"TCGA-A7-A26J-01A",5.86223573965315,4.78135971352466,4.147063593244,5.41936078647494,2.59721447971004,9.98778624586649,4.48666390213499,6.91583631167823,8.97624731651185,14.5547422521395
"TCGA-GM-A2D9-01A",5.02859193746948,5.08746284125034,3.75885816036671,6.26236289529926,1.86643452923585,7.92613858923315,5.58211506813539,5.46217676217518,8.80917512337611,13.4921666502935
"TCGA-LL-A5YP-01A",6.301566818461,5.52356195605701,4.9116805384701,7.19683716912404,2.59696414379794,9.82754883584372,6.43609034420611,6.44669200538246,9.15753853438795,14.9221685261478
"TCGA-A7-A26J-01B",6.55614984619266,5.4262647547021,5.09175193960192,6.74352116555019,3.27583732106855,9.36325646352596,4.20768571547395,5.97593737864975,7.53131031003362,12.1138828992675
"TCGA-A7-A26E-01B",4.48735007596177,3.70043971814109,2.45918844582868,3.4471423687716,2.37850747897388,8.10215703322158,2.54000765765319,5.07125530833006,7.1959066341316,12.1228440110637
"TCGA-E2-A1IU-01A",5.26231745356696,6.83289001416474,4.3147708181028,9.43513191051906,2.00601828177745,8.57802602413971,5.16482564229688,6.84837086683974,9.13597558520836,12.8710130869774
"TCGA-A7-A26E-01A",5.51353330040934,5.6724253419715,4.33784704585718,4.82166374441595,2.72842723937625,9.45760227616706,4.59156463776104,6.45629485065901,9.44057580365829,14.4761813955202
"TCGA-AC-A2FB-01A",8.73373866906558,9.92925840863697,7.26094061681012,10.1182544712185,4.65056211383651,10.7516668064627,7.8876187033459,7.90480404653355,10.2496676941677,13.9568463567879
"TCGA-A2-A04W-01A",4.67399180969524,5.08746284125034,3.59394758923702,4.98252723884773,1.56148163704121,8.15892734369627,2.98663240480653,6.18688553182383,8.66821171360408,14.8354855755726
"TCGA-A2-A0T1-01A",8.36227076184992,9.21674585819531,7.17467146719013,9.17795258500599,4.68824040173605,11.2003494631777,7.44859026834617,6.73453192866503,10.1633316523752,15.1070025183827
"TCGA-B6-A0IQ-01A",7.26604138445985,7.25738784269265,5.75255192417743,8.11214617241197,3.46073485975311,9.19570018173822,7.78739612108612,5.89496958837428,8.87027519613833,13.1446451350126
"TCGA-E9-A1N3-01A",4.03176575205877,5.12928301694497,4.89737445964276,6.76399402940701,1.77644801913494,8.6369108497226,4.42042901808444,7.62394148386314,9.31327435070455,12.7692565899471
"TCGA-BH-A5IZ-01A",4.66300468676848,6.61470984411521,4.06898455083729,6.12049144669742,1.93872187554087,10.0107383406838,6.76197277977492,7.60507128382672,8.39194044871363,13.0772819983356
"TCGA-AC-A2B8-01A",7.38339674319697,8.3264294871223,6.38077117860527,6.71613443708777,3.16191604767754,10.8567407666083,6.28785784163384,8.38272084062928,10.6250417100132,15.1337655733007
"TCGA-BH-A204-01A",3.80718925184199,3,4.15888916931628,3.91032366476553,2.21998602290273,9.17315706233147,2.8811260462235,7.33511173621641,9.71362565185733,13.5543473023115
"TCGA-AO-A03U-01B",6.16577026357684,6.28540221886225,7.40746316051387,6.09660319636977,7.67493790208002,11.5138462582989,7.90168029129926,8.03565286207589,9.4872122977082,14.5668993845835
"TCGA-LL-A7SZ-01A",7.26972054927974,7.59991284218713,4.83282055743232,9.06007547284886,2.82663285159237,9.52615723349174,6.66144946831048,5.64122576629722,7.49214687788662,13.0277126844909
"TCGA-A8-A09Q-01A",7.60470624704847,6.96578428466209,5.50484660560599,9.53382454613656,3.7181975716604,11.2068469206238,6.53458847377221,6.72458497185724,9.06999747129725,13.8500030624022
"TCGA-BH-AB28-01A",7.01901075233073,6.58496250072116,4.77874810234031,9.26230060192731,2.37022925152273,9.22049328666418,6.31674916695331,6.47755945763335,9.12821411201796,13.7940004494151
"TCGA-D8-A1XZ-01A",6.7388825114694,7.13955135239879,5.96848070397977,7.99609978114202,3.41760839625306,10.3395622896938,5.44339965126928,6.52314521084173,8.78555251297057,14.7065043905329
"TCGA-E2-A1LL-01A",4.22390287969251,2.58496250072116,3.43193430899915,5.36521842023314,1.66748125036058,8.30583349059818,5.02085141454941,6.07468653866311,8.7717568262558,11.9895974074436
"TCGA-AO-A12E-01A",5.74013764305431,5.70043971814109,4.90388613974949,6.39237210323412,2.04984296149227,10.4784836141343,5.29916157521651,8.1464436835048,10.1539949681562,14.268580858038
"TCGA-S3-AA12-01A",4.35604916768055,3.70043971814109,3.06041698271145,5.0466456514779,1.46168586968742,7.73587051905224,3.43324798939585,5.65525650254371,7.40763421231448,12.4978536415305
"TCGA-A2-A3XY-01A",8.60369902068646,7.51569983828404,6.73549654085877,9.57362725588589,4.06163122139014,10.7335832755514,8.29274078592013,7.41726324868965,10.4395897801303,15.8089816495499
"TCGA-E2-A15J-01A",3.74161342985318,3.8073549220576,4.1451422725413,4.33458496112959,1.7459032823545,9.19784292253198,3.78041917022938,6.17685242040897,8.54809151314832,13.376331883096
"TCGA-E2-A1IE-01A",4.36572947301127,5.28540221886225,3.98979985658168,4.44367820365224,1.95536927793504,8.29365796697828,4.27188575288253,7.09060645786746,9.9233806272118,13.7181713225995
"TCGA-AR-A24L-01A",5.03773249378899,6.52356195605701,4.91964170042477,5.87303709311262,2.87977512216222,9.66099044130992,5.23507768581572,8.06661117728162,10.1992016545415,15.5462238665827
"TCGA-A8-A0AB-01A",4.22622219609371,4,3.12073396963896,4.49959929270629,2.22064781036142,8.54874204070709,3.91323800009291,6.73514207740262,8.89395101036673,14.0044598416699
"TCGA-A1-A0SJ-01A",5.73423548652388,6.32192809488736,5.29148526036476,7.62877282339843,2.29803051528038,8.53731005645932,5.9656317402327,7.6720096412223,9.7905299172071,14.6435910957455
"TCGA-A7-A4SA-01A",7.86871504469864,8.5274770060604,6.12067077876947,7.73305935580334,2.67043771189793,9.50149512053618,6.41037994242257,6.31008624569207,8.86407619764017,13.7902354090757
"TCGA-S3-AA10-01A",8.49350680284364,8.69696752623429,7.54115259615237,9.82693799808076,4.82478187658964,10.965813628812,7.06064691462005,6.63126892243154,8.76023424852797,13.3367038615988
"TCGA-AR-A1AJ-01A",8.77226382173573,8.55458885167764,7.04865128424316,10.242787967883,5.15983956770782,11.894438857318,8.84811592925451,7.98363763316463,9.4444849333018,14.1755884416469
"TCGA-LL-A5YL-01A",6.70973050888426,7.68650052718322,5.33975370145336,8.97993351440908,2.3086416274787,9.33603395160539,6.37527015902041,6.84693685924909,8.77504717047386,13.7058630417441
"TCGA-E9-A244-01A",6.14385101794589,8.08214904135387,5.0974574997,7.95208106945496,3.55507943969505,9.06670769079921,5.24869526217407,5.96646401674889,8.61690055960978,14.4930771898582
"TCGA-B6-A0X0-01A",4.26865815984877,5.32192809488736,3.3423553882854,3.83522324059191,1.55097485627775,6.5603479040431,4.99135064814726,5.10418600326551,7.50088788342411,12.2015945005338
"TCGA-AO-A1KT-01A",5.56681143816217,5.20945336562895,4.44191952637701,7.28988653095276,1.88832036755561,10.0800207939343,5.06762849313869,7.13249370739192,9.38807302683217,14.7714737182462
"TCGA-E2-A1LK-01A",3.3612045049051,4.70043971814109,3.90875197084182,3.18793048686584,1.16067527735778,9.20544446961566,5.86868496896908,5.20641270774654,7.19142350686006,11.5183086351418
"TCGA-EW-A1P4-01A",7.1462332846926,8.44708322620965,6.95817811757693,8.29401621447206,5.65721152060831,9.9579881229561,8.54609044654211,7.88006712072446,8.54048866395769,14.126503976106
"TCGA-E2-A14R-01A",7.00277139881611,7.51569983828404,5.02629107021662,8.08705176911615,2.73808814678474,9.95942146811158,5.76131755785319,5.59876314405349,8.2005928009527,12.1825956238535
"TCGA-A7-A5ZW-01A",6.06416491833077,7.05528243550119,5.099038906101,5.52309023695944,1.81260523494462,8.95126777099623,7.34325430250746,6.76486771611123,9.34345139996395,15.4166574673615
"TCGA-BH-A1FL-01A",6.35157432121823,6.35755200461808,4.58812081461591,9.03713153024798,2.0242532227119,8.8713204965174,5.32509655018301,6.59281274630316,9.52790065174686,14.0225532739402
"TCGA-A2-A0ST-01A",9.31771754890909,9.44294349584873,7.20844083001706,12.3211596383708,4.72918847665859,11.3369752034629,10.6438911463432,7.50990327667762,9.4999352928471,12.8441798552534
"TCGA-E9-A22H-01A",6.76421791420039,7.88264304936184,5.84703735238575,7.08559814745486,4.75354363078509,9.99505466542364,5.91884298005172,7.88649390307239,9.74789440696178,13.1362126399432
"TCGA-A1-A0SI-01A",7.35004111369329,8.82017896241519,6.13505982213552,8.03957639687816,3.95986708243848,10.4145949590633,6.29574648486222,6.71857674832621,9.40946449001514,16.2389148159469
"TCGA-B6-A0IN-01A",7.06100716995983,6.74146698640115,4.86712094502678,10.2454765608582,2.26184218813101,9.83632545970241,7.35558745693602,6.45205775567357,10.1367440249882,14.0356001939565
"TCGA-E2-A15K-01A",7.64611462423288,8.2807707701306,5.6463526694999,10.1791709449583,3.09753920998537,9.72522840150316,7.26701227482792,6.64547249734948,8.84640264997699,13.6158957996654
"TCGA-AR-A24Z-01A",5.83445020395683,5.78135971352466,4.86263431340763,5.7566492725841,3.40743518957269,10.6437833780751,4.54725129843037,6.94388027569993,9.00372663499074,13.5372703163507
"TCGA-E9-A1NG-01A",6.16693999324194,5.4594316186373,4.92887635740425,5.51519613002822,2.09622973045368,10.7528162372571,7.58763455130691,7.7678128719807,10.4010618478048,16.0637810108086
"TCGA-AR-A1AW-01A",9.6284539381644,9.74986942739684,7.77805745218596,12.915057831847,4.82793483473513,11.7274359644291,7.32938337360327,6.93956490585876,8.73411711709093,13.567804842182
"TCGA-D8-A1JK-01A",6.94774699764338,7.05528243550119,6.02589225865952,6.28378787948468,3.45151137170895,10.6789542346365,7.12131910547986,6.9665948566244,9.01186421419797,14.3345019206028
"TCGA-3C-AALI-01A",7.12994421997959,7.70043971814109,5.61378678134769,7.58149070437963,3.22648584536713,8.91833237339624,4.88815173916693,6.07082678946033,8.3486482417588,13.9121722496758
"TCGA-AC-A7VB-01A",4.53836386800934,3,4.10280098648413,5.17835456220893,2.03475172451477,7.80364252981965,3.33126248403797,6.84178859557534,8.89211607662765,12.7251968125124
"TCGA-BH-A0E7-01A",3.95247095550458,2.32192809488736,3.64043889749491,4.03408427659781,2.15765627335863,8.78553212238654,2.9663613335352,6.68995789522068,9.29969576908346,13.858383186589
"TCGA-AC-A6NO-01A",5.52026236587114,5.64385618977472,4.80089775430113,6.87201496485792,2.01895635374668,8.50710325365465,6.47036852805165,6.78329767538563,8.91647515957387,14.2546805740011
"TCGA-C8-A8HP-01A",7.4516025308439,7.6724253419715,5.75167270918482,9.2415534697296,4.00898588858515,10.0527124062148,6.18361859776502,6.24672492486268,8.21222206937931,13.0756919513151
"TCGA-BH-A0DO-01B",5.58724759212678,5.58496250072116,4.96653350007129,9.10360048279718,2.45074009293687,8.46375892763662,4.98941548879859,7.18361746856504,9.56985235407132,13.9084099275885
"TCGA-AO-A0JL-01A",4.8530880075924,5.64385618977472,4.00773858037708,5.4664944262449,2.29527722698913,8.19662074465894,3.66610167098166,5.46223893708493,9.4237114329969,13.1277896235696
"TCGA-A7-A0CJ-01A",5.53512185677193,5.24792751344359,4.92564215551582,4.39451413687217,2.24115730107962,9.16107852598427,3.9217667754245,6.53301463025018,8.22412467730043,12.9506214136863
"TCGA-E2-A1LH-01A",7.4758001754251,8.70390357344466,6.27669127203876,9.61455579298653,3.43171032346511,9.58257579617534,6.98458156089696,5.6740272166592,8.48453305088644,12.9552999384979
"TCGA-BH-A18Q-01A",6.56512001497784,9.88722061546838,6.13851334652394,6.13158137456706,4.46310731910995,9.61831458572024,6.23874993207856,6.59003077450708,9.10529600139959,13.3906919559913
"TCGA-A8-A097-01A",6.52267939081654,7.75488750216347,5.49995143846313,7.93535780257904,2.85981549449591,10.3297032186759,5.6713711665151,7.24160169665455,9.68709747326589,15.7508903959561
"TCGA-AO-A03T-01A",6.16473974467633,7,4.84812478103064,6.39404567152905,3.27806219060266,8.31990262781281,6.74526966536784,6.71114352853516,8.77917068766606,12.7634719498563
"TCGA-D8-A27T-01A",7.28499650840306,7.6724253419715,6.18299737320137,7.74713765168633,3.40370621142824,10.2440075123709,6.80067989270738,7.46934526091335,9.71485730123016,15.7444989967886
"TCGA-D8-A1JS-01A",3.47001711619222,3.8073549220576,3.25830494686798,3.28792120058185,1.84482995462807,7.52127038793327,3.75644565884711,6.52284369189704,8.3558065800149,11.345546529174
"TCGA-BH-A0DL-01A",8.04071506100822,7.54689445988764,5.57499955275537,8.67947563203267,2.69574931988527,11.6034594355701,9.52417446708581,8.63183269204238,8.89015736207649,12.7439757296883
"TCGA-EW-A423-01A",6.54825569002933,7.74819284958946,5.35134086628763,5.38170377862265,3.06786386824614,9.70559218158128,4.0384561693508,6.30839254061361,9.01429958823667,13.1332447128314
"TCGA-A7-A5ZX-01A",5.12991762336525,5.12928301694497,4.54607973087766,6.00192676318383,1.94902792766993,8.59192321545158,4.83148192400821,6.30093872659141,9.23751231658178,14.9648712992201
"TCGA-C8-A26Y-01A",6.57057315258925,7.11894107272351,4.79431401209116,9.27251061435427,3.14231553771393,10.1907970877772,6.02404397832303,7.90404418560711,9.11254484870888,13.0612246519447
"TCGA-BH-A2L8-01A",8.29259243335045,9.09803208296053,6.58348129955375,9.3522123775619,4.16608634036231,10.5201998010037,7.65359994019174,7.10888388815987,9.04610916038212,15.0665928539183
"TCGA-D8-A1JI-01A",4.31764581520382,5.49185309632967,4.08289759765894,4.91690401090387,1.79984296149227,8.8613745690842,4.66804523989976,6.50678446941307,8.64970255393052,11.7229592686273
"TCGA-D8-A3Z5-01A",5.56878478755401,6.93073733756289,5.19231485262929,7.35963110108742,2.85576280978436,8.0255359762647,4.35178552778929,7.12507259165145,10.0216767902001,13.6948152606405
"TCGA-A1-A0SM-01A",4.83833044384352,4.4594316186373,4.38196977560061,6.9470325998325,2.41730505407874,9.52750993222754,4.1404797629001,7.87856269248925,9.41757705715861,15.4481761232829
"TCGA-BH-A0AV-01A",5.21139696340988,4.24792751344359,5.80926531806322,6.88482738438739,3.20188883017348,10.0277659646742,6.61600436606945,6.9009124924786,9.42087867433601,15.879417807655
"TCGA-A8-A075-01A",6.78905388245988,7.39231742277876,5.90157331291431,8.53387600254227,3.38912365120054,10.5764497493914,5.74570052406097,6.31494985378718,8.66003971182975,14.4697120185099
"TCGA-BH-A1FM-01A",3.9990432333411,3.90689059560852,5.24756872856658,3.38941349914551,2.90842149140816,9.54885827683307,3.93229567816296,6.59111851346396,8.71396806203616,14.3673082719655
"TCGA-A8-A08C-01A",5.06305074006732,5.61470984411521,4.22363881259089,3.71144820004756,2.00695267184771,8.55742485619743,5.13875724244284,6.07852236495362,8.62760017050024,13.4510936114845
"TCGA-B6-A0I9-01A",6.15025466189129,6.79441586635011,3.9400206280226,7.79762570987048,2.96729637993982,9.44160181915996,5.57384429406696,6.4206599844059,8.7081190130629,13.4764732295548
"TCGA-AO-A0JM-01A",5.34104966749242,4.32192809488736,3.83362182375717,5.1575820393987,2.26170298559217,9.12168003393855,4.3100144512851,5.79044014983997,8.45673222683252,14.5908850107632
"TCGA-AQ-A54N-01A",4.56674694564575,4.58496250072116,3.48096385013566,3.36719639609959,1.02495904310455,8.08042410678204,1.20956464044878,4.33791957226844,5.8794801231116,8.11382231053072
"TCGA-AO-A0JG-01A",7.92598857039066,9.10852445677817,7.07173579555491,9.5160545767728,4.83193815362267,9.7731080349757,7.33264352668072,6.83860789713379,10.5977426674516,14.6919471185909
"TCGA-AO-A12G-01A",5.74902081838484,5.83289001416474,4.71771857692017,6.24353761703495,2.51696366076305,8.77973627728895,5.47183249190529,6.74324299200542,9.96215859019833,14.5635699100326
"TCGA-GM-A2DN-01A",8.09559611596174,8.93663793900257,6.54071027499329,8.89904527289552,4.16827018371175,10.1890378729977,8.66612789607563,7.70547284187743,9.28935008207858,14.0880629403782
"TCGA-E2-A15M-01A",9.3018606751174,9.37503943134693,7.433444833309,10.5305126713321,4.72147283271426,12.0245071018351,8.76725772721326,8.03460181588307,11.2523848266159,15.2892494663192
"TCGA-BH-A8G0-01A",7.42235093557834,7.28540221886225,5.25747856316891,10.9738089189574,3.02375528347209,9.92518340365765,6.80145195314803,7.21826825278008,9.68679225302632,15.205518179317
"TCGA-A8-A082-01A",3.87979873482698,2.58496250072116,3.18130120164594,3.19082062949691,1.57135055471556,9.20152543332717,3.24990100515723,6.63300856226005,8.83151176957887,14.0414320437529
"TCGA-A2-A0EN-01A",8.54677080618706,9.17242750864548,6.78570117852098,9.40676060175282,4.48385208438096,10.8669219140805,8.41884361665755,7.36578542276359,10.636909531254,15.2690493928831
"TCGA-AR-A24X-01A",5.75825088375246,6.32192809488736,4.04214651906274,8.08989251877499,1.87653441810701,7.88790253720911,4.6370500451165,6.13074458445714,8.56763763001897,13.9310078715304
"TCGA-A7-A13E-01B",7.65573345473305,7.14974711950468,5.87939442571033,8.53593522589746,3.5679385170408,9.91082577116177,5.86171508185484,6.19120887737851,7.87623689355495,11.0201393375204
"TCGA-OK-A5Q2-01A",7.94173782535854,7.61470984411521,6.03029536547677,10.5541200610576,3.71336756169409,9.21264875219047,8.13352672456751,8.26033640826538,9.65710013900559,14.4486783876561
"TCGA-D8-A142-01A",7.04941160733791,7.34872815423108,5.89904137276287,9.52099006487902,2.7065738971157,10.7272557216852,5.97063017055857,6.43130289409229,10.1612910140091,15.7822428671627
"TCGA-A2-A0CS-01A",4.65347543167433,5.08746284125034,3.00309474286455,3.53190120469297,1.33928068970827,9.45195298499936,7.70482013638186,6.10416596801482,8.30686306543489,14.7765843339436
"TCGA-D8-A1Y0-01A",8.06078392312262,8.64745842645492,6.56828946160555,8.91918540722838,4.18195243853534,10.8777256900612,8.32738996507185,7.75783490589725,10.4472317340115,14.6514839529867
"TCGA-E9-A22D-01A",9.24196192055878,11.7619666953821,8.61079854016173,10.0336779739901,6.9005400920134,11.5164873738275,8.39799930251101,7.21394473045522,8.98369603753758,14.2292364669834
"TCGA-BH-A0HI-01A",4.96984962778046,5.28540221886225,3.55584109610797,5.46635735100833,2.18835042972446,8.87474867445288,5.0304724127664,6.63056296284466,9.90355592576848,14.3179724364536
"TCGA-BH-A0C7-01B",6.76449315550758,6.88264304936184,5.28740435263374,6.94473485259494,2.9086682340804,10.1664713774521,7.49358294782306,7.54624877603194,9.53891074719114,15.2682666226117
"TCGA-A7-A3J1-01A",8.54701119799541,9.18239435340453,7.23936107992687,10.3823715031999,4.24234354270413,10.7144641153669,6.90851568451002,8.22674627887718,10.397089620508,14.7390866666749
"TCGA-A7-A2KD-01A",7.64145110331182,7.37503943134692,5.57994050911796,7.64454124468653,3.53554452315257,10.356530464942,7.2852991019156,7.42291552996107,9.41699634261648,15.0953317083276
"TCGA-S3-AA14-01A",5.50770299841384,5.35755200461808,4.07923119835439,6.08044370458734,1.64292290174873,8.42620083696579,4.8318652308827,6.21189816172541,8.9032962662396,14.8151971919549
"TCGA-BH-A0AY-01A",6.13300707832246,6.89481776330794,5.45365158604093,5.08064108336775,2.47951862553069,9.95738747538977,5.77870192380722,6.15638545830074,10.0227507099531,14.8564172455664
"TCGA-AC-A3QQ-01B",5.41191337761429,5.85798099512757,3.28143446777758,7.32574340464765,2.45709500287567,8.13329780230266,4.73102615676772,6.0135683236603,7.95874755296021,11.9170717733705
"TCGA-E9-A1RB-01A",5.4945645979784,4.52356195605701,5.08348810814621,5.27918194237897,2.0027092553573,10.5192590602075,6.51051050121002,7.13641958244604,8.92475407760245,14.2781857219301
"TCGA-D8-A1XK-01A",6.77981731992909,7.34872815423108,6.4264367585686,6.65629870227566,4.06398186688204,10.8356403987851,7.07296043591519,7.08085732467095,8.28593071223282,12.6934914396239
"TCGA-OL-A66I-01A",9.11914888980724,10.1611318829843,7.40523810092104,7.9087145050352,4.16121746803672,10.9928530907608,9.32537777802768,6.44421114307665,8.4087688047295,14.4701438964517
"TCGA-A2-A0CT-01A",3.85308694417641,5.24792751344359,5.11847673213035,4.9946407821571,0.7259193652572,8.66913244799757,4.87826734067876,6.74257133611728,8.78665330810158,13.3961686765877
"TCGA-A8-A09N-01A",5.55753799023929,6.28540221886225,4.57381076299487,6.47417324363192,3.08035126951663,8.54725064322029,4.8098239311663,5.76255255937044,8.3918668142705,13.8804854191251
"TCGA-D8-A1XQ-01A",7.58802896931342,7.31288295528436,5.90122507606728,8.89715158989304,3.2227985738505,11.3133896742198,6.20941454536156,5.88706164958352,8.59213634761281,14.0930233998267
"TCGA-C8-A135-01A",6.14415377407742,7.88874324889826,4.90954809922739,6.82259128480746,1.9336416274787,9.88996819445771,4.59860265569961,6.12240223753127,9.54674532882763,14.0932583002734
"TCGA-D8-A1X9-01A",6.71524385121161,6.90689059560852,5.51790714490477,6.27039637721593,3.6877026981969,10.8836884133998,4.76475828715626,7.61912329841535,9.42817892170788,14.9576177901891
"TCGA-AO-A0JE-01A",7.54014432263997,7.66533591718518,6.33515205502735,7.26907893390704,3.6318662715037,10.989739858983,6.84055328800931,7.79793937196257,9.51743379181503,15.2187599500592
"TCGA-HN-A2OB-01A",5.70427584957882,6.18982455888002,5.01923760749467,6.86107059930712,2.53964124079807,8.94268064381269,5.49042378258952,6.84070268896645,9.4780328707068,15.4502972861227
"TCGA-EW-A1IY-01A",8.40690388814459,8.62205181945638,7.26766870603347,8.87836192829547,6.05118049598494,11.3981514717989,8.89066906423094,7.15151702692403,9.74503949737809,14.9259924513642
"TCGA-A8-A09M-01A",7.04104819224468,6.88264304936184,5.81794381105235,8.07910255759146,3.0859629662767,10.174450730809,6.38773030973217,5.7209924803919,8.22317201980301,13.0102665836922
"TCGA-A8-A0A1-01A",7.20064203999628,6.59991284218713,5.39052851085325,4.58120467706622,2.25845358452555,10.7034863382742,6.76889923784315,7.07274436244582,8.84118238221541,13.6628808339724
"TCGA-E9-A1RH-01A",4.85641404165849,4.90689059560852,3.08144700239052,5.33371583250146,1.68191590253807,9.98582392426108,5.46111867960779,7.54399764581869,8.23429176272589,14.7458666840057
"TCGA-BH-A1EV-01A",4.10943671694502,4.52356195605701,3.94458594381474,4.78889086131667,1.60112052186491,8.85495770133419,3.63333216710133,6.58237636585049,8.78010136483492,14.3135158978879
"TCGA-A8-A09I-01A",7.13682881109579,7.75488750216347,6.24424943225497,7.73823877995492,4.49370104361955,11.8978098319241,7.25590576126832,8.02118574118935,9.20211905095064,14.7331306417879
"TCGA-AR-A2LR-01A",5.2754051931765,8.24792751344359,6.07645729803056,5.97190860290505,3.34357682917161,9.18675764492563,5.27137302253822,6.1624814307892,9.42918509158227,14.2279000849247
"TCGA-C8-A1HO-01A",5.30882456349917,5.32192809488736,5.00666907891751,6.74530132112965,3.3736125377118,9.03294302477094,4.01708652044042,6.51004016903726,8.76521070170035,13.2493316653297
"TCGA-EW-A2FW-01A",5.25143200656018,6.04439411935845,4.03933930615453,4.785588842044,1.87779597662856,8.43145060653849,4.25815137605335,6.11233929294274,9.19017891920834,13.6320920858032
"TCGA-AR-A2LL-01A",5.72898545267028,6.44294349584873,4.13197823591067,7.62653265535328,2.37296327408242,10.2814618184244,6.54964161353398,6.47452955440951,8.43272627884544,13.4693899803051
"TCGA-5L-AAT1-01A",6.89635818206004,8.31288295528435,5.64540412894411,7.14786041105784,3.17652574396809,9.26629840823843,6.42199111805633,5.53909854296111,8.2787141885478,13.8579186598303
"TCGA-A7-A0DA-01A",5.30502920579861,6.02236781302845,4.75237590145488,4.5193984953441,2.41975627271223,9.16551321936362,3.03327872413939,5.65486094055204,8.58649973222155,14.9879977350947
"TCGA-A8-A091-01A",6.3193440000064,6.97727992349992,5.04239050952799,8.21452032653353,2.44935982158792,9.82772842921457,5.83193124685604,7.70442115103468,10.0889209285048,14.1886558979974
"TCGA-AC-A2QH-01B",3.12210137997635,3.90689059560852,3.66174844288675,2.57377924584764,1.34519390405556,7.19139494815797,2.63005578468732,5.28680704102335,6.52533156244879,11.3098882639449
"TCGA-B6-A0IK-01A",5.83244404235223,5.4594316186373,4.63417431545302,7.1447877489147,1.44020005496547,8.58500980282408,6.4116691773557,6.16202273172535,8.69015814310418,13.0114461185721
"TCGA-AC-A2QH-01A",4.91813444353885,3.4594316186373,3.8353623233548,3.33847314800401,2.71484336373763,10.2025407017575,3.59441048175654,7.16735418808929,9.08633102390331,14.1871066575471
"TCGA-GM-A2DO-01A",8.61524104163702,9.0389189892923,6.52604963132314,12.1959955029805,3.48624850285963,9.39406096080266,7.02286593312243,5.34207547185952,7.0039818848357,10.9227896974979
"TCGA-EW-A6SD-01A",6.78664478047234,7.07681559705083,5.44657778749666,8.33231689749165,3.40448074467373,10.8859064693487,6.60619855836753,6.91269491056485,8.82145804345029,14.0958240435227
"TCGA-A8-A07G-01A",6.20590240040777,7.74819284958946,4.78516599400251,8.61575312832882,3.20806315340404,9.59560606404086,5.74354723292148,6.71249107576605,9.44567817856275,15.6849781372807
"TCGA-AR-A24Q-01A",7.38582691369212,8.67595703294175,7.26060088550461,9.06898938443373,3.29043582743158,10.1937498861282,7.8343287996388,6.88375635281114,9.46785021865308,14.9882853854846
"TCGA-A2-A0D4-01A",4.61468341128642,3.4594316186373,3.56575618541307,5.2916447766867,2.47709795992232,8.34516514882301,4.54996973412086,6.61856074573949,9.82295737862369,13.4390551354564
"TCGA-AC-A8OP-01A",6.3887042109003,5.04439411935845,4.89373621557505,7.87615674188207,2.36756070800753,8.64039720953874,6.48809348818829,6.43515442763981,9.36154390894423,13.940443461959
"TCGA-LL-A442-01A",4.30332354391198,3.8073549220576,4.50784820001538,3.5562740783504,2.55278684617104,9.87485280307217,4.68788661726123,6.78435055348665,9.84152093796119,11.4882832679111
"TCGA-D8-A143-01A",6.55247303934413,7.5077946401987,5.11552270713276,9.07613061437538,3.05911064433634,9.22005864765645,6.45392972413489,6.04104573639228,9.08279551321127,12.9275103588663
"TCGA-E2-A572-01A",3.47171647309976,11.5545888516776,3.16430291075779,5.09107647288493,0.823120312590145,7.10185497411502,4.15286669129375,5.30251122155702,7.54527744411045,10.8746732766912
"TCGA-PE-A5DC-01A",5.95700985932004,6.58496250072116,4.54382655589202,5.45438777118694,2.21652092820792,8.44038365243862,5.16948442314876,6.85556058137534,9.84850582586563,13.7306302104166
"TCGA-A2-A259-01A",7.4829192124407,6.24792751344359,4.97719512545171,9.8522909074097,3.22064781036142,9.85894939894568,7.49571820102039,8.37052137538439,10.2050765334715,14.8416703995032
"TCGA-A8-A06P-01A",5.81330017191807,6.08746284125034,5.11670350866961,7.62889333800017,1.8751760242991,9.78651838343687,5.2873025260493,7.22186857934558,9.77422198712804,15.4680402820028
"TCGA-B6-A1KI-01A",4.57582904798359,5.64385618977472,3.98094349979645,5.30478913906828,2.95428757155914,7.9813889083271,3.68244465482613,7.36352079969462,11.0594766588332,14.5614716174217
"TCGA-BH-A0DI-01A",6.24689643937323,6.84549005094437,4.93818791143564,8.1741419053695,2.89047113104469,10.0502405636889,6.63835210884175,7.05769065778106,10.0022233536916,15.9975122526547
"TCGA-BH-A0W5-01A",9.2313402030568,7.84549005094437,6.75167036055471,12.3649225383626,3.64899256887489,10.2860834326143,7.85648802399219,7.30798442781458,9.55430044038492,14.6842022855098
"TCGA-AC-A2FG-01A",6.30103355653225,7.35755200461808,4.9983592847464,7.25695936283028,2.96079546700628,9.60046373940778,6.8027135237042,7.59022332943774,10.3181916156803,14.9033569771562
"TCGA-AQ-A7U7-01A",9.02917757478249,9.85486838326024,6.78859229233896,11.0325790746264,4.48395818575471,10.8244812405136,7.44884525045473,6.9986985730661,10.1593587192566,15.1095675416707
"TCGA-AO-A0JD-01A",6.08061402946321,6.35755200461808,4.92139939390004,6.91842313628363,2.85932990179561,9.5706897246061,7.17526260327977,7.04539832846329,8.30048906070127,12.6974529763344
"TCGA-D8-A1JG-01B",7.88526476183054,7.16992500144231,5.94199523702341,9.82177384892083,4.40378755515646,11.7848060310739,6.70725586506065,7.27625186419937,9.47499959982329,14.4550365442716
"TCGA-E2-A15T-01A",5.09418904933272,4.85798099512757,3.88298166884073,7.76748343789,2.09991020269024,8.4132586980327,4.46937338875514,6.20064070994575,9.16771550218696,12.5929965015888
"TCGA-AO-A128-01A",9.87567376383216,10.9549232920303,8.76339603264435,9.45862593531886,5.99722842569553,12.6262433215052,6.17724869758883,7.82580198925784,8.79789467160427,13.4842848342303
"TCGA-AN-A0FZ-01A",4.67447252945114,4.16992500144231,4.00936035296693,4.61572298686132,2.15667554109677,8.67183689470768,3.67654970759828,7.08048499968257,9.71083647538077,14.7682513268586
"TCGA-A1-A0SH-01A",5.15882809718377,5,3.70525277594955,5.55087631811043,2.34991020269024,9.18123316224657,4.16437957625329,6.85175504245534,9.11156048972454,16.607508452126
"TCGA-E2-A14V-01A",5.32949190155165,5.52356195605701,4.16908815123199,5.80006809808032,2.40500574323989,8.77096977113784,5.9468293767377,6.71294967274716,8.59175921637474,14.489160904651
"TCGA-BH-A1FB-01A",8.51081749587697,8.86418614465428,7.0528488523052,10.6371997958726,4.88485840829956,10.697907887209,9.14519156618791,7.98443257802592,10.080470721532,15.7080415319043
"TCGA-E9-A1NF-01A",5.28406238130698,5.20945336562895,4.02780879763622,4.4813240512442,2.98679361539112,9.7622055219755,3.60151054682901,6.38434777774614,9.3342308498809,15.7503269382793
"TCGA-AC-A3HN-01A",7.5115887767778,8.11894107272351,6.15390845248379,9.53022295619264,4.13182847870816,10.6918361392685,7.648292456233,7.61685214087075,10.9421521721693,16.0406558581416
"TCGA-A8-A08P-01A",7.62696424098853,8.29001884693262,5.38202970489568,7.39645228575331,2.59431690483648,11.1802814140569,5.1925935407907,6.0592449164421,8.83365669654713,14.2097490757789
"TCGA-D8-A1XD-01A",4.34532304862323,2.8073549220576,2.9922340216894,4.4726267705897,2.48095558038542,7.77738939553144,3.88465279137053,6.2421490502257,8.33183129909326,14.8486816579194
"TCGA-B6-A0WX-01A",7.62052147508126,7.76155123244448,4.76376303599941,9.76900521971178,1.96735389449305,9.37810742522043,6.46755289557083,5.69777418141762,9.09858364017217,15.761802121014
"TCGA-A1-A0SP-01A",6.678986278373,6.08746284125034,6.05059694670858,8.34514157360333,2.49995596706605,11.0115233797484,8.93715803709907,6.57686356402887,9.05300393754961,13.660319319483
"TCGA-AC-A23E-01A",5.00251168742727,4.39231742277876,3.59429548139133,5.19731574702039,2.18847433002484,10.1328808027855,4.99947753710506,7.34929951772426,9.45877611507915,16.0047140570806
"TCGA-C8-A278-01A",7.59459390202717,7.68650052718322,5.51676065521512,10.5098675305224,3.13072185288891,11.7492912834203,6.89883282302709,7.4604508696474,9.40194461172214,14.6868855245913
"TCGA-B6-A0IE-01A",5.461378521563,6.84549005094437,4.12227777462897,8.3127720733071,2.40488920890297,7.91058532422429,4.56585540639764,5.90390298514427,9.12702825663267,13.7557691325328
"TCGA-AR-A2LN-01A",5.95072447161406,6.28540221886225,4.97913503160835,7.98883378196398,2.48728383951916,8.65796217494946,5.58078822963253,7.6679781612917,9.9309828161664,15.0805772920526
"TCGA-A2-A0EQ-01A",8.53685516619599,8.8008998999203,6.87913101838089,10.6902772859149,4.86220300689523,10.6112198161609,8.05139083415182,6.24175395300333,8.72154336563764,13.4223413726194
"TCGA-D8-A27W-01A",6.85569992179723,7.60733031374961,5.84046150533876,9.61728794000886,2.35127124220808,10.4212363224731,5.0938462981161,6.96370288383496,9.59342255848639,14.4441039748118
"TCGA-AR-A0U2-01A",7.24292882839891,8.14974711950468,6.44567312571678,6.80815562556167,4.34210438040201,9.93712660174657,5.89117783846099,6.48078450285834,8.97875806730222,13.2619062374844
"TCGA-BH-A18T-01A",6.336205360554,6.85798099512757,4.9549658845305,5.42486423280224,2.62408687198583,9.9865030055134,4.54917724673523,5.99946133350746,8.63145277807799,13.2449150147114
"TCGA-AO-A1KS-01A",6.61831554626335,6.22881869049588,4.670562584239,6.1073723480113,2.72667861596818,10.0351522596719,5.59237838517471,7.26029848305685,9.21972761746371,13.1617979078918
"TCGA-A7-A26G-01A",8.27689511817693,7.75488750216347,6.80059423180138,10.152374233506,3.05302386223733,11.4498643082101,7.79118728282876,7.19740695524101,10.1140809089283,15.5026195647004
"TCGA-BH-A1F5-01A",4.51034830568357,4.4594316186373,4.27596717062978,6.35969844692476,1.78239434610835,9.23855217734334,5.76920109367857,7.04263113802736,8.24233557083768,13.2146219987319
"TCGA-A1-A0SG-01A",5.95312174184862,6.52356195605701,4.61895938738196,10.2126735257478,2.75676194006884,8.97240607522849,6.69614162015228,6.21532944644567,9.2102655248073,14.5350088968069
"TCGA-BH-A0B4-01A",5.41173403947622,6.37503943134692,4.84537543447082,5.70729227365356,2.43598785298118,8.6742504548194,5.05651107775072,5.73231376214484,9.31372558555771,14.3204560017671
"TCGA-EW-A1P8-01A",6.50539482642801,6.35755200461808,4.5188622406484,6.75200879848837,2.0855798819476,11.2603135058508,7.52692805164354,6.51902468734597,8.55453842445243,13.6072851762141
"TCGA-AC-A2FK-01A",6.52532284225815,7.68650052718322,5.59217147275735,7.43556213427404,3.00452170156919,9.86570179303023,6.63586908221167,7.58757834830575,9.83030011938593,13.7424930007238
"TCGA-EW-A424-01A",4.8152814992483,4.95419631038687,3.53182934957475,6.09720863573609,2.65147653314877,7.83485506566618,4.49974897498875,6.48984307517823,9.39044403215554,15.2965470493024
"TCGA-A2-A3KD-01A",6.22669030963035,6.53915881110803,4.47082259859787,6.76590349953783,2.58482329818232,9.46510552680381,5.01248027917508,7.58987215310125,9.81534770500697,13.9470437640803
"TCGA-B6-A0RO-01A",4.25292951278211,9.2045711442492,3.65120295903838,4.71864309212328,1.28567527735778,8.54272159791702,4.22050239017218,5.85344080155556,8.8945130772559,13.4798981547694
"TCGA-E2-A15I-01A",7.48765068575986,8.20945336562895,5.64188870353414,9.24341639868172,2.71971281472132,9.43039361129727,6.58910639583075,6.80924130526465,9.20094178578021,13.9448036522007
"TCGA-GM-A3XG-01A",5.52637974160191,6.4093909361377,4.15036295554073,5.79648144351561,2.07796375711731,8.22073306264623,5.46718717026984,6.69012529369373,9.38467411622,13.6867947367864
"TCGA-AR-A24S-01A",7.3357679155729,6.3037807481771,5.5822423533264,7.99503354593854,3.38675374896481,12.0115249365146,8.10943972605235,7.54149440584508,9.81069549034474,14.8841787952388
"TCGA-AC-A2BK-01A",5.19362504603658,5.95419631038687,5.40809605181758,5.98502079629094,1.55640138897904,9.06012547468478,2.59655265626334,5.31774945288689,8.43024707273157,10.7602127349345
"TCGA-A2-A0SY-01A",7.13377715971416,7.62205181945638,5.33466254876091,10.1926112034855,2.06703090196102,10.0662519155912,6.87683679252459,7.50603382355352,9.83065066391624,14.8789623979104
"TCGA-A8-A07U-01A",8.38280361717082,8.51175265376738,6.95654514845705,11.0204078866576,4.4774802555087,11.4946807416661,6.70105403959836,7.31262555516985,9.48703755745778,13.8584318953523
"TCGA-BH-A0BV-01A",6.49277218191867,7.79441586635011,5.10452871203957,6.2059991411213,2.57251184451588,9.5553825904572,5.68064699983694,6.58554318061309,9.15780115761328,14.5097810367693
"TCGA-A8-A0A9-01A",6.19955998790055,6.64385618977472,4.84532930630372,4.21145646315905,3.01525554598601,9.96055637799872,5.25394592746972,6.70803398554988,8.70678578252725,14.4654811471044
"TCGA-A2-A0ER-01A",5.36170731180476,5.85798099512757,4.71499306756397,6.5694016453054,1.78567527735778,9.30114753391876,5.69293342276335,6.99541297384224,9.17929680658152,13.2446771734364
"TCGA-A2-A0YI-01A",7.73884011352857,8.84235034341381,6.43544890722589,9.56098001107521,3.73483436246253,10.5042656912901,7.94397407618869,7.6141224278773,9.96664299608815,14.479561277897
"TCGA-BH-A0DT-01A",6.73574613775313,6.65821148275179,5.91712860553799,7.57298699096864,4.09939126666596,9.23952099692618,7.88343242351558,6.67501719175765,9.6403284108771,14.8359631271399
"TCGA-A8-A08G-01A",6.67069110226939,6.85798099512757,5.45142071514445,5.71418359530925,3.85443190425943,10.3086275140812,5.3497482733182,7.11425813084038,8.82728954769749,14.5652265831455
"TCGA-BH-A18I-01A",7.89652950507343,7.58496250072116,6.0460936659563,8.901529390232,3.71614262848668,10.6701996028749,7.71165985891423,7.37053255751379,9.95019204153255,16.1234084326805
"TCGA-E2-A1B0-01A",7.27337255248548,9.19475685442225,7.24994669660233,8.76423941134192,5.12786505652678,11.1376498013089,6.29430071324957,7.03498432002276,10.6042446311398,15.5598399213259
"TCGA-AO-A12A-01A",6.67741495081985,7.58496250072116,6.06255841273644,7.67689107446435,3.77851425968991,9.50431248550454,6.54428398337193,7.14075678958725,9.97473746404985,14.5287566244516
"TCGA-A2-A0D2-01A",7.10851274162932,7.98868468677217,5.35340754860869,8.46200759757757,4.14467291612035,9.96895438880311,7.05491108913114,5.80800926751963,9.36264637176557,14.2242115989398
"TCGA-E9-A24A-01A",6.30106597119337,5.95419631038687,5.16249058014784,4.79902112878149,2.83355522850662,10.4761760298448,4.8270744065854,7.23600072646596,9.5741394678737,14.6067756047638
"TCGA-A7-A0CG-01A",7.70923122623843,8.40514146313634,6.17383785508706,9.43279516527761,3.54893813036017,10.4073075024835,7.10183472485277,6.86194071801676,9.92201218226138,14.7811274691883
"TCGA-4H-AAAK-01A",6.11266499045107,5.52356195605701,4.06477046109323,6.78700517656234,1.82452371951805,8.80578429417878,5.32720696827129,6.38856963622901,8.76723120009306,15.4756648007952
"TCGA-LL-A441-01A",9.53439823616987,8.98868468677217,6.98849124084697,13.3797021611138,3.66898439011105,10.3529583488599,8.85735968261855,6.99953894155553,9.79750326664773,14.5550277660604
"TCGA-BH-A18V-01A",7.5024660301448,9.36194377373524,5.75405883292877,7.04650447183372,3.95931487698254,10.9949446055854,7.37140140467787,7.29785880893795,9.21459777778239,13.8809394649273
"TCGA-BH-A0H3-01A",6.54244751986038,7.91886323727459,5.55789678917949,6.96746687984266,3.3328982865206,9.52779931282386,6.82344882599322,6.62817793025118,10.501606575647,15.4859014259615
"TCGA-D8-A1JE-01A",5.63378404091297,6.44294349584873,4.52544118069565,5.2197533569679,1.90687857122734,10.3394120827465,4.36340181948257,7.33438671987761,9.20048314408291,15.6624189435495
"TCGA-AO-A03L-01A",6.68134777771162,7.93073733756289,5.44124209998058,7.27956385574888,3.39975316418251,9.36985509931684,6.00118977274791,6.72072146245158,9.05784955407626,15.0374637507959
"TCGA-D8-A1XS-01A",6.30254456881076,6.58496250072116,5.27016398686037,6.75592959822803,3.04058190304346,10.0343435023381,5.21465753341766,6.33844906520684,9.50792706312529,14.6199913719964
"TCGA-BH-A42T-01A",6.44083871101095,6.55458885167764,4.62085421368231,5.6741430682434,1.80133954170053,9.72221242293786,6.10105009069414,7.47215276587383,9.19585805044187,13.996995453572
"TCGA-AN-A0FS-01A",5.17492773721904,6.22881869049588,4.6904518259322,5.71703498752975,1.78911036941054,9.11912215230068,5.43329621891543,7.29983767689524,10.6788646706691,15.8605211509505
"TCGA-AN-A0AM-01A",6.75677285824536,7.01122725542325,5.93603776943481,6.61097644505955,3.96779322871049,10.1202633127333,4.26256094418329,6.679089357191,8.46403888706226,14.1478655413402
"TCGA-AR-A24O-01A",7.22606015032907,7.82017896241519,6.30861637422545,8.43144945212543,3.00922364991011,10.1720612048501,6.98772765714213,7.4256010747574,10.7482346360119,15.3917023910393
"TCGA-LL-A440-01A",7.68956112278038,6.61470984411521,5.75149888197135,7.37762921238181,3.20048769698229,11.2329003295763,8.2454939948433,8.24046093041914,10.6278651026574,16.8247795551226
"TCGA-V7-A7HQ-01A",4.56540083456322,5.08746284125034,3.38105009546535,5.98041470580137,0.448120312590145,7.69356025237304,4.96838047953907,6.24795190090465,7.29136825064254,13.8490486770618
"TCGA-GM-A3XL-01A",7.53493115556162,8.30833903013941,6.37824820636425,7.7854869037758,5.22811387744732,10.1639844282143,7.19486051104566,6.4365542083039,7.64538316530942,12.2935729754254
"TCGA-D8-A1XY-01A",5.22585617850539,4.70043971814109,3.92517020610609,4.23136079620663,2.44327891303259,10.0191588769982,4.39006303947857,6.33375125280659,9.57643356409706,15.5405031325584
"TCGA-B6-A0IO-01A",6.20689361078113,6.84549005094437,4.11921013105301,4.89858346732706,1.73552131488855,8.56015782321978,5.76453833427345,6.695193148704,8.31093805444148,13.1048352157047
"TCGA-C8-A137-01A",3.84372441059398,4.24792751344359,3.25396791770953,4.60690333733827,2.23765550405842,8.15617975690787,2.59338880570207,5.51479900492139,8.1708045807312,13.8654589716343
"TCGA-A2-A0ES-01A",6.79519117494022,7.55458885167764,5.67706674533039,6.51765346834049,3.30310795497847,9.68587432183948,6.74876684854105,7.23371661316177,10.0933290014337,14.7640529836024
"TCGA-OL-A5RW-01A",6.00983517581737,7.44294349584873,4.44979688721373,5.71997498309634,1.57358932944778,9.10286445927801,4.72468968638777,5.51901514845258,7.60158725919159,13.7158798799839
"TCGA-BH-A0DQ-01A",5.68588228348576,6.24792751344359,4.96035449835641,6.20839189917,2.68996988661244,9.31013101163153,5.66286364197288,7.78914716308225,10.2173892805691,15.3140530336177
"TCGA-LL-A73Z-01A",7.01469125714474,7.44294349584873,5.82474426937775,7.6146191470578,3.17469584945857,10.1804698068839,6.48274878889357,6.44917018150195,9.90390283814854,14.5357221031803
"TCGA-GM-A2DB-01A",6.25363981125947,6.35755200461808,4.82248292379049,10.1307173236743,2.80738491939571,8.90308702081976,5.4939300388947,5.67212591794293,7.66315524295924,12.2283294763906
"TCGA-AN-A0AL-01A",6.76137595148318,6.16992500144231,5.57434989765969,10.7518989508669,3.23355878641292,9.81372863631189,6.39745172804969,6.78945972150609,9.70545805384542,14.7932477016583
"TCGA-A2-A0YC-01A",6.33042217818295,6.52356195605701,5.91792820699262,6.08090855974811,2.57480200459682,10.2543694895747,7.01753365264828,7.36141228124155,9.77650065587816,14.51993753475
"TCGA-AO-A0JB-01A",4.3264607762425,5.12928301694497,3.38519527557019,5.80085016113798,1.19528030302763,7.34673375423496,4.16943178055701,5.01547742750279,7.69898313747175,11.9048823224749
"TCGA-AN-A0XU-01A",6.66985223250277,9.99717948093762,6.27237163548416,6.65678386019303,5.12455123307414,9.89369899387867,6.65383126630058,6.97216906304541,8.43441190093032,12.9619511780344
"TCGA-BH-A0W4-01A",4.76620494156757,5.64385618977472,4.16604856056251,5.28051744086258,1.61891058937087,8.69314156479804,5.58484907583196,7.58354057147945,9.78686090414819,15.2548938044966
"TCGA-A2-A0D1-01A",4.58202797802349,5.55458885167764,3.66544426516523,4.90390701638449,1.78953519146828,7.84812156562175,3.34078927100948,5.18341493908533,8.64645003220996,13.4757865438185
"TCGA-B6-A0WZ-01A",4.36492590259626,5.39231742277876,3.91248056463721,3.334829620133,1.3224144921975,8.37751521328005,4.19039883554665,7.09284098676941,9.12683740889166,13.871781653806
"TCGA-B6-A0IJ-01A",8.2845896167529,8.62205181945638,5.71981901323778,9.70238348462245,4.09193243051234,11.7099630073456,9.29903502524376,6.38638129015901,8.58670801385035,13.0212472884973
"TCGA-B6-A0RE-01A",5.32987768938287,4.4594316186373,4.33477773765048,6.65741021519187,1.97307935569469,10.4661097967021,4.6433120933353,5.98994451411105,8.1075665715009,14.1666754673139
"TCGA-AN-A0FY-01A",6.21109733385974,6.8073549220576,3.95444402859458,5.4817601473978,2.47631360961815,9.79045454571295,6.17931213156198,6.18039223919058,9.11863991259854,15.1448323248582
"TCGA-A7-A13F-01A",3.98088334820849,4.52356195605701,3.1956184232663,4.61614142297908,1.48552131488855,9.35538776065651,4.1927722803772,7.41949267820794,9.41123263211631,13.3638144928823
"TCGA-BH-A1F0-01A",8.83335957342163,9.92481250360578,7.50790039254616,11.9283428720681,5.46131416551502,12.7118123078678,8.08984935653156,7.9953446203641,11.2593032248323,15.2683143690179
"TCGA-A2-A3KC-01A",6.50384073959117,7.24792751344359,5.44355403177653,7.08654939957143,2.48884497844845,9.87350797315756,6.04624780975,7.05554790084207,10.4471807775959,14.9903220402266
"TCGA-BH-A18U-01A",5.75307055199205,5.28540221886225,4.11615017854352,6.37228174995423,2.56651785216942,10.3176776028425,4.44639947162314,7.12200850488257,8.77924786231354,14.3078441953752
"TCGA-BH-A0E0-01A",5.93548526800611,4.08746284125034,2.98870988577606,5.70622896081777,1.29248125036058,8.69228382822869,7.72200868937192,6.16834365923384,7.77810517510572,11.4445893921695
"TCGA-BH-A0BT-01A",6.301365039883,7.73470962022584,4.92366753000145,7.0102121155593,3.38643200600683,9.21284588721549,6.38547676463482,5.86495995317693,8.87142214397841,14.1314854179928
"TCGA-OL-A5RV-01A",5.79580238783636,6.2667865406949,4.64063291850321,7.73719335455718,1.77958586672865,8.25540971850025,5.9867973237428,7.39463679167336,9.08767135726873,14.1052434859773
"TCGA-OL-A66O-01A",4.87912328391642,5.28540221886225,3.55396320755781,5.84275341365099,1.86159156657648,7.20639988696752,3.08216329363066,6.68366092739477,7.97649263064674,14.0747148774457
"TCGA-AC-A3YI-01A",5.44054977947084,6.10852445677817,4.76785956001325,6.68083332224433,3.22226525737618,9.14419517943132,5.32984362780484,7.44084869250245,9.63121002528453,15.628233758257
"TCGA-D8-A1JD-01A",6.62789378430256,6.37503943134692,4.63921348679319,6.46574258454259,3.29127749072812,10.8202890633226,6.52330973581129,7.34961164183413,9.16861828804199,15.3880207957367
"TCGA-BH-A18K-01A",5.117647352399,5.75488750216347,4.45803708858325,6.20593156634203,2.72553528782254,9.73984113799531,6.98951108384296,7.3703518436697,9.72652401105085,15.0925669431782
"TCGA-A8-A06Y-01A",3.05484282850316,2.58496250072116,3.22202416052648,4.29782597018304,1.41067527735778,7.52220007862317,1.83380250260118,5.92546544455162,8.77643462589469,12.4925400406039
"TCGA-D8-A27F-01A",5.1660280641137,4.39231742277876,5.20612411111863,6.84394738179972,3.06037757530871,10.5516726846434,7.52776292658353,7.54369093929659,9.54538253839099,14.9298772319504
"TCGA-B6-A0IB-01A",4.30649250777301,5.39231742277876,3.82598202769579,4.64825079619067,1.67079027678073,8.18671359546644,4.0404955746637,6.48940087834743,8.74513420036017,13.2143224649135
"TCGA-LL-A6FR-01A",3.90993948644439,9.2667865406949,3.46057436028472,3.85547633490035,0.698120312590145,7.90962374922796,2.88729894277759,5.11225201443846,7.2414618738069,14.626359657416
"TCGA-A7-A3IZ-01A",4.07956002603947,5.32192809488736,3.29402826940907,3.2753679787034,2.56112907215841,8.92609365281639,3.47917356044547,6.89963105855396,9.4831529988542,12.69072450597
"TCGA-AR-A0TT-01A",8.7533581176909,8.7714894695006,6.35568928259679,10.7895003433432,4.12411372254371,11.2835338759728,7.03821846665147,6.78617844109441,8.8061231943963,13.874140698446
"TCGA-A7-A0D9-01A",4.99160216529209,4.39231742277876,3.98575906514194,5.10865241848561,2.41898898872334,8.26252048778795,4.90415781163885,7.13515366132911,8.92165065696167,14.089358147449
"TCGA-A2-A3Y0-01A",8.06290683808863,8.97441458980553,5.91524923251644,8.46022692438025,3.65380584889406,10.2912915357107,7.00225676938568,7.60161741088875,8.48669181373544,13.286659605873
"TCGA-D8-A13Y-01A",3.36249564870845,10.3685064615077,1.86639182353575,4.20386299942228,1.43933925676731,8.65830934544828,2.66713583593451,6.07464251912822,8.24285136544438,13.2165936729717
"TCGA-B6-A0WS-01A",8.12937799111654,7.37503943134692,6.62100705565363,8.8202302769213,3.97575506312516,10.4338726512815,7.56227482414025,7.05774351987133,9.43811661524423,14.802016349143
"TCGA-A2-A3XV-01A",5.00859221825273,4.4594316186373,3.66274731055223,3.5203848361655,0.926173867017213,9.30007743285794,4.73792291478209,5.67271585616301,8.02319558026931,13.0383892634078
"TCGA-E2-A14Y-01A",4.63432700786523,4.64385618977472,5.50790162940596,4.74978867508742,2.45366957750995,8.5914394405026,4.81518096891745,6.88512594915176,8.16901991516142,12.4949408749279
"TCGA-LD-A7W5-01A",9.0851926311319,8.78463484555752,7.36284006004667,10.6915798670508,4.93806985858185,9.99594877326522,8.52536325491853,7.60814837794428,9.94945531864698,15.0905680774002
"TCGA-S3-A6ZG-01A",6.76816264908596,7.08746284125034,5.00253955535506,8.06672731392644,3.17049384789219,9.64720351541127,5.01388178443698,7.52268525040548,8.83708688464541,13.5405487249341
"TCGA-A2-A04V-01A",5.15704839542092,6.18982455888002,3.90285565436054,5.05082255435057,1.96630213309133,9.27622871892407,6.67886351389397,6.57088698436532,9.270429858642,14.6531245418141
"TCGA-BH-A1EU-01A",8.81231257234013,8.82336724004623,7.29016973763852,11.09679523007,5.14651219618097,11.9094268111086,9.07380762492314,8.91014577634438,11.08082134083,15.6008354313945
"TCGA-D8-A1XT-01A",6.22430126351061,6.24792751344359,4.54798832591288,6.34258442197595,3.07662283681537,11.7651957907574,4.65254130998716,6.46698241247359,10.2475375297126,15.5866096204403
"TCGA-E9-A22E-01A",6.63691792406443,8.5274770060604,5.4453655083387,6.02106963065582,3.10815032218368,9.85733805381922,4.3982515845968,6.63331916577792,9.77497540036208,16.6826965550579
"TCGA-AN-A0FJ-01A",5.49238161375823,5.08746284125034,5.34453396840584,3.94889473085446,2.53602715430866,8.3604575067999,6.74911999241654,5.64675235105851,8.68090523376446,13.4315849696072
"TCGA-BH-A0B8-01A",4.42928408797233,5.6724253419715,4.13736102128956,5.37430491841781,2.18919089239851,8.63310380906203,4.52857901285731,7.24068579358814,8.91580544168356,13.8958218792486
"TCGA-A2-A0EW-01A",6.72000921448552,8.28540221886225,6.19968907704613,8.79807391668382,3.07582956794744,9.94429126723361,6.52069035090945,7.66690017721161,10.5355908553206,15.2807665379752
"TCGA-E2-A15H-01A",5.17661433382523,5.4262647547021,5.12441448960035,6.38743695247288,1.62340800150907,8.8231892523335,4.87502746847539,6.05831992772322,8.54000781433313,14.3520440998261
"TCGA-AR-A24P-01A",6.17355122676542,5.7279204545632,4.74782458914836,7.26573964781173,3.07108358667256,9.93683763967642,5.3590544617549,7.56775412538311,9.61788194910667,15.3443058316766
"TCGA-AO-A0J2-01A",7.00667745321356,7.75488750216347,6.24375697275835,6.79052185907532,5.43267619290624,10.1751727145258,6.18780893921912,6.48804290434101,8.60538818841586,13.6542132889013
"TCGA-EW-A2FS-01A",7.15397895899179,7.60733031374961,5.33594750074301,10.2451414540155,3.46882922512619,9.25261827987322,7.39685661603318,7.2437506415914,9.52283661889125,13.2526456321684
"TCGA-A8-A096-01A",7.98515909832504,8.61838550225861,7.24083822325008,6.40537408980268,3.81710393289363,11.3805144359967,7.75749591354541,7.10637335331654,10.1408971952811,15.5978231533587
"TCGA-AR-A1AV-01A",4.45145878606101,4.58496250072116,4.07909494585514,3.86974016120408,2.095900206316,9.54252290054877,3.90090123703653,7.31395442933953,9.32038029296506,14.3961729056698
"TCGA-OL-A6VR-01A",4.61615820453751,4.16992500144231,3.75912120991302,7.15085368453254,1.43648163704121,8.63803483872379,5.43584863693882,7.6082497747783,8.9382224020576,12.966834810673
"TCGA-E2-A1BC-01A",4.17766408012131,4,4.04249470185121,6.60194095440714,1.26093285515629,7.38129942758434,4.97035401539359,6.09985700098546,8.75031920261007,13.7924602164136
"TCGA-BH-A0HU-01A",5.8607199567963,6.75488750216347,4.79561554659884,5.47185625599652,2.22672264890213,8.40381211489906,4.6580773659841,6.19236188801659,8.58006523583055,13.4305694195514
"TCGA-LD-A7W6-01A",6.77529852995209,7.58496250072116,5.25353760366737,7.37275861318862,2.98923014832767,8.95457081465324,5.18388868049105,6.99708511495688,9.61008631160829,14.0129094357593
"TCGA-C8-A8HR-01A",7.27872016237858,8.16992500144231,6.1055086641475,8.16657023658125,3.55539222641208,10.049572299605,6.9597436645184,7.12750264023718,10.3816373891989,15.6388196182566
"TCGA-BH-A0DD-01A",6.00856831717694,6.04439411935845,4.53872311605525,5.83340718111568,2.43005795962479,9.61037496921697,4.06364663639801,6.72082833424945,8.24011068677532,13.2574853310959
"TCGA-D8-A1JF-01A",6.51198855451985,7.07681559705083,5.22333776150586,8.80836116802706,2.25127230050257,10.7712301197078,6.22229539555638,7.32506167816533,8.89233059824281,14.4112130561086
"TCGA-BH-A0DG-01A",6.93862561536982,7.16992500144231,5.60674264099395,9.12177228391335,3.47526207964112,10.1557706222555,6.89521595794272,6.5651607859971,9.80423131445314,15.2633656664523
"TCGA-OL-A5D8-01A",6.1910792833741,5.64385618977472,4.98633516360318,5.93339037929387,3.09595355253148,9.04476084164935,6.25380903971317,7.0607128763747,8.7648812213222,13.41770283057
"TCGA-GM-A3NW-01A",6.07621289479189,5.32192809488736,5.0078655390682,6.78754272703318,2.7518962510803,8.53650650880332,6.06017714442375,6.57451618537143,9.28988523480114,13.2209210725958
"TCGA-D8-A27H-01A",5.68401112174783,5.4594316186373,5.03408804758336,6.49270832556398,2.22128781931877,9.15934743618714,6.2403638680673,6.49707065091127,9.6148331982347,15.1671512061126
"TCGA-A2-A1G6-01A",6.79079598811068,7.8073549220576,5.91203700398689,7.24070484121728,2.32719060746528,9.7540149384352,7.1678390816912,7.83090082532643,9.86818720196748,14.2779217060658
"TCGA-A2-A0YH-01A",7.03443508637759,7.90086680798075,5.41738442823499,7.49175338136985,3.15528402831866,11.4302469611914,3.99965211419294,7.16187373763937,8.83491065295301,14.5625484320148
"TCGA-AO-A03V-01A",5.88718708927487,7.19967234483636,4.85712128447567,6.83219288340518,2.18816441951703,8.65780108356617,5.53496068181173,6.23722117394854,9.41125010693771,13.9697330358344
"TCGA-EW-A1J3-01A",6.02668110560775,5.8073549220576,4.13944909571157,5.41201267603467,1.82821360538306,9.5160597998014,5.46341349309512,7.33473421593819,9.04623889058952,13.9698902383695
"TCGA-A7-A26H-01A",7.00332614489288,7.79441586635011,5.58006201347063,8.08981952588363,3.20354145183486,11.4238023100222,7.09920690418319,7.42500473810016,9.54352059908869,15.3820821563891
"TCGA-GM-A3NY-01A",6.57274466221993,6.49185309632967,4.44990158147534,7.4139093067997,3.15672098317339,8.2830558543826,4.98859523118086,7.16308172499882,9.72435898079147,14.2417785485587
"TCGA-E2-A153-01A",4.52755416407746,3.90689059560852,3.7126724105311,3.59426939124473,2.58319127907914,9.26970259042293,5.146335006156,6.17328163699281,9.50521276145809,15.2808241953549
"TCGA-A2-A1G1-01A",7.70367306304018,7.75488750216347,6.25065532637385,9.34454522457142,3.68467575037153,11.1205169567128,6.69209348792258,6.59866206529198,9.57811736160615,14.6743984284612
"TCGA-E2-A1IK-01A",6.23798828978593,7.24792751344359,4.80060820979668,7.81950569703074,2.60443190425943,8.81881660269254,5.88227142388323,6.43329393060449,8.60572847966718,11.7514172460898
"TCGA-JL-A3YX-01A",4.99344782905066,5.85798099512757,4.52579727458327,5.45096881546078,2.27138732402521,8.21554697777839,4.68322071523134,6.85524303050841,9.22722837371479,14.9272358580564
"TCGA-A2-A0CY-01A",3.38158187456644,7.7279204545632,2.96588765438406,3.98356051311585,1.67403967784734,7.18582991662779,2.58931380879188,5.81491931666099,7.50824518327506,11.4192656838397
"TCGA-AN-A0FT-01A",5.34644144272671,6.8073549220576,4.50643992114159,4.6025447204231,2.51412365120054,9.21337989487745,4.57867474503198,6.8000497566426,9.60142507211331,13.7357981356853
"TCGA-A2-A1FV-01A",4.31527004684739,4.16992500144231,4.05095118436731,4.86406161333682,2.4496110708785,8.19219757316568,4.34024622482881,7.00889087349675,10.3458597671614,13.514139097
"TCGA-AR-A0TU-01A",6.98613698203226,7.97154355395077,6.00189432729269,6.01932999753318,3.86397228860027,10.6740135635596,7.24562497758137,5.96169711139735,8.16365447305499,11.5632880449037
"TCGA-E2-A155-01A",5.31027130591499,5.20945336562895,3.77669014865164,7.67338656854255,2.309355833878,8.19032707198912,4.42920631485587,6.75571712506763,8.55278758410334,12.4486023974569
"TCGA-AR-A2LM-01A",6.55815531678516,7.33985000288462,5.49193157146981,6.17791841777116,2.7073696973387,9.60469869021951,6.27844972947784,7.6783932676896,9.71848130076893,15.6774249611362
"TCGA-A2-A0SV-01A",6.30294043276592,5.52356195605701,4.64261320151896,5.38203082985063,3.05356137941653,11.807946850077,5.73890855379514,6.74370810426046,8.87419102058636,15.4515215538785
"TCGA-E9-A22G-01A",6.36945379488467,5.75488750216347,5.77762124684416,5.60290970866308,3.10967399830967,9.60838052603938,7.58157308922348,6.45669449316509,8.43871587824934,12.9538745232759
"TCGA-A2-A4RW-01A",6.17948275018109,6.82017896241519,5.27199525119886,6.93525889443231,2.72587533232325,8.66397157174164,5.75707430955989,6.89970152667409,8.85012565352575,14.5752988023791
"TCGA-A8-A07S-01A",4.63074776656657,4,3.32089584210684,4.06571462907957,2.28480618227756,9.14182849579361,3.95558642071195,6.15412864197519,8.86921780423822,13.9144570432928
"TCGA-A8-A06Q-01A",4.80524521332719,5.4594316186373,4.22754839272042,6.91380961133405,2.63309284559378,9.17226909730819,4.29426668979246,5.90215229629683,7.85173660182076,11.4115720858562
"TCGA-A2-A0EP-01A",9.82319528444448,9.01122725542325,7.41550548182692,11.2801312411479,4.5603003158652,11.8800218373557,10.2382257580345,8.48965428090528,10.7616590270859,15.4004880100838
"TCGA-AR-A0TS-01A",9.34623659397214,9.19967234483636,7.15221629151906,12.3568137058417,4.34375930027156,10.5974427650676,8.33731163280836,7.09526811145376,9.88322615419056,14.235786936319
"TCGA-BH-A0B2-01A",7.41921857916165,8.35314682549808,6.7537628578662,9.15593088291956,3.91872908944942,10.6412982424747,5.31950901090065,6.91241660814503,9.78654726443547,15.2432481716992
"TCGA-3C-AAAU-01A",4.96059324343722,4.16992500144231,4.02601868145816,7.60890908551146,2.30483477038824,8.24544508361643,4.29877839459644,6.61697328663068,8.82458080318441,13.2367686558632
"TCGA-AN-A0FD-01A",5.23789925233149,7.44294349584873,4.12621690636346,5.58452512614021,2.1836416274787,8.45465983593812,3.66475119648719,6.3164362920773,8.36274690348197,15.2882333664633
"TCGA-BH-A0BS-01A",3.98978640917049,3.4594316186373,2.80271098518863,3.63605801257139,2.17979009937486,8.10032940528538,4.75211533409225,6.48910873057051,9.32420198789984,12.90567669218
"TCGA-AR-A2LE-01A",5.62893760947994,5.52356195605701,4.64994594133543,5.89247594051206,2.59412413423543,8.18486859865452,4.91824057243917,6.40866389744061,9.67033431483367,13.0199575362216
"TCGA-B6-A0IM-01A",5.27291012327472,5.8073549220576,5.27623451436448,4.33902177868879,1.72338579056895,10.1828680091613,6.10461977863356,8.06352562362233,9.43221111231259,14.7844257461757
"TCGA-A1-A0SB-01A",3.71361888759112,6.61470984411521,3.22795532523757,3.91319194636124,1.47060894884201,7.89663626939528,2.84676128865199,6.47209101548382,8.30358257467105,13.3184214469335
"TCGA-S3-AA11-01A",4.58165353310052,3.8073549220576,3.248878787748,4.63938130015787,1.24715999043749,8.18076317786465,3.67861546553887,6.28486075881802,8.0660426967679,13.2881989397437
"TCGA-A8-A08B-01A",5.40664208606425,5.85798099512757,4.23832286076981,6.18722647001496,2.54448232935086,8.19183255086112,2.55285498773076,5.53197278694843,6.64264856581788,11.805331239964
"TCGA-AO-A124-01A",5.95800234617289,10.5545888516776,5.16832030321417,5.62543718285834,2.44807627965619,9.53801778098425,4.18583609572477,6.06756850691268,8.31572592060352,12.7868809839322
"TCGA-BH-A0B0-01A",7.34213281157673,8.22881869049588,5.52164002316971,7.69934530916665,2.90600947614712,9.47927283131657,8.15893864525166,7.93512315300739,10.0245372639234,15.6606056779028
"TCGA-A2-A0CR-01A",9.24190871363316,10.6510516911789,6.85464939230439,11.4597047187757,4.23396203889369,10.0806597345457,8.06179485439002,7.49579729629969,9.62021123315366,14.4778861466831
"TCGA-AR-A24M-01A",5.12347255610035,5.08746284125034,4.51751754992383,6.02754260809611,2.499211285154,9.66780548082048,4.42572331452326,7.82045802129309,9.99969134038257,15.027169213683
"TCGA-BH-A0BZ-01A",8.11081050264155,9.29920801838728,6.8740147516366,7.64375891320998,4.30732319162976,10.9850345459404,5.6161478048148,6.75004275546168,9.54947085131864,15.2275706355267
"TCGA-A8-A07F-01A",6.62274214071725,6.90689059560852,5.83286031750488,5.84192553846564,3.02871677164843,10.5613053658939,6.17987497951556,6.46463282858535,9.3611885858519,14.6641758037494
"TCGA-B6-A0RM-01A",4.94993669315057,4.52356195605701,4.59167933846801,5.55751033393536,1.85172264890213,8.85554637758669,5.33821334409542,6.20798401691913,8.21305776725702,12.5174283690391
"TCGA-A8-A0A2-01A",6.54384050675233,7.71424551766612,5.11763205532409,8.3482140748557,3.25210290584744,9.53886868404724,5.83589405401506,6.33472296161763,9.37489021470135,14.5476697795878
"TCGA-BH-A1EN-01A",4.26295631715048,5.08746284125034,3.98240935642786,3.16411718243837,1.63460194963135,9.5819623343265,3.76576572097036,6.71565441625801,9.33541414575055,13.8484108348816
"TCGA-C8-A12Y-01A",5.65209355677906,6.59991284218713,4.28487252326198,6.19217961747707,2.87503851999956,9.6283727675832,4.77903760420619,6.77976488528425,9.23128056516323,15.0608296806592
"TCGA-B6-A0WT-01A",4.90608261917803,4,3.42892325030506,6.07274374302927,2.23390393292512,8.31881018422481,3.92452258863848,5.82536700951549,8.13457309841271,14.3205648022539
"TCGA-C8-A12V-01A",9.05296218208081,9.77313920671969,8.11435036580072,10.8110817126422,5.78039099613486,11.9955030635183,9.21885930573108,6.62814492720846,9.297962655065,13.3937363099034
"TCGA-EW-A1PC-01B",5.39556182856551,9.22641219278879,3.13871002924741,5.10144557087549,1.67880656895819,10.0109218339352,5.7799909449167,7.85155153951347,8.78731689347288,14.63998361964
"TCGA-A2-A0EO-01A",6.28597868280543,7.56985560833095,5.14218077939839,7.72030122708412,2.52789651591934,9.50035329236649,6.9824384403296,7.05218361365016,9.75678385060645,15.5952780615451
"TCGA-A7-A26F-01B",7.65850026856937,6.59991284218713,5.63323185930271,6.14197284274768,3.4621108536111,11.1738386997873,4.5072877578612,8.30704098696595,9.10397069386094,13.8932160384226
"TCGA-A7-A26F-01A",7.37795005252212,6.79441586635011,5.65056923361536,8.06312705312519,4.07722444860362,11.7892874756126,5.72784764837169,8.90890794975335,9.66714202139721,14.9543225667068
"TCGA-EW-A1J2-01A",7.09378884733365,8.01122725542325,5.90989475764368,6.69655427359421,3.31662842374269,11.0915223669079,7.21965854227871,7.52060675657005,10.3518554896819,15.7695980105842
"TCGA-UL-AAZ6-01A",4.93467244023923,4.32192809488736,2.89943910966616,4.67813204675204,1.5724144921975,9.20153123107704,3.48560915946659,6.75403988245072,7.93923117640206,12.7908845213629
"TCGA-A2-A0CL-01A",9.5762540455774,9.68474862042163,7.77078936746288,11.426636987954,5.02381778407183,11.1745759436135,6.419737368268,7.31768370134519,9.82705358155678,14.4628069037728
"TCGA-AR-A0U3-01A",5.50703392133556,4.95419631038687,3.54832162884107,5.42286018596554,1.5827222622215,8.78711559567173,6.26839811307344,6.26141883186443,8.02085582359001,12.3328186566605
"TCGA-BH-A1F8-01A",5.37034031433865,6.56985560833095,5.34500573171598,6.41601551026127,2.6096605166904,9.7525936726201,4.72257123834273,7.36784257999129,8.7049356344871,13.9532689283932
"TCGA-A2-A0CQ-01A",5.2130481612512,6.44294349584873,3.19765110032241,4.39382077075061,1.85232277218511,9.08970370305973,4.39594667928661,6.81989221017009,8.88174044961783,13.1699321270287
"TCGA-BH-A6R8-01A",6.47453727924206,6.59991284218713,4.85717589973188,6.13947623010515,3.07957719258973,10.1233235163132,5.55426593381134,6.57365360114919,8.08029824193414,13.8890891431105
"TCGA-AR-A1AS-01A",3.0880409118554,1.58496250072116,1.75825286169867,2.93669248856395,1.16524101186092,9.41672154923406,2.13502832294411,6.46921524659985,7.5369342505734,13.5117744283026
"TCGA-BH-A0BQ-01A",6.13852102102984,7.5077946401987,5.27562821843061,6.82911634345957,2.53740100229841,8.81224177719489,6.93219701174799,6.80169849099511,9.16089503084179,15.0461525699003
"TCGA-A8-A08S-01A",5.38852650886508,5.20945336562895,4.05286111053538,5.69488672795029,2.69402359494464,9.855784398971,6.69011664968479,7.94067398049641,8.45581574061041,14.3236729637421
"TCGA-E2-A1IJ-01A",6.70896848290607,7.4093909361377,5.18546682890353,6.73998585198489,2.81285106256571,9.03341126113936,6.58061278237393,6.27589357342365,9.50453408061314,14.8539393140269
"TCGA-B6-A0IH-01A",6.23427704885563,7.84549005094437,5.65187240620161,7.52133838274419,3.07031882302719,8.69341046252062,6.14996924187366,6.5536782261593,10.1422384483985,14.6160790467228
"TCGA-A8-A081-01A",8.03680337902905,8.91587937883577,6.87751298717514,9.18119964655832,4.49244000533286,10.4975417295277,6.00799361508873,7.74458299556036,8.70843154823434,12.4911597650586
"TCGA-AR-A2LJ-01A",7.2998917526766,7.83920378809694,5.178883140299,7.28306034687264,2.61052131488855,10.5771096517334,7.34051636900279,7.28728945170177,9.17921653047565,15.1824596542821
"TCGA-D8-A1XC-01A",2.76568627733704,2,3.18197340108412,2.75296312906802,2.09247257622166,8.09498474982312,2.25129910669978,6.04974075375196,7.96728824837923,10.6796471590617
"TCGA-E9-A1RI-01A",6.25560556586665,6.39231742277876,5.28942850194789,7.09461384018169,3.72737088891085,9.88999085428165,4.3849833074043,6.81939970223272,9.29884280312293,15.59655111833
"TCGA-AC-A62X-01A",3.33179242456545,4.08746284125034,3.18697667422644,4.60943806477571,1.44858932944778,8.71538440699385,2.48372918574767,5.60599244026772,8.44110261933614,12.1973604061532
"TCGA-C8-A1HK-01A",5.65145344948945,6.08746284125034,4.59491566453206,6.35806539095728,1.89903660180885,9.2104331430425,3.90431874853841,5.38556040322094,8.44950719866812,12.251563541121
"TCGA-BH-A0B6-01A",8.20620617016336,10.3575520046181,7.80631184829696,11.0809006716136,6.17649885476562,10.5203737741237,8.63432692130745,6.82468611661271,9.11567808794619,14.8699284775833
"TCGA-A8-A083-01A",4.70957630336431,5.04439411935845,4.16629466273782,4.21767587453003,3.91497901244291,9.09279930734469,5.18774018835701,7.00252696599432,9.11609570248034,12.5462666129164
"TCGA-C8-A12T-01A",5.25904575464814,6.16992500144231,4.12101651004101,5.14450115363948,2.03084257481164,9.0226100389012,3.52800509552705,5.82813933703313,8.53373216965325,15.5693312206291
"TCGA-A2-A04X-01A",7.80455927132523,8.16490692667569,6.88898251506081,9.77876234648468,4.36888679513063,10.7970577636973,6.57945349362241,7.20743476399239,9.2179210610912,13.4613192281127
"TCGA-D8-A1XA-01A",5.29774980782143,4.52356195605701,4.524179332962,6.49976491533275,3.2206265590056,9.9228053928409,4.44783984048874,6.96215388260058,7.78314528644626,13.7519055068558
"TCGA-E2-A15A-01A",6.7127774056855,8.14465824283188,6.03626624412054,7.47127191559454,4.31739855417857,10.3792198626204,5.6770255833013,7.21507377436547,8.86542390800341,14.2532183769522
"TCGA-B6-A408-01A",7.85823299386338,7.70043971814109,5.74618479691627,9.04196745767644,2.9397466305274,10.4268352495368,5.78734984243133,6.18839274346828,9.38813968486039,14.2129816127765
"TCGA-AR-A24W-01A",5.5023341458414,7.08746284125034,4.96339359750265,7.02136474612933,2.1520458686812,8.33447572028129,5.36341673322751,7.09224915827832,9.92115305269809,15.1931624913932
"TCGA-A7-A0CH-01A",4.73355978912039,4.58496250072116,3.53569002212766,3.98466895462717,1.59482995462807,8.31674779095905,4.98975330918044,6.824201890344,8.54174067397996,14.0408334527729
"TCGA-BH-A1EW-01A",7.02749689078042,7.70735913208088,5.54620093740287,6.94736610690977,3.42710638997205,9.60937634619458,5.82537873722781,7.5390851253774,10.04859537504,13.8468724172982
"TCGA-A2-A0EX-01A",5.57637005101245,6.4262647547021,4.09323153083338,8.56234204162996,1.831829503566,8.43128841770357,5.32452986462034,6.04602654839876,9.42186957817042,14.754100090367
"TCGA-C8-A8HQ-01A",7.23703372192734,7.56985560833095,6.15855600282827,8.88803519106186,4.04990727153551,10.2855416429787,6.75782183054394,7.12750949551738,9.41883708826045,15.4862225560102
"TCGA-B6-A0RU-01A",5.49865653361234,6.78135971352466,4.46435176761295,6.00825854189535,2.34008397335319,8.92944641379986,7.46729837206835,5.90562187317693,10.0153524262627,14.5074082316512
"TCGA-A7-A0CE-01A",5.38899485525983,7.07681559705083,5.47391922177689,6.40896157849799,3.57527102145446,9.06420926115218,5.00697001495055,6.65324065224946,9.46149091311863,13.1343536819162
"TCGA-A7-A3IY-01A",5.77356874891036,6.35755200461808,4.86029674841765,4.21678675463008,2.37145417004485,10.6211837510628,6.7499308108452,7.3885953552103,9.6153027504617,14.0082150783681
"TCGA-GM-A2DI-01A",7.95850248657609,8.76155123244448,6.576717912517,9.36294671294742,3.99500166398591,9.57847544300773,7.56120783909035,6.27314971380216,8.74752235994963,13.9775734502385
"TCGA-E9-A243-01A",9.53522840939485,10.4645457503339,8.84429828035264,11.5371336206465,7.47157333063048,12.8082394867234,8.79066588637714,8.99222806446413,9.56815702652238,14.8521118593448
"TCGA-E2-A159-01A",8.0793413592327,8.27612440527424,7.06758650777053,8.76812805972151,5.3420367808033,11.0527063729484,7.30667447365912,6.99151167119719,9.02722004547974,14.0707804769665
"TCGA-LL-A7T0-01A",6.46248540352314,7.03342300153745,4.62544665703704,7.42336290915776,2.3086416274787,8.8942759726767,5.61851772419877,6.19689360815759,7.99942513653154,13.366319131485
"TCGA-D8-A27N-01A",6.24605191736338,7.11894107272351,5.22392173405791,7.03118793311484,2.66320428594334,11.1178483231902,5.36882364198806,6.69475967072746,9.46065938276762,15.1408265113425
"TCGA-A8-A08Z-01A",6.45616477747088,5.88264304936184,5.23254650536666,5.39696061415572,2.60568625636805,11.1264728510404,4.91891034685444,6.8524615867057,9.57396914448543,15.4400474620958
"TCGA-AC-A5XS-01A",7.09166594743569,7.74819284958946,5.4940474103387,9.18120398322829,2.84232421185285,9.96161784484788,5.35696575541665,7.34189297916074,9.20538653240584,13.7201245191978
"TCGA-B6-A400-01A",7.50560497158924,6.91886323727459,5.41050482095763,6.24768302139544,2.53058148184565,10.7093108395567,9.937377159116,6.87849281328338,9.3020621747271,14.6204076756541
"TCGA-C8-A26Z-01A",4.85587546605356,5.52356195605701,3.62663794710766,6.80290534439854,2.03740100229841,8.67185086997516,4.22629016476481,6.85589120801025,8.80609585230084,14.6491876971066
"TCGA-AC-A2QJ-01A",5.64891663586006,5.95419631038687,3.70373611698929,4.35659170751926,1.28451555065928,10.458880321258,7.22897380331985,6.68435701546298,8.54247623964751,15.7708291707327
"TCGA-AR-A24R-01A",7.24650549981593,7.34872815423108,5.5324203151896,7.62366028573404,3.23724771072407,10.2788409229751,6.98951682370935,6.98793320092988,8.88194946548868,14.3101324879902
"TCGA-A8-A08H-01A",6.82055614208177,6.90689059560852,5.78939371374835,7.40528838605245,3.33090902538954,12.1273173728315,6.84170482550969,8.52927747911335,10.7549519552872,15.4796901152922
"TCGA-EW-A1PG-01A",4.55886525322018,5.20945336562895,3.75928306568657,6.18814847151281,1.73379558994793,8.49718940460128,5.30803354174458,6.48504704269724,9.18716072398778,14.7373534866964
"TCGA-BH-A0HB-01A",6.85268061205933,7.81378119121704,5.71268470654128,6.90457658043364,2.69733159774414,9.51169651419007,6.95996607263002,7.01283823702414,8.2061537099836,13.7968008048693
"TCGA-BH-A1FN-01A",4.58394157031809,6.04439411935845,3.83624853877027,4.76970435651053,2.77709323227441,9.4718898884251,3.00322168373168,5.94863800411143,8.26684502616832,14.2847019791361
"TCGA-E2-A1BD-01A",5.12209562649536,7.04439411935845,4.95048207464965,4.32497854924184,2.24115730107962,8.85683340714058,5.36565856017421,6.65418068733894,10.4849885862968,14.6376837796567
"TCGA-A7-A5ZV-01A",3.73168644533781,7.79441586635011,4.46846706824124,3.23101287258494,1.0759162892187,9.52762607911525,6.12366571615364,6.20510894887715,7.21527399493996,10.9267686348645
"TCGA-B6-A1KN-01A",6.373562213363,7.11894107272351,6.52338044050116,6.90785835517743,2.78131159166928,9.48465907934722,5.15160313584931,7.72093427704215,9.79383283147717,14.492284494238
"TCGA-AR-A1AH-01A",4.51965322848897,4.24792751344359,3.45647487748595,4.7365566945456,1.38510219095104,8.93292016493291,5.86747645092673,6.58502776044612,8.73984408994646,13.0544825908957
"TCGA-A8-A09X-01A",7.61808819348089,8.55074678538324,6.72644119378377,8.75724399989578,3.94937135053098,11.2413389976129,4.85607723796684,6.56630933708421,9.34683298172239,14.005792365201
"TCGA-BH-A208-01A",5.94720791266563,6.44294349584873,4.9138094030144,6.40194878069717,2.21357486931562,9.64265528287248,5.07764498254379,6.67949826474869,10.3654395299225,16.6350551301645
"TCGA-GM-A2DM-01A",4.48048388029656,5.04439411935845,5.25200283893461,4.54723849502884,2.24995596706605,9.81078549584691,5.64503632559827,6.79628567120236,8.57240507284531,12.6284747475539
"TCGA-B6-A402-01A",5.04730382442873,6.32192809488736,4.99854133201015,4.89481724180656,1.8086416274787,8.6600169194579,3.74911135198945,5.33406500563216,8.09692894799416,13.5996831790754
"TCGA-A2-A0YJ-01A",3.79314713476342,7.74819284958946,3.12375900224317,4.22367484079175,1.74929417960736,8.51576076997067,4.35853756555001,5.64932847271371,7.72506577390636,12.844927286869
"TCGA-D8-A141-01A",8.62485435579,9.31061278165953,7.09912160673333,10.1613323217758,4.62846850606827,10.8192097623944,8.4177848416229,7.33866480255598,9.67908648835361,15.5736842568517
"TCGA-AR-A1AN-01A",5.70342010058099,5.75488750216347,4.20452891325577,6.57323876497954,2.54924319042942,9.92100010178824,7.52757226686361,6.97762843552857,9.70271380146572,15.5436294962458
"TCGA-BH-A18S-01A",4.35103681143496,5.75488750216347,3.50812571104941,4.61337868037859,1.96184914437499,9.0733569720221,3.85338880205836,6.41898752720242,8.61002520414529,12.2391426681004
"TCGA-GM-A2DH-01A",8.95650455821254,9.29691620687929,7.373032084224,10.0953613504427,4.89730533137601,10.9820533633001,8.48450689960055,6.7360315056102,9.14491240576439,13.9279009342086
"TCGA-AC-A23H-01A",4.67350223998747,4.90689059560852,4.37847305264897,5.54788703906889,2.09888263933962,9.71799850902588,6.18402775994926,7.42364244439779,8.92604857693898,14.3058924069571
"TCGA-OL-A5RZ-01A",4.40032500169059,4.4594316186373,3.14114352849168,5.25033969786045,1.13460194963135,7.61608147255643,4.04715236850777,5.77867232659097,7.9120759416455,12.1499571123043
"TCGA-OL-A5RX-01A",6.54289116630308,7.11894107272351,5.01656752625751,8.76148906342683,2.81077581664857,8.88890267965254,6.4990474069917,6.85898594475088,9.29336733475922,14.2267092589055
"TCGA-C8-A273-01A",5.36437907495886,5.24792751344359,4.21959192834482,5.97163791583403,2.74004301645774,9.64103984367495,4.90627447075434,6.7051039336834,9.31264051752064,15.0307791880973
"TCGA-A2-A0CK-01A",6.53903565049537,7.22881869049588,5.18220944083062,6.69936360071392,2.26444142552085,9.01358797326327,5.2759680473904,6.63140494996297,9.58455654872959,14.1175958010393
"TCGA-B6-A0X7-01A",4.98096160824626,5.95419631038687,4.57056257554858,6.77778130035733,2.96574025593909,8.5501957062358,5.53733410319705,6.36331569204507,10.0967824874784,15.3234385490098
"TCGA-A2-A4RY-01A",6.96499828083514,6.78135971352466,6.00323252491806,8.94904812262327,3.18867784260691,9.07441782991837,6.74227691463578,7.02341334813649,9.65715332286883,14.5607358321397
"TCGA-E2-A1L9-01A",6.37196232847996,6.65821148275179,5.07887547733625,5.57923885648476,2.61653621707098,10.8379504625153,5.3731661824194,7.47347976181434,9.93444657567935,15.676707844942
"TCGA-BH-A8FY-01A",3.28875723413101,2.8073549220576,2.59489691975731,3.41891927938918,1.96982995462807,7.92525577635106,4.26098201521782,6.58653871660558,8.77074975852854,10.8078268324882
"TCGA-E2-A9RU-01A",4.29897160800723,3.70043971814109,3.00778046059428,3.36888534168371,1.72896288740179,8.55370873830161,3.73592532993746,5.0023004350942,7.21955864829114,13.559246521773
"TCGA-AC-A3QP-01A",5.70786843385596,7.6724253419715,4.92398254063871,7.74278344544626,2.1096605166904,9.7762631273943,5.50968829792795,6.5613746586815,9.37989167401074,14.8298766518127
"TCGA-A7-A13E-01A",5.52155101655084,8.33539035469392,4.66437326949187,4.75874908058848,2.25741822265474,9.13954753225883,3.48325780855031,5.49978856801108,8.40783684825125,13.3291882641749
"TCGA-BH-A0DH-01A",5.36090388926972,6.82017896241519,4.61533660066785,7.05734815521713,2.21982995462807,8.78022115018564,5.26862137036869,6.73498869364137,9.02782267390058,13.2928578549064
"TCGA-A8-A09W-01A",5.60686506647481,6.08746284125034,4.67177393909372,5.57329678386847,1.68648163704121,9.50597250226312,4.20926979163993,6.39112899754136,9.2746252677888,13.1614351869702
"TCGA-B6-A0RV-01A",6.79435186991474,8.03342300153745,5.19739554085966,7.98059964578394,2.20004719413848,8.89123913855376,6.53153592711196,6.57464276564186,9.45002522552183,13.3227335665741
"TCGA-D8-A1JT-01A",4.34656510639651,2,4.19523291060604,4.58075353667061,2.72501453412509,10.137810827623,3.73312394865637,6.77895695536359,8.20466845104659,12.016356771758
"TCGA-E9-A1R3-01A",6.62312551959918,7.13955135239879,4.31752629634718,7.65285140863865,2.2329264948677,11.073710744094,8.33055950138188,8.70997033602731,9.59638049069649,16.0881098907778
"TCGA-B6-A401-01A",7.50130560231133,7.09803208296053,5.69507192443005,9.11255640842838,3.3485692823883,10.244800873081,6.49752643977129,7.62102728033555,9.283487987555,14.906564643843
"TCGA-E2-A570-01A",4.81530012965824,5.16992500144231,3.64344941469911,4.71286380733025,1.04024101186092,7.86560587686886,4.19758015585629,5.9490966811179,8.7089975828137,14.9561774765574
"TCGA-A8-A07O-01A",6.16711546847464,8.33539035469392,4.76047445738695,5.3465096530021,2.81632508156837,10.811748136452,7.11110297130225,6.84808524565494,8.80681122377887,13.9306248709985
"TCGA-C8-A275-01A",8.07771667116643,8.00562454919388,7.06751399438688,10.2502196240388,5.51706185976326,11.5989655604818,8.1885017412831,7.53366455796478,9.27258397823092,13.8619608353142
"TCGA-S3-AA0Z-01A",7.44319263003511,7.48381577726426,7.06448747633177,7.84228377279183,5.09565231220403,10.7109674954235,6.5689950935276,7.62564757300707,8.94494874453166,12.6454488842372
"TCGA-E2-A1LA-01A",7.16696451353592,8.62570884306447,5.48865944959118,9.39293822969571,3.78093803430968,10.1268886221512,7.46245415888838,7.02223448256168,8.12822524122982,14.2178362871099
"TCGA-E9-A229-01A",6.99417248799795,6.79441586635011,5.07405359209517,7.60684107951363,3.62236350301957,10.6168948280776,5.72553899380779,7.27311544893087,9.42235745721716,15.9112667663043
"TCGA-A2-A04P-01A",7.00628619994847,6.88264304936184,5.02641127814345,10.1695856290253,2.53050830802435,9.56495425270024,6.25689052969266,5.49661395130523,9.40647977519993,13.4859214650595
"TCGA-E2-A10F-01A",6.8635064281079,7.62205181945638,6.02060556587626,5.68447942139351,2.96144068014575,10.5148475229828,6.17518684151757,7.11819103362144,9.33779307460802,15.1045285726438
"TCGA-D8-A1XM-01A",7.41316215233409,8.58871463558226,6.14772097060354,8.43717725441826,2.48021089847337,10.8842917099723,8.1846910770026,7.88394025003218,9.84911135080757,15.4392562729917
"TCGA-AN-A0FW-01A",6.52882331332139,7.14974711950468,5.44751734867355,7.33430046255664,3.60821403983477,8.91232484523005,6.58266860626398,6.99083808736299,9.57419949935446,14.5421134633051
"TCGA-LL-A6FQ-01A",4.42615486107846,5.32192809488736,3.5879016687481,3.9177682466074,1.02124062518029,8.8986279714298,5.21154867938036,5.88061580087235,7.96837420423245,13.5101461612455
"TCGA-E2-A1LS-01A",4.73293672541107,5.85798099512757,4.19139789785693,5.11726771239787,2.04303698848948,7.94654631158217,5.33789891931116,5.45548899625295,8.60359292542538,11.5294027044565
"TCGA-B6-A0RS-01A",7.35461271584157,8.29462074889163,5.92625211144917,7.56370184551618,2.91408378477423,10.8092265734822,5.73980232449594,6.67641293163148,9.57324693142431,14.1273822914693
"TCGA-AO-A0J7-01A",4.37292374035878,3.8073549220576,3.13226138153509,4.08115390753472,1.50452170156919,7.98819307555868,4.75956244660449,6.27487705708972,8.20454408424386,13.646379957619
"TCGA-E9-A3X8-01A",7.18555132536004,9.54689445988764,5.71311099789921,7.53127526991519,2.470633238273,8.36264772136416,6.5779302904767,5.91564901163465,8.8297916897978,14.8386082318684
"TCGA-B6-A3ZX-01A",10.3307545138972,9.97871045910636,7.81790962250964,13.3200751276069,4.0336326810035,10.3177738766688,8.29671128744453,6.63240080226774,9.45209572833959,13.7209579741178
"TCGA-C8-A3M7-01A",6.90142563197408,6.97727992349992,5.89052095396903,7.96935969785373,3.93235782347798,9.21709048705068,6.51094032233299,6.86313702208561,11.153151496827,14.1998643961287
"TCGA-A2-A0T0-01A",6.29632431710562,6,4.76031946498341,5.07954534751532,3.81463388474061,9.78311851012488,3.27674956004147,5.94469536572972,8.81046348099744,14.8514996364696
"TCGA-OL-A66J-01A",5.58984176905813,6.2667865406949,5.08237140302521,6.00629651556048,3.03964124079807,9.12342289577737,5.24535559254626,7.25679759860742,9.87712815334884,14.454190545495
"TCGA-EW-A6SC-01A",6.03229926066197,5.35755200461808,5.00396711367085,7.04306776556374,2.54177542996794,9.57977453820085,7.68435704464492,7.8282917145876,9.66988954065799,15.1908046839452
"TCGA-AN-A0AJ-01A",7.5818047983776,8.34429590791582,6.07809116853935,8.51273716263004,3.65649081482037,10.8783060749105,7.60176514222203,6.18100257909317,8.27794410907885,14.4624653331526
"TCGA-BH-A0DV-01A",5.48542384481162,7.06608919045777,5.34366353727789,8.40991861711016,2.97640537154124,9.81229824458465,6.31136703525303,7.39114708820037,11.6158374552193,16.3871746727085
"TCGA-AQ-A54O-01A",5.92257586501218,6.4093909361377,3.75662678561784,6.59605591551728,1.07312031259014,9.01979963439481,5.25964991663927,6.2018892061841,6.90805254557399,12.8213261584199
"TCGA-A2-A0CU-01A",5.57627001878818,5.28540221886225,3.73085595682369,7.27450661501531,2.55816391360965,8.44008723820349,4.95088529463958,7.25169407043978,9.64169611702872,13.5842757514852
"TCGA-AR-A2LH-01A",7.71025491879218,8.51569983828404,5.82094110921694,9.44136290994641,3.42941274648532,10.0267456510599,7.67068417558634,7.04145725645767,9.5412990043902,13.9315509039641
"TCGA-BH-A0AU-01A",6.45447709533962,6.94251450533924,5.22715288356294,7.71759606539943,3.43905778221892,9.23729693007135,6.17391032171088,6.80249999438436,8.56410685468964,14.4869506506697
"TCGA-A8-A09D-01A",6.31542140536341,5.8073549220576,5.12916747969072,5.27261808072649,2.70102463219589,10.466766633856,5.14869524985447,7.00454926502777,9.72315376820121,14.6700084765019
"TCGA-D8-A1Y1-01A",5.77275698296206,5.35755200461808,4.77320405566128,4.86914216571273,1.75140340692791,10.7225313982334,4.70319056115242,7.74407728288022,9.0425256917031,15.7365127094688
"TCGA-AO-A1KP-01A",4.44206671115714,3.70043971814109,3.0581526509413,4.43677951009061,2.43440334721778,8.20828758633428,4.71258395973134,6.76120461108169,8.14700801418186,13.4362330434506
"TCGA-A8-A092-01A",5.62618141882381,5.16992500144231,4.12160604994728,5.63519270666342,2.27450561866648,10.4324254420641,4.37309786329024,6.28110232219605,8.57379930871465,14.1558148257796
"TCGA-A8-A09G-01A",7.64107344681481,7.40087943628218,6.69259491801686,9.0202967828736,4.59422148655381,10.5236308145594,6.76046628921755,6.56995362524097,9.2394674653272,13.4588107245865
"TCGA-E9-A1RD-01A",5.18340335399275,5.20945336562895,4.45134081169627,5.66063650984172,3.79768314890898,9.50467716330715,5.21365509290131,7.10258759312851,9.97405227707941,14.2940875864731
"TCGA-OL-A6VO-01A",6.44784373728433,6.16992500144231,5.27434445995931,7.10563999661633,2.46256427804916,9.78440636004899,6.0701015675995,5.72634359092981,8.67033748126319,12.7649626033255
"TCGA-AO-A0J3-01A",5.08871984245489,6.65821148275179,4.29965036009359,4.77850598069745,2.74995596706605,8.81546470086323,4.12888658872161,6.33034129079841,9.11624690422231,12.0843326009986
"TCGA-AR-A1AO-01A",8.37489420472817,9.21916852046216,6.82728555077724,9.19711706539604,4.6750027657389,12.5899935824593,8.3371258207842,7.69203317993346,10.4491754430776,15.6104215886258
"TCGA-AR-A254-01A",7.57005621209557,7.76155123244448,6.05822763375236,7.72311930841031,4.09203263340287,11.6133800543655,5.72857010695994,7.80966296922787,9.48042135052371,15.3227122632189
"TCGA-D8-A27L-01A",7.71910917678899,8.27146302790437,5.6653710166132,8.40611235340172,4.34081510781528,10.4739903481757,8.11174542869265,8.18947174863027,10.1417340723973,15.5890222950878
"TCGA-D8-A1J8-01A",7.99010428364161,8.45532722030456,7.14076175149501,7.08574796380377,5.0730765054384,11.4876916716574,6.45788343128489,7.22206902359681,8.86476678176508,14.2349942484743
"TCGA-GM-A4E0-01A",6.49118759814256,6.96578428466209,6.47692708473883,6.1062090245169,3.05807719233839,9.26090128995207,5.3070320589206,6.7878295431053,10.6648038319278,13.8728443995793
"TCGA-E2-A14X-01A",8.43574306389658,8.97727992349992,6.6574947655807,11.5688334966413,4.56565386166144,10.0658984348382,7.61865878159505,7.13620409999727,10.2485761372017,14.0596662674223
"TCGA-AQ-A04H-01B",5.64685375303542,5.85798099512757,4.95897386569848,6.17110654991962,3.3173827789119,9.37544508523598,5.09269554710441,6.25135883175096,9.87319954164017,13.8196092831296
"TCGA-BH-A0BR-01A",6.22775591947036,6.28540221886225,5.19699629004767,5.15078025522851,2.66802344103951,10.34688007062,5.74113891396908,7.21235450377689,9.59218081108268,15.1163826419289
"TCGA-BH-A0HY-01A",4.75781282637393,4.64385618977472,4.13768752926453,4.74148530827692,1.97896288740179,8.3393067380477,4.31800397667101,5.70916949552343,9.40666513888597,14.5650500287267
"TCGA-BH-A42U-01A",7.7681721710197,7.94836723158468,5.69897437830462,10.1611926722944,3.13507096648899,9.72924480466235,7.35177255827053,7.06516991503113,10.3903590023756,15.2818679261804
"TCGA-A8-A08T-01A",5.88318192201388,6.18982455888002,4.64682155067848,7.56498096964972,1.94284875769436,9.56096119367614,5.8986460038684,6.58011436562588,9.05593616135667,14.0159245530284
"TCGA-A7-A13H-01A",7.66620071219479,7.93663793900257,5.62577469434815,7.52806474852264,2.82510843947108,10.8131588919699,7.48496993899549,7.53950808248698,9.48473653377416,14.4767099319075
"TCGA-A2-A0CW-01A",6.67115785773027,7.22881869049588,4.873683217918,5.86479252212445,2.96931690483648,9.89920988701771,5.60260731530616,6.47696579593979,8.61538036905506,13.4424370733356
"TCGA-AN-A041-01A",5.19801139752505,3.58496250072116,4.19569270148485,5.84941472116417,2.15360233631199,9.85187727320886,6.08998595747636,6.55833269635508,9.91233644888481,15.1116781132035
"TCGA-AC-A3W5-01A",7.65885837657889,7.91288933622996,5.99140526596774,8.66073008783842,3.0827222622215,10.6669908497798,7.5992710460606,6.81781475838335,9.86189558624871,15.3000934094384
"TCGA-A2-A0D0-01A",6.47232125274024,7.10852445677817,5.34119606134865,5.3538538689554,3.68127063477383,8.93984601261402,6.54305687358377,6.31416434223179,7.63517067973699,11.7650412867623
"TCGA-EW-A1PA-01A",6.39921515835554,6.8703647195834,4.76876928616584,8.79928019178256,3.33797509825277,8.88547438821391,5.70916941160339,6.3404167212785,9.3759588018081,13.3612143052088
"TCGA-E9-A227-01A",7.60241400483158,8.61838550225861,6.62235287417893,8.02679557549455,3.84708906109435,10.6059863244745,8.63029086522448,7.17283656696645,10.3057216122814,14.844749281295
"TCGA-E9-A2JS-01A",5.43879235590502,4.95419631038687,4.45761475750745,4.50082286262967,2.06579712145801,9.62345859213587,4.32342288002216,5.6822928577362,8.52678358925081,14.3162027596193
"TCGA-C8-A1HM-01A",7.81830918250715,9.54689445988764,7.51199471732378,8.42697180335266,5.43039090057732,10.5112309106636,6.15624337904157,6.05079752080357,7.80521221370206,11.8772470592673
"TCGA-OL-A5DA-01A",6.35450158641409,7.467605550083,4.77380815489886,5.85841440323232,2.41493255530172,8.14955008761225,4.6537176079992,6.37286520950653,8.48111635051736,13.7020613738752
"TCGA-A8-A08L-01A",7.59869617252417,7.88264304936184,6.13652224090596,7.70356619294507,4.8926439021625,10.4796521143408,7.15100335764787,6.59645402268782,9.29491101576245,13.7992873423913
"TCGA-AR-A24N-01A",6.05768459001978,6.32192809488736,5.14928385582443,7.85841016935734,3.27661369381826,9.71460861591484,4.53456570056761,6.37289340129711,9.13014583036511,14.5983262079822
"TCGA-E2-A14Q-01A",6.51784881954755,7.54689445988764,4.8904680339118,6.84768241560488,4.50004527009389,8.55292606506581,6.09123506671666,7.1631367812316,9.53395347609833,14.0564600329208
"TCGA-AN-A0FK-01A",4.58644695961278,4.75488750216347,3.68115280088715,5.71883056408724,2.19339194147886,8.3105067791633,4.35439203489526,6.17358320549512,8.9779293571818,13.8766143010961
"TCGA-E2-A154-01A",3.46879321832247,6.59991284218713,2.58566807926566,4.05993993293899,1.27495904310455,8.41875958885612,2.0993649593574,6.33666709374139,8.03327537443616,13.9656159192507
"TCGA-5T-A9QA-01A",3.32083106179412,3.90689059560852,3.00864823166681,3.66229361960453,0.884601949631354,7.95184854859613,2.93754203695781,5.48551297391611,7.2812298197588,10.2755548968104
"TCGA-AR-A5QQ-01A",8.01985817518603,8.09275714091985,6.6015028614963,9.91806523245773,3.95652238075982,10.6192755987875,7.81526564455653,7.31511280452531,8.6759895780509,13.943372792595
"TCGA-AC-A3YJ-01A",4.76889019860772,6.20945336562895,3.83033603282424,5.06803766820211,2.14717744224865,9.37720220084379,5.5981389078749,6.12722851111858,8.49333017916688,11.8431553767957
"TCGA-A8-A07L-01A",4.61374853694819,3.70043971814109,3.99791536970796,5.38777219502147,1.93648163704121,8.94055597327771,4.23817383023514,5.68353093677589,8.872155395958,14.3601123362729
"TCGA-A2-A0YF-01A",5.62020365398753,5.12928301694497,4.38212723416376,6.10733880918621,2.07024675510081,10.4550688700885,6.39118144630801,7.62413016501105,9.85647363277607,12.9676962002744
"TCGA-E9-A1N8-01A",4.79535984641447,4.90689059560852,4.6849900136834,3.632604025467,1.72672264890213,8.53692896418757,3.55158383318586,5.27119996125468,7.51912686888402,12.4606649256944
"TCGA-BH-A0H6-01A",4.27493305770097,4.4594316186373,4.01359541893101,4.61006091836168,1.98632459853348,8.30999818724755,3.85021430128688,6.56976626713038,9.0183605582941,14.981860470975
"TCGA-A8-A09A-01A",6.23253787605764,7.467605550083,5.13779074437021,6.20084944274674,2.52100382164528,9.59177575659341,6.42324480683586,6.58714844612889,9.25321889631703,14.5387088352316
"TCGA-A8-A0AD-01A",4.43668098854346,4.32192809488736,3.59796346929075,4.02619741135277,1.09848781992393,9.64900862553461,3.17424706504101,6.37690936897832,8.63170369515026,14.7068830215705
"TCGA-D8-A27V-01A",7.11852336483781,7.57742882803575,5.99711465934621,6.09015504541608,3.37791726562316,9.46039749809464,7.3183848615661,7.18522301457047,10.4465496675773,14.9755317296886
"TCGA-GM-A2DD-01A",8.41385529347237,8.38370429247405,5.81019427883042,8.58855293953861,3.21463256665915,10.8940916520336,7.757508984432,6.97651873013688,9.43404727090822,14.4469217775676
"TCGA-A2-A0T4-01A",6.06438346753758,7.53138146051631,5.08446379318971,6.61458611567688,2.57028030302763,9.77864359886281,6.71897831462348,7.29368563122758,9.76458914143071,14.8762766460569
"TCGA-E9-A2JT-01A",9.2409203656589,9.61838550225861,7.18623515068003,13.4633209005527,4.58696629498203,9.48406331578247,6.87169186715514,6.27003915076403,8.93814991644701,12.024274043574
"TCGA-BH-A203-01A",7.27788333205887,7.4262647547021,5.69419457681468,8.16136625938322,3.46215269882701,10.9150520465438,7.06830772819379,7.06532197581979,9.10437751804339,13.9761532551927
"TCGA-D8-A1JL-01A",8.50146562549464,8.67595703294175,7.57031945199841,7.90285944567599,5.34185683488598,11.8340686178356,6.37359851770285,7.00075096938419,9.95496866831997,14.6663431689338
"TCGA-B6-A1KF-01A",2.51841395210335,1.58496250072116,2.7519060808329,3.36702043156843,1.64670964203793,8.33495975993708,1.73312394865637,5.30752115829885,8.84507057201504,12.7462767736678
"TCGA-AN-A03X-01A",3.799334755886,5.20945336562895,3.554113334522,3.43117594201618,1.28740100229841,8.4616622205002,2.08434326480466,6.80067363968634,8.42138129551554,15.2792808810019
"TCGA-BH-A18M-01A",5.90054463272253,6.35755200461808,5.16922104577815,6.11805060767215,2.91464124079807,9.22598364414666,5.11861465562653,7.575966526767,9.91698264788728,15.3948822747011
"TCGA-EW-A2FV-01A",7.36465893465525,8.00562454919388,6.17733167099129,8.78305092983708,4.67511251129185,10.2474222494247,7.14309431315746,6.95333081951466,10.3911880853018,14.2464646911867
"TCGA-BH-A1FJ-01A",4.43874211520281,4.08746284125034,3.53156240585598,4.83071761019177,1.92958894276715,8.82497251866368,2.85849284330056,7.61365456635076,9.40897511545046,13.43152893074
"TCGA-AN-A0XR-01A",4.23409928853691,2.32192809488736,2.3830968078871,3.75641519680893,1.36560156295072,9.03603872823445,4.54493969169538,6.24452217479226,7.94065296001666,13.653356741589
"TCGA-BH-A18R-01A",6.68345911152209,6.5077946401987,4.9025106726693,7.97324534267248,2.68220467262397,10.0254476761964,7.88096935169942,7.09770882509325,9.0662884384365,14.102035231292
"TCGA-EW-A1OW-01A",5.33709414670932,5.28540221886225,4.80840675574265,6.98709410108571,3.34382079206111,9.4633611440869,6.2352567690303,5.84290347600276,8.96884341142976,14.1460023479969
"TCGA-LL-A5YM-01A",4.58986939851042,6.12928301694497,4.54403817466138,4.99639986643513,1.75452170156919,8.16450260641385,3.69384496548835,6.42646989285137,8.45573904610578,12.8718159954929
"TCGA-AO-A0J6-01A",7.32498825240869,8.57742882803575,6.73763467976301,5.79533771862804,5.67727792568731,11.1439313220123,5.78134261236383,6.751976095568,8.1604722247776,12.882096633948
"TCGA-AC-A2FO-01A",7.94384360530312,8.32192809488736,5.99027375603052,10.2437388944538,4.11483357529055,9.84248714804403,7.56260300866858,7.50762064668864,9.9579807365114,14.6710560103474
"TCGA-E2-A1IH-01A",8.23656925111844,8.86108690599539,6.52334426708736,10.8351052172537,3.34604262977711,10.995189383554,7.91139959243052,7.37994416552169,10.3061224042295,15.1229870252079
"TCGA-AR-A1AX-01A",8.88163860184058,9.27379559921426,7.02018730981097,11.3321766464775,5.09391772035415,10.2349994596301,6.94168234130275,7.10452315574756,9.62523523201335,14.1910831303409
"TCGA-A8-A099-01A",5.65792625782054,5.04439411935845,4.26439112682634,4.72440122802714,1.91748125036058,9.03970758831285,5.84175307845724,5.89085500777603,8.8937265737933,13.6358813489427
"TCGA-LL-A5YN-01A",8.78861978624832,8.95710204156229,5.97786037304252,10.7088778506185,3.19904553783352,9.62859923608881,8.20539048531937,6.22358621497293,7.92859869065312,13.2794079903662
"TCGA-EW-A1J1-01A",7.11196140096868,8.40514146313634,5.913916987436,7.86947679849875,4.356078413719,10.1984191368333,6.93134984365008,6.52954133354696,8.73226648407724,13.2758320683823
"TCGA-E2-A1LG-01A",6.67762641995152,9.04712391211403,6.18087527903505,7.39354669664876,2.3086416274787,9.21931224681991,7.48198910963232,6.10042061011066,8.27451781229531,10.8574761174793
"TCGA-AR-A1AR-01A",8.31680268644431,8.2667865406949,6.76276412838648,8.25291058193135,4.32344263476717,12.7075685837895,8.46409337289509,7.52480742741151,9.99447718006348,14.3094330764546
"TCGA-E2-A107-01A",5.79554721083986,7.06608919045777,4.14658538708895,5.22823577302963,1.97896288740179,8.29197336241404,5.62678863116008,6.47633567238298,9.12279363289466,13.0082817344471
"TCGA-EW-A1P6-01A",4.82007166720331,5.12928301694497,4.10872242738698,8.05654303904478,1.59715691439899,8.3594222290696,3.92894073568352,5.58501552897341,8.01365252372427,13.3985905414987
"TCGA-C8-A27B-01A",7.4461268718836,10.9715435539508,6.7289228905422,7.63867501703895,4.02141321314939,12.1516410000422,9.3727783769973,7.22464172389312,8.69515721504358,12.4428500127536
"TCGA-GM-A2DL-01A",5.49457923529247,4.75488750216347,3.94271774110518,4.94428670943733,2.24945985429068,9.56640007442756,7.33015566087464,7.01421544715083,9.22996068844069,14.8954223113637
"TCGA-A7-A56D-01A",4.80964786608124,5.7279204545632,3.77322278716343,5.61865137594529,0.875,8.5220567828336,5.02437445270229,5.79614387989685,7.1994908769527,14.5024138397235
"TCGA-AC-A3OD-01A",7.75583750408587,7.67948009950545,6.97874834675495,7.49168611507072,4.82642480147557,11.0589022961509,7.5597103643076,7.22781410774032,9.20380270223387,13.2726898078031
"TCGA-AO-A03P-01A",5.38327540922428,4.58496250072116,4.24490823514243,6.11923818440503,2.70583390067272,9.00597151027631,4.26837918677381,6.14691899461042,9.11148261266444,13.552164133982
"TCGA-D8-A1JH-01A",7.2170251469221,7.31288295528436,6.29620958749312,8.06626929717146,3.92764415612636,10.7735521617772,7.99402166925827,8.02470757045988,10.6718712532653,15.6068911384306
"TCGA-A1-A0SD-01A",6.32002754332603,5.58496250072116,5.0355312571661,6.90624704315261,2.78605419334914,9.79664401051073,6.14512830731663,7.97699570785306,10.1456740700496,14.847089908732
"TCGA-AO-A1KO-01A",6.02289766671918,7.36632221424582,6.17885029379488,6.87111647326495,3.11244819643689,9.11633425518985,5.57471184781812,6.84468132095064,10.0133584794911,13.9122247459275
"TCGA-A2-A0SU-01A",6.22415924324736,7.13955135239879,4.62594973780457,6.36693814213817,2.49297317192571,8.71416329303245,7.33426609283805,5.87935585034478,9.68527072965672,14.3417397111228
"TCGA-AC-A3EH-01A",5.08002488318801,5.7279204545632,4.04984496951349,3.94548625309751,1.86931998087498,8.48012161345803,5.66873030479781,6.03144315952619,8.87983769527408,14.8490129196074
"TCGA-E2-A14O-01A",4.64975579127636,5.16992500144231,4.13680649464511,4.95364003116679,2.10172264890213,9.40932262559666,4.95059419514756,6.53017870352116,7.8706884885065,13.5587072837429
"TCGA-BH-A0DS-01A",5.99929130548586,7.04439411935845,5.63509962296755,7.61101374552228,2.33545657467434,9.8288350576865,6.18027388009416,7.00920153062625,9.24027382248583,14.1439217705395
"TCGA-S3-A6ZF-01A",7.13537836571704,7.65821148275179,5.46691516081543,9.32593211398529,3.27003686554783,10.0461363633492,6.98379048214367,6.7848280486664,9.04327469897994,14.1079884235633
"TCGA-A8-A09Z-01A",7.1974444238453,8.23840473932508,5.80787131250343,4.46529779620098,4.14485141394001,9.92920686929995,3.17996968086873,5.14489513653768,8.29893022169203,12.4981061744856
"TCGA-D8-A147-01A",7.70124926003448,7.32192809488736,6.74542332093059,7.2765365998269,3.53580900380748,10.587778804006,6.77288206654982,6.15203979435331,8.02089545919949,13.5728253166347
"TCGA-BH-A0HP-01A",6.1623272323406,6.58496250072116,5.20542482271868,5.7539105190359,3.14287886881477,9.51970940331741,5.43449112357535,6.72619987624277,10.2390146183992,14.7752332217426
"TCGA-OL-A66P-01A",7.63307409863775,9.07146236255662,7.06560911476987,9.52399294882816,5.59509411720213,10.527292148918,6.74782347212691,6.94823670431861,8.5995296325197,13.9321412120051
"TCGA-AQ-A1H3-01A",7.26868079578814,7.96578428466209,5.85650624743916,8.8552673197458,3.31348690888859,9.79597519963339,7.66058933156812,7.8077607187643,10.3002353104397,15.0247496319344
"TCGA-B6-A0RI-01A",5.04345677487519,5.35755200461808,4.05216814904852,4.61740667405639,2.08603128864165,9.26270754808623,5.0687953593145,7.24596958163258,8.5229381853379,15.3780450672967
"TCGA-A2-A0YE-01A",5.46323021195815,4.90689059560852,4.56580483609823,6.62126182184997,2.55944491112363,9.23884095735417,4.18947265859311,5.75652196903919,8.78238988528466,14.1131723603495
"TCGA-BH-A0BC-01A",7.20002709841171,7.85174904141606,5.28215547408844,8.54025474256639,3.31316332904788,10.6780721026052,6.16815464871766,6.95606022522959,10.534438319335,14.9037466405413
"TCGA-B6-A40B-01A",5.30323099141031,5,3.82218022475096,6.26085856298209,1.76935226363151,9.16136628216335,6.62349751645732,7.03923992635512,9.25728920144302,15.4553585254609
"TCGA-E2-A150-01A",6.82693203497789,6.65821148275179,4.74999525965464,6.37182854111362,2.93872187554087,10.5431827635561,6.93880265933951,5.92113973991657,9.08167137733906,13.9351674955848
"TCGA-A8-A0A6-01A",7.40660340902857,8.8008998999203,6.55621022756665,8.85221130434362,4.32262285521813,10.1799069190735,7.33310784043073,6.36852056837465,9.11994157193226,13.4135190907426
"TCGA-AO-A125-01A",2.65725140403562,0,2.94593025231388,2.96745679623334,2.37618484323601,7.17431416174236,2.140686211598,6.41832562613374,8.52384874519929,10.0159348337849
"TCGA-B6-A0I2-01A",7.90009086926185,9.33539035469392,6.99525196480914,8.6402935300119,4.85639485502139,10.3081263910459,5.59389294757392,6.20791581647795,7.73459464909321,11.0376337855995
"TCGA-AN-A049-01A",6.19486055554666,6.32192809488736,4.72378551281226,6.93193839222234,2.29216789340926,9.62489838587734,5.90996808789963,7.1900981823737,9.11582881208978,14.6329127492117
"TCGA-E9-A1RA-01A",6.0073687649816,6.10852445677817,5.78568063244113,8.05441187578674,1.88460194963135,9.21864400648846,6.18474330796757,6.86431088749999,8.78398079142891,14.2196477132519
"TCGA-A1-A0SF-01A",7.1131533419058,8.00562454919388,5.851391807662,7.92235206222765,2.76886963247542,8.57783012142813,7.12261207798226,6.18862099893635,9.1911034356061,14.2219016039769
"TCGA-A8-A079-01A",5.30744282726842,5.58496250072116,3.74698817125644,7.61834254874007,2.21652092820792,9.64149530271405,4.75648643329521,6.70581897407479,8.17832366862387,13.1679721828855
"TCGA-S3-AA17-01A",8.62321144281854,8.35755200461808,7.18130026988354,10.5656459489095,4.7515582308238,10.896071889148,6.92796572244671,6.3810643898555,8.90229158270189,13.1404370080591
"TCGA-BH-A0BA-01A",6.81341613685256,7.44294349584873,4.88552324675064,8.76197361373277,2.77958586672865,9.63604911818685,6.31801915606393,7.12130896805841,10.3321135467567,14.3617309973132
"TCGA-A2-A0D3-01A",6.71395349935091,7.29462074889163,4.56746762358635,8.31311437639757,2.828625544576,9.03527926586241,5.69842043933201,6.20562299196253,8.62283376272377,13.0181702126104
"TCGA-C8-A132-01A",7.7026207330589,8.68999797141945,6.14864964324037,9.28650463785595,3.93446698225567,10.1951590047858,7.94023582178747,6.76357175158953,9.52235861545299,15.2913006741904
"TCGA-PE-A5DE-01A",8.40914265708119,10.3297963382207,7.5181491505817,10.2638459498185,5.72262057453387,10.1715799087298,7.7421006573148,7.3153186722065,9.40252996278657,13.4218461475778
"TCGA-B6-A0X4-01A",2.4897929437454,1,3.05599502275816,2.71103829885253,1.37215999043749,6.48057810288712,3.49108537460098,5.86351028413891,7.29766213856752,11.0123966729997
"TCGA-LQ-A4E4-01A",4.42779830341416,6.14974711950468,3.63339161371706,3.75187215411737,1.59008397335319,7.93737286910647,3.44264929681426,6.4612025507848,8.48895007100419,13.0761162053276
"TCGA-A7-A4SD-01A",7.28282912582537,7.40087943628218,5.9341277492896,7.80961224827437,3.41430908481108,9.48860913600928,4.73798214255979,5.75609988732227,7.63085925157295,13.9949594066058
"TCGA-A7-A425-01A",5.96206872348337,6.4594316186373,5.19839699607374,6.54423137112906,3.1681294903693,10.0375925995049,6.55392096544239,7.4386181675249,9.69730707553125,14.9112797592867
"TCGA-AO-A03R-01A",6.54637914305468,7.57742882803575,4.88772211802018,7.98311492268151,3.23682483985317,8.42376550418034,5.99606603683727,6.07985394746394,8.69846644819236,12.502454851432
"TCGA-AR-A24U-01A",8.21140408278836,7.59245703726808,6.65362235367431,10.6749821974738,4.14753053584645,11.5043663668504,7.11096442890134,7.93599574310551,9.52313278891284,14.1061081455756
"TCGA-AN-A0FV-01A",3.71017030801647,0,2.63908270355154,3.63964948881989,1.80691590253807,9.60356864953184,3.68295788698146,6.30070371838427,8.62569616570187,15.0539645984501
"TCGA-AC-A3W6-01A",7.76688972894353,8.30833903013941,5.95221355041587,7.56829118034371,3.2817647914768,9.87099617890981,6.8429388224578,6.55385494270798,10.1763053205147,15.7873828177261
"TCGA-BH-A0HK-01A",5.23869359290387,4.32192809488736,4.50586645465437,6.45559851734813,2.84508593320918,8.25845585489315,4.77792209759071,7.44355213665543,9.95073630036049,13.6248519824434
"TCGA-AR-A2LK-01A",5.51897721881659,6.3037807481771,4.35720518239619,5.9394524398648,1.97099718770049,10.4245156190424,4.84439237250206,6.93083521014806,8.8168529512956,14.2056291704065
"TCGA-D8-A73X-01A",5.63283860389113,5.95419631038687,4.17546151179958,5.63654768484324,2.29619966828483,9.36812082513076,6.43819357824637,6.80952112845978,8.82886340171888,15.1879458502429
"TCGA-BH-A0H5-01A",9.57841386755368,10.5859014496908,8.28149672129325,12.1857851313102,6.04304238816777,11.0377648483087,9.13484260109776,7.56349955152701,9.28065438183009,14.1746515678316
"TCGA-A8-A09R-01A",6.66787315681464,7.48381577726426,5.34472537076241,6.19160259394174,3.76557546247955,10.5456451164803,4.75126199086123,7.69157283512602,8.9951734153566,15.1983634803273
"TCGA-A7-A13D-01B",5.57564782966167,4.8073549220576,4.56847864669472,6.33451023297743,4.87535974272269,8.66760126635069,5.2531069441325,6.62019233823397,7.79367108300963,12.4961598317189
"TCGA-A8-A09V-01A",5.03494270838438,3.70043971814109,3.48488974440224,5.73244932953342,2.53124912652141,8.314497162853,3.52418603020238,7.59831342970975,9.31995740622581,14.7190362384836
"TCGA-A7-A13D-01A",3.82223773339023,3.24792751344359,3.46631170977693,5.08454381073706,1.99386655643692,9.44805013342513,3.32941453494991,6.1536401594106,9.17176008819348,14.1699578372983
"TCGA-D8-A1X8-01A",6.31719707900567,6.59991284218713,5.25580837135895,6.41608900550966,3.84392348570013,10.1045716067719,6.35098308866371,7.46888313165735,10.2572338783763,14.4518267377964
"TCGA-E2-A14P-01A",6.77128993468278,6.8703647195834,5.44596339392137,8.77454916079435,3.30586124326972,9.83161000039215,6.29232200380884,6.19232355667587,8.40374066595006,12.9346061878726
"TCGA-AN-A04A-01A",5.02552325252186,6.7279204545632,4.29114845347595,5.07978846830232,2.47840543137795,9.25251925314005,5.29798284265602,6.40277935703825,9.60286678465268,15.820973536148
"TCGA-C8-A27A-01A",5.89594652065592,5.64385618977472,4.00151669769769,7.89026305667237,2.26515121455116,9.64390508783572,3.45120854517721,7.1627744149779,9.02607475229946,13.2289072735943
"TCGA-A2-A25D-01A",8.25529081190816,9.04712391211403,6.51415825248933,9.4202959352644,4.20098059926194,10.5374932279522,6.35537367432722,6.28210151751776,10.1383062983583,13.4750950602587
"TCGA-A8-A085-01A",2.76625314951951,2.32192809488736,1.86348487419406,3.39509936878433,2.15189422153495,8.59007706537779,3.0337128171739,7.29660392855874,9.82428066524459,15.038996432164
"TCGA-E9-A1RG-01A",5.7395396527383,8.51963625284321,4.64520043216834,6.80478593209961,2.12296327408242,8.9185946777208,6.64410374988415,6.27106044721129,8.16479477011666,14.1703484995016
"TCGA-BH-A0W3-01A",4.40840599747338,3.32192809488736,3.03970069429045,3.38721233594419,1.90493116993991,8.39947272513189,3.77986752825503,6.40522354738675,7.68736395270941,11.8200585201732
"TCGA-AC-A8OQ-01A",7.4771187177098,7.69348695749933,6.10865870057884,10.2989575426956,3.04574624384677,9.79177720316722,5.92963689343298,6.28831237962884,9.74139616730247,14.1730767181068
"TCGA-AC-A23C-01A",7.23389479128986,8.01680828768655,5.99821940127712,7.79531953592307,3.35848458897097,10.4784865903841,6.48366276359562,7.31822519168201,9.3905423848924,14.6358885280445
"TCGA-D8-A27M-01A",8.35132205705873,8.55842071326866,7.3486442788391,11.8918672270487,4.41434295407217,11.1479699015853,7.54115526382057,7.12151099279847,9.40000766610035,14.753994933944
"TCGA-OL-A66L-01A",6.40342969026811,7.63662462054365,5.84838195784978,7.7975752749495,1.79295026721822,9.10186801618342,6.13513460425834,7.04630505871347,9.42490346709092,14.7822176290087
"TCGA-A2-A0YL-01A",6.76902209658409,8.06608919045777,5.53249536066183,7.19961520426407,3.53792856058818,9.55844143236557,6.51325153578222,7.33314321249163,10.2018049971266,15.2329971315089
"TCGA-D8-A1JU-01A",6.68546380156996,7.88874324889826,6.09591525559836,6.83544766701972,2.88972377448352,10.2536132622725,6.82182587988107,7.33439974956223,10.5642351501209,16.160083110605
"TCGA-C8-A1HE-01A",5.58586956283697,6.39231742277876,4.43224800116611,6.58604216028016,2.90880730636755,9.54943097948243,5.81763596816482,7.41691131612228,9.54518428054216,13.734746055042
"TCGA-EW-A2FR-01A",6.70740153014108,7.21916852046216,5.53105886937414,7.02886401140439,3.26953371358151,10.3719244429214,5.37917972860542,6.81067936075275,10.0374067273219,16.6531573377308
"TCGA-PE-A5DD-01A",6.60898608794256,7.95419631038687,5.15930301191264,7.79851973495102,1.99459239313239,8.51249018282073,4.09663896931608,6.15136554749771,9.97238548360093,13.9811525824875
"TCGA-E9-A1NH-01A",5.58568407004923,6.35755200461808,4.50644288889173,6.37036574351019,1.86052131488855,9.54215379005411,6.18584107845608,6.54189864967288,9.62476707144185,14.9935231594801
"TCGA-A7-A26I-01B",5.72546421495415,5.12928301694497,4.21746332550628,5.24609223280491,2.65279836473514,9.72452910807333,2.66713583593451,5.82367823541829,8.36675541864045,13.9649146304081
"TCGA-AO-A0JF-01A",6.37745456516322,7.86418614465428,5.60485801449217,5.94577881458541,2.83813232460247,10.0940090526579,7.83595844093946,7.72270444005417,10.7568025289695,15.1610993313808
"TCGA-A2-A04R-01A",3.74455661961325,3,3.67201192477178,4.4509184562352,1.97709795992232,7.65824523348871,3.75152478311291,7.07214924525913,9.05150104566093,14.2975308561802
"TCGA-E2-A1IL-01A",4.5725290472894,4.4594316186373,4.40752724415228,4.92077243340069,3.38501972714212,8.22380934910238,3.63124164352743,6.77618703918943,9.15611243064961,14.2800792778177
"TCGA-A8-A07C-01A",7.58392505009172,7.72109918870718,6.82047701585283,9.34534794605741,5.28811906820541,10.7922442666679,5.82149165549638,5.86018567569593,9.28010994370865,13.1283828852225
"TCGA-AC-A2FM-01A",5.27989614079053,5.28540221886225,4.22867869073045,4.94477096256532,2.69608358667256,8.42294058062633,3.97643085148566,7.37548653383993,9.51025952580759,13.2928150826233
"TCGA-A2-A25A-01A",7.79508634072465,8.7714894695006,6.48976972665807,8.32152609551293,4.04574073897398,10.6441687977465,7.87604206077871,7.94185576092285,11.7706975652679,15.9164735806858
"TCGA-EW-A1PB-01A",8.13767872653694,8.96866679319521,6.89250161975022,5.85142566752993,4.8830928645681,11.9740869652113,7.06145812021307,7.62698006871983,7.82876351379171,12.8828698313376
"TCGA-BH-A0HQ-01A",4.32702912694007,4,3.45669791940492,4.94495029817866,2.58724396379068,8.66381202397684,5.45507003394211,6.56080752333787,8.86748085903171,14.8611187064035
"TCGA-E2-A1AZ-01A",7.13884439181262,7.08746284125034,5.46277848610977,7.59134551273608,3.24673388769937,9.57008832773319,5.27380169268883,5.52828409658456,8.72011286224106,13.5904828958254
"TCGA-EW-A6SA-01A",3.91066055741379,4,3.56898008796886,4.2127475418802,1.49427453879836,7.28629314448285,3.2875787955149,5.79673215888857,8.65994723112582,11.8008774095269
"TCGA-A8-A090-01A",5.76794982489667,6.10852445677817,5.15279517591353,6.70779379189398,2.97627124220808,10.538323895322,4.61712122275703,7.09485891195283,8.99236539392911,13.9674362051966
"TCGA-AO-A12B-01A",4.55051192181817,5.04439411935845,3.72022322454634,5.46802916855159,1.18036793698109,7.88520788569962,4.00620866839789,6.54205616507217,8.27991703388746,11.7899715938406
"TCGA-LL-A73Y-01A",8.07285604127181,8.29001884693262,5.92635841457799,9.65119824966137,2.98709106891811,9.67326798836637,8.57750338798213,6.70006342137219,10.2769793829964,14.701812323655
"TCGA-AR-A1AM-01A",6.93072993810137,7.70735913208088,5.38424628889006,7.82952591285307,2.49339753957928,9.52259616485471,6.64830134719529,6.73991077215681,9.41485012899717,14.8194199521566
"TCGA-GM-A5PX-01A",5.84956422835384,6.75488750216347,4.89326513829225,5.49910271427357,2.04619966828483,8.57263402575896,5.83894517720243,6.38837604440819,9.96953789455003,14.7178716157177
"TCGA-D8-A73W-01A",5.8078193560194,5.55458885167764,4.92955087786897,6.1699238592099,3.49177896428775,10.0163510859057,4.1184648142693,7.05829711446283,9.6827842455184,14.5146332935024
"TCGA-E2-A14W-01A",2.72492119957231,6.2667865406949,2.60233813563566,2.83824425066086,1.26093285515629,7.71395168711247,2.44804171818886,5.0675724978645,6.66430139241515,12.7513715993381
"TCGA-E2-A15O-01A",5.9882300112144,3.4594316186373,4.25396997408588,5.39570643857693,1.07866957750995,9.19550006401152,6.08964467717114,7.43116316161585,8.39997935197374,12.5620145782077
"TCGA-S3-A6ZH-01A",5.87508246471995,7.98299357469431,5.01635652896419,6.72437802633251,3.03775287924929,9.34209744185886,6.74574166950511,6.70003434108887,8.73151662546672,13.1777727472118
"TCGA-E2-A15F-01A",5.71993618574012,5.8073549220576,3.84282282850083,8.99141884810861,2.14553480478765,8.90813548218783,5.4554087159071,6.9408580454129,8.66205425257598,13.2631230706126
"TCGA-E2-A158-01A",5.6241268755287,5,5.230374567953,5.47218506949284,2.95819127907914,8.00532784820169,4.59012405864632,5.64128083048648,8.18283218281877,12.0195093948834
"TCGA-A7-A0DB-01A",5.10221341016222,5.02236781302845,4.57226193786836,5.13437758701475,2.73747930777659,10.2603471507713,6.47815828562131,6.76509566138465,9.03862626336382,14.2612537849959
"TCGA-E2-A156-01A",2.61963563928274,1.58496250072116,1.58618397263029,2.42134029317356,1.4988516348942,7.40734454999977,4.10817368497409,4.94327129876478,7.36452148081985,10.6852706716266
"TCGA-E2-A152-01A",5.33941686556744,5.16992500144231,4.5279206935307,4.55426946800419,2.01356555709727,9.63966936904519,3.21680287854149,6.10172528425504,8.79370621191966,15.1092101348556
"TCGA-AN-A0XN-01A",5.69156340266229,5.35755200461808,3.90649141425919,4.23302422909909,2.34888263933962,10.8572027478139,5.11628434089124,6.01257653187129,9.16467786581501,15.4863510587516
"TCGA-E9-A1R0-01A",7.07715121943381,7.53915881110803,6.63567019226365,9.9036326255553,3.72619823437407,9.30144665186877,6.81027402958009,8.25941222805857,10.4360402925277,15.1490924372535
"TCGA-AN-A0FN-01A",8.40808471441169,8.29462074889163,6.27728844341798,10.7286459551395,3.89088617583115,10.3997181038021,7.87967638132113,7.36612822317439,11.2748614143497,16.1479312192106
"TCGA-B6-A0RH-01A",5.64773021588432,6.32192809488736,4.46313655524388,6.22157300135815,2.46508397335319,9.76678587620554,4.19599983452169,6.69546411922187,9.1459466584915,15.1997899255688
"TCGA-A2-A1G4-01A",6.16917840947524,6.52356195605701,4.41906334839747,9.63439326700685,2.14015121455116,9.62438053961287,4.94481549820912,7.67450458674785,9.15799508567142,12.3582059466013
"TCGA-E2-A106-01A",4.13204663088312,4.24792751344359,3.25098105473371,4.75235260965882,1.53283526779527,7.32012406142358,3.77507055670715,6.70992131311159,8.69527695959732,13.3000245079602
"TCGA-BH-A0C1-01B",6.92382886138674,8.01680828768655,6.31585735355506,6.31947022880656,3.44495294422219,9.23499234117347,6.43654797966512,6.79826016573661,9.89767679072507,14.9993221362557
"TCGA-BH-A1FU-01A",6.95371557611425,6.37503943134692,5.65912924325939,9.40424779677391,3.31454834916591,9.52070628802396,7.00137784179359,6.15807675884562,10.0153852830509,15.0835829741044
"TCGA-AC-A5EH-01A",5.79673436963241,5.7279204545632,4.34808963193445,3.79559842412492,1.9359172019009,9.99807900708943,3.97026614798041,6.72741554275095,8.6456300614842,15.0737617056017
"TCGA-AQ-A1H2-01A",5.49216082306498,7.22881869049588,3.95841073991827,4.24685091699093,2.26332036755561,9.85005535468223,3.25801406020407,6.38039777051511,8.50950437085528,13.1426179576343
"TCGA-A1-A0SE-01A",5.80394463885378,7.467605550083,4.46505215180319,6.48797012716453,2.79295026721822,8.4584751993622,6.03970417948065,7.41667183594012,9.61338382042861,15.2159635679845
"TCGA-AR-A1AT-01A",6.86432445582234,7.49185309632967,5.82465964213306,8.32055229683401,3.88097424884349,10.1297401641525,6.73856218983209,6.22864090167891,9.15388671464516,13.0118628739496
"TCGA-D8-A27P-01A",4.61441955364988,5.58496250072116,3.9937705516039,5.10787446409248,1.85112052186491,8.38578809739734,5.0104373645587,6.61253088359345,8.74959965048626,14.4414184911636
"TCGA-E9-A3Q9-01A",5.74927864453606,7.15987133677839,6.35504694353556,8.10183458271407,3.04913714109963,9.70665474498535,4.01052195247405,7.58109742681527,9.5095739962389,11.9183055776428
"TCGA-AC-A2QI-01A",6.86869488246159,7.62935662007961,5.61711907142996,8.73613081536093,2.77511711361,9.62965941664195,5.68925300478663,6.45846233027907,9.94315551016173,15.1628860971153
"TCGA-E9-A1NI-01A",4.4275959611545,3.90689059560852,3.01790467778067,3.98766711873078,1.43648163704121,9.05326184227304,4.59491722414322,6.34821327445201,8.63636298436574,14.3899915175955
"TCGA-E9-A1RF-01A",7.34318645020673,8.467605550083,6.43232013304037,6.30726631655241,3.40510892250597,10.9482795643322,6.76520324978953,6.4695286204341,9.33915753061379,14.9102537125778
"TCGA-AO-A129-01A",7.67531951780729,8.33091687811462,6.61669978425853,10.3703144924741,5.22307918371196,10.0587310580493,6.42785745532166,6.25721263277849,9.22843120351876,13.9014629749322
"TCGA-B6-A0RQ-01A",4.75152050179718,6.02236781302845,4.67771839849189,5.92078651408064,1.70264201415933,9.01106621081443,4.79687100394209,6.22422923575411,9.64579117926507,14.1643003892635
"TCGA-A2-A0CX-01A",6.67021474042675,6.39231742277876,4.61160740237741,5.19356150066671,2.2845609927359,10.3090044721475,4.63021723786591,6.85247579331526,9.06458966175616,14.8736487163221
"TCGA-AR-A0TZ-01A",5.41235486666477,5.49185309632967,3.73997597856368,4.88896795015107,2.30804428715079,9.58513087985424,4.65070738586851,7.74806917734427,9.09663626415921,14.5366794902903
"TCGA-A8-A086-01A",4.67163173740933,3.90689059560852,4.08324130909935,4.88485767718782,1.74115730107962,9.57087577539481,3.71157895335613,6.60483592038537,8.9426501698576,15.603342698834
"TCGA-E9-A3HO-01A",7.50236625305894,7.09803208296053,6.0166398051371,7.14498646538579,3.1375062692371,8.88182960613907,6.67310406304533,6.13766801788504,9.30901575880981,12.9446787820048
"TCGA-E9-A249-01A",6.29203617771924,6.4757334309664,5.52896470527022,6.9877809227942,3.52954973793356,10.1450063644148,5.23754932519753,6.66503753509857,8.5224651995707,13.3469315719618
"TCGA-AC-A6IW-01A",8.17957374319415,9.89026427702111,5.80852460893218,8.82993522128286,3.83329691427504,12.0699539776611,9.11364393112574,6.37552921034167,8.49254791089484,11.9209525943086
"TCGA-AC-A3TN-01A",5.4080488859941,6,4.6457088007793,4.31136522464425,2.95718138051688,8.18949452792299,5.1003045887117,6.82444440676416,8.67568652180502,14.1121540597817
"TCGA-EW-A1P0-01A",6.11219705385983,6.06608919045777,4.22948104470229,5.76204997792829,1.89553480478765,9.90479014605466,4.91732557856481,5.89536750648441,8.09257247214255,13.1373408087066
"TCGA-E2-A10B-01A",6.64148120605205,7.4178525148859,5.54180406708843,7.2983968270054,2.5233307814162,9.81867521101553,6.39070333698045,7.83051766309327,9.37625425549663,14.7943300293941
"TCGA-B6-A40C-01A",6.8888057007576,6.96578428466209,5.64045419611145,7.20122739466807,2.83790008132489,9.61449753545642,5.70871407859961,7.64337324840412,9.8371009322543,15.5238366050156
"TCGA-A2-A0CP-01A",5.08777925543628,5.35755200461808,3.82356503438176,6.19466591460061,1.71641487887813,8.01153576731914,4.40063446199194,5.67895252646543,9.20592909457514,15.0398257768411
"TCGA-E2-A2P6-01A",5.7153705787759,5.90689059560852,4.33344769480745,6.13337273667081,2.88027388252486,9.42913931887207,4.26721913936457,7.21026314887589,9.70388264771619,13.3945217495464
"TCGA-XX-A899-01A",8.18114670674683,8.64385618977473,6.11566321589734,10.7434635223738,4.15328943710312,10.2486009377571,8.10636120526476,7.99371040123744,10.1253498763201,14.9144067857359
"TCGA-E9-A1N5-01A",6.67914992185393,7.79441586635011,5.96658819718854,5.40852049144791,2.93293580708606,9.55661153579386,6.60136827846876,6.8483180821653,9.11034026896533,14.4271469772663
"TCGA-PL-A8LX-01A",3.90740311354437,4,4.39842745051974,3.78682532219151,2.09619099414591,8.60785698580234,3.49409065592874,5.85035824164509,9.10850156560068,12.0979090766871
"TCGA-A2-A3XZ-01A",8.75041246800936,7.95419631038687,6.25012878831811,11.3928182458431,3.674699815129,9.92361799188551,9.1464761322509,7.44690890761124,9.06144978302654,13.8884559230029
"TCGA-A2-A0EU-01A",5.33466322234435,5.93073733756289,5.35051200581119,5.01619879107162,1.95548202372184,8.69650227773877,5.87253584763869,7.13365454113529,8.99598530664103,14.0620942774866
"TCGA-E9-A295-01A",5.92737813475131,6.97727992349992,4.62366494886494,5.21756588598475,2.09436093777043,8.44657904800141,7.16511238883324,7.16298827868511,9.52570673589918,14.6880550895786
"TCGA-S3-AA15-01A",7.41095366985353,7.91886323727459,5.62675858257311,11.7995421930663,3.95621315818393,10.135588862744,6.46737467669204,7.00699915710699,9.44845781536788,14.3880994728597
"TCGA-C8-A26W-01A",7.91739940787932,9.00562454919388,6.4845378227886,9.58159207840955,3.62125515930538,10.1711691032373,6.23134778726575,7.64478253847031,9.70706726585806,14.6354556853511
"TCGA-E9-A245-01A",4.60543626517975,6.44294349584873,3.96935215217482,6.51895062485179,3.57332382517222,7.81302149069566,4.82466916135217,6.76363357664707,8.48524790990223,12.4600465834587
"TCGA-AO-A0JJ-01A",7.4814343430895,8.83289001416474,5.86362141651169,9.51723385065177,3.19894120639866,10.0193509317828,7.25513441909678,7.88700522353721,10.0928060738454,14.983632593045
"TCGA-BH-A1FR-01A",5.62798214693385,6.61470984411521,3.9701245052618,7.82343101063825,1.91898818018462,8.77840176119553,4.57809750287618,5.94714168157607,9.09918368318616,12.5641652305332
"TCGA-BH-A0HO-01A",5.51572849687943,6.12928301694497,4.74567434065135,5.95167445895685,2.6697197709653,10.2643959893281,5.20034191072173,7.32746734684963,9.42836304179179,13.8481032600529
"TCGA-C8-A12O-01A",6.34017782471324,7.02236781302845,5.67350556814537,7.06586178540314,3.19452711904178,10.5524668479411,5.31231811819217,7.10620294146519,9.28335973106064,15.46147841928
"TCGA-BH-A18F-01A",6.8943654110624,7.69348695749933,5.27346278534022,8.34444826121702,2.70337314862142,9.20854531897722,6.85884942080546,7.20638634064887,9.90915310917921,14.7587540649872
"TCGA-E2-A573-01A",7.94105266348674,7.85798099512757,6.52941678551583,9.37857006318797,4.38843211400578,10.3113449443779,7.82757642512094,6.23160946886794,8.80035402945323,13.3386106555331
"TCGA-A2-A4S1-01A",4.79587426676267,5.95419631038687,5.12630396786482,3.26647525006131,3.09463864779446,10.1580597474135,4.33708387934661,5.3451766027723,8.60699270893901,15.1743465844906
"TCGA-AR-A0TV-01A",6.98114163089916,7.74819284958946,5.44790461054395,7.41964090766631,4.23846283819326,10.5020596301061,6.40567650089663,6.25114930837089,8.38500289919865,12.134622833847
"TCGA-EW-A1PF-01A",6.71888948460603,6.6724253419715,4.72291737129653,8.62508942311738,2.95807413917238,9.85402220620823,6.52245840037675,7.36294326987708,10.1360753140299,15.3501122927061
"TCGA-AN-A04D-01A",4.71239544925798,6.79441586635011,3.59174097859652,5.34798470437379,2.20102463219589,7.98695737402426,4.15789430607919,5.65624681687007,8.94716745826266,11.9030493429149
"TCGA-BH-A1ET-01A",6.51978038914026,7.467605550083,5.33405433018692,7.5219092992551,3.15518094921891,9.77590166876519,6.50119686310727,7.15780305120946,10.5863335279218,14.9088683294792
"TCGA-BH-A0E2-01A",5.99608339690093,7.27612440527424,5.34940223603746,5.82363910303136,2.81449423457282,8.63832601769282,5.43730687839362,7.09603024901929,8.77595954448888,14.8591314119404
"TCGA-AO-A12D-01A",7.67918387660821,7.06608919045777,6.01822350151184,7.90033441334728,4.4868562214949,10.5580816176129,5.35123306890482,6.76225461900758,8.88900277913566,14.3444114235178
"TCGA-E2-A3DX-01A",8.47098177732341,9.72451385311995,7.21776532811557,11.1742067354289,4.69107138503852,10.4402155435158,7.46765045016018,7.87866692156369,10.3011684419781,15.6450822812548
"TCGA-A2-A0EM-01A",4.73099591689803,5.95419631038687,3.55152722907735,5.01981742982086,2.07115778411451,9.08561055568015,6.55688941469059,6.94289045996215,9.06233935693986,15.0785042962459
"TCGA-A2-A04U-01A",4.40887688574173,4.70043971814109,4.06318460491705,4.86891923298178,1.72307935569469,7.90255129637808,2.71351011194617,5.37026007320667,7.95879458498523,13.226550449009
"TCGA-BH-A18J-01A",4.94090583951856,4,3.00823619142342,4.70615377178333,2.50676194006884,9.37736338038819,3.56712427041595,6.8522920859488,9.36318759250816,14.8208808502368
"TCGA-AO-A126-01A",5.972911670599,6.4262647547021,4.18415390394722,4.40687581601731,2.10172264890213,8.87236204931815,4.70219565831576,6.43742871425933,9.74857747318051,15.4745000358222
"TCGA-BH-A18H-01A",7.832405118658,9.78463484555752,6.03231536999442,9.57380400484739,3.92735694137829,9.60873349220033,6.57059665317052,6.93009608706509,9.13839172847893,13.2984792937923
"TCGA-BH-A0HX-01A",5.88394754148698,5.55458885167764,4.66075042490779,6.39046263195678,2.32764201415933,9.26137186731554,5.70833301946778,7.058148758418,9.6969997466648,14.1796506976612
"TCGA-AO-A0JA-01A",6.36828104543957,5.8073549220576,4.55237176299561,6.26947103522827,2.62907029487514,10.1748236571782,5.5136912141197,7.11169234455323,9.35413202394044,15.1944447970061
"TCGA-BH-A202-01A",7.20914018232274,8,6.41690335262781,6.11210791879633,4.23739911494874,11.0573432683316,5.1931585106047,7.22781649513548,9.79332811924893,14.3860069239894
"TCGA-5L-AAT0-01A",6.78320583448105,7.76818432477693,5.19850129668378,7.81226531446207,3.15893373339007,8.72851342205997,5.90241895194339,6.82903966255558,8.63784510994816,14.4490093003856
"TCGA-BH-A201-01A",5.06678046207743,5.64385618977472,4.36032697322525,6.26607827098601,2.89863652358626,9.57626500585282,4.80596991750218,7.47271335480432,9.96945910167005,15.6577785883855
"TCGA-WT-AB41-01A",7.7158033689027,8.46352437327118,5.5419353846299,9.05520348421691,2.05947459376383,9.55487979102971,7.26844180312043,6.60564060746943,7.06499655102966,12.4297640340517
"TCGA-EW-A1J6-01A",7.12548688009448,7.06608919045777,5.56618901942539,8.03094866161736,3.77206488948812,10.2603505712161,6.31843953783572,6.76289518199592,8.91502746362754,11.9919085491478
"TCGA-BH-A0RX-01A",7.63605181259875,8.79116288855502,6.7944123905744,10.2197742057708,5.13034468647041,10.78732124303,6.83950715151245,6.30672198067785,9.83173984138398,14.3292757524055
"TCGA-AR-A5QP-01A",6.07346074240563,7.39231742277876,4.97222528364622,7.37495718130508,2.27403660180885,8.79940766175839,6.1874698359006,7.06588223253502,9.24530577384674,15.1862761300143
"TCGA-AR-A24V-01A",5.56649416782224,5.93073733756289,4.45555087933887,5.1972397356293,2.41073848533784,10.9115358661211,3.74858897686877,7.73812018500073,9.18665074783299,16.2232550339097
"TCGA-D8-A140-01A",6.95399803516377,6.79441586635011,5.12228098856269,9.22709448200751,2.89375249256866,9.83230968250519,5.01137498405707,6.27233350629133,9.16516359349521,13.5792470590234
"TCGA-E9-A1NE-01A",9.01704238891195,10.7159619902551,8.50627837885607,10.4614613134381,6.87087514440696,11.0583687709902,7.79209291373559,7.77292880403402,10.0251892370372,14.5368399765659
"TCGA-C8-A12P-01A",6.06549923523371,5.88264304936184,4.42875458853265,6.90515692279029,2.87668169200668,10.6416167497868,4.06274480383066,5.83631464394381,9.01996826668095,14.8219304044186
"TCGA-Z7-A8R6-01A",5.72809047089924,5.4594316186373,4.11182118423581,4.93974636886652,2.11052131488855,9.15940402785749,5.38798610083375,6.54694399271206,8.49364519205032,13.9974418723785
"TCGA-AN-A0XV-01A",7.04180934247153,6.93073733756289,5.69198332530903,8.64033059699365,3.2974719687874,9.3088814835053,7.00248368725917,6.96216114479734,10.3617866078472,14.7565262827403
"TCGA-EW-A1OV-01A",8.58563603816214,9.23840473932508,6.93701269699699,11.3135915120436,4.83285425358665,10.729384519794,7.00431057224723,6.27346606742956,9.04429968963273,12.984341169024
"TCGA-A2-A1FX-01A",6.50278443658621,7.38370429247405,5.16970001702484,5.36671588723844,2.5162257776305,9.98160302186698,4.83553818663629,7.61978552332704,9.99080105937928,14.4975986490976
"TCGA-AR-A2LO-01A",7.39467979637432,8.0389189892923,5.62924534064743,9.11516766699984,3.31540121157317,9.46917473596615,6.92979140616718,7.43310623962595,9.24015180959909,14.1440455016311
"TCGA-E2-A105-01A",5.26204540024723,4.64385618977472,4.23879853377913,5.37030661718427,2.13659464261498,9.11676771616789,4.45791443292948,6.55133035539101,8.74935035540389,13.390589220559
"TCGA-A7-A26I-01A",6.23027750592112,4.39231742277876,4.51933092112181,6.6250468678444,3.97304037810814,11.0922568324564,4.70262188563141,7.20888877295967,9.58000199026644,15.7334401022972
"TCGA-E9-A5FK-01A",8.40960533204104,9.63481105017172,6.52288476350067,10.0755844173595,3.434355833878,9.56343440370824,7.17427061864494,6.61385197330754,9.4684203602363,14.019646559394
"TCGA-A8-A07B-01A",4.03082253035143,3.32192809488736,2.79017559156021,3.0950080484542,1.91177374295258,8.33468188273724,3.89932052881264,5.12300642124979,7.48136527793568,13.0577598221945
"TCGA-A2-A04T-01A",7.6148398597333,10.3442959079158,5.82870278103552,7.78165363227918,4.6014267907403,10.0665536075169,8.13700464069458,6.09986280258192,8.52868240628125,13.4259679578118
"TCGA-EW-A1PE-01A",7.22985021465913,7.96578428466209,5.74896384104832,8.15841913400186,4.71934646377464,11.0177128481086,5.72661173945159,7.94281987956196,10.1046789085953,14.5851094822912
"TCGA-D8-A1XW-01A",7.45481527954689,6.97727992349992,5.23304134183859,6.19239839042931,3.19299603159402,11.6879043179304,6.13376203228206,6.69078269540018,10.042792893958,14.01189594488
"TCGA-AR-A0TP-01A",4.28774724213996,8.77478705960117,2.62794420588772,3.45507106070708,2.53903725222847,8.7032392089514,4.13598059814317,5.61233010111999,8.46125150726764,13.0460609915274
"TCGA-C8-A26V-01A",5.95373618246292,6.79441586635011,5.60616667613409,5.33208740180433,4.68169234843895,10.7629586049901,5.92141327114156,7.21505394493215,9.13488982235779,14.7185940390657
"TCGA-AO-A0J4-01A",8.61720515062451,8.39660478118186,7.34199213506457,11.2304296237024,5.04542094720084,10.3219070953555,8.42328360028494,6.86563631059343,9.84586228390367,14.8004520614453
"TCGA-A8-A08X-01A",6.50717258960051,6.18982455888002,5.06745676031621,9.10997603448714,2.79813484671524,10.0095037735527,5.42441957353545,5.63506205789186,8.65213237952969,14.8253059554894
"TCGA-AC-A2FE-01A",8.58520588417557,9.7632123668144,6.97194988917378,7.53555226314443,3.64726267559652,10.8952967707654,7.90464126938323,7.89499800630865,9.9647813467784,15.2175506102822
"TCGA-A7-A4SC-01A",6.21673963413617,6.94251450533924,5.53451253160093,7.26324809131384,2.87668169200668,8.67325290359798,5.82117589157957,6.87262948235811,9.68811125526125,14.2966521089577
"TCGA-OL-A66N-01A",6.53071371863344,7.876516946565,5.08201430460393,8.88612771889861,1.91096404744368,8.65527348842598,7.08572152392125,6.65914949379071,9.4873911120206,14.8928447160643
"TCGA-A2-A0CM-01A",7.57199943840855,8.50382573799575,7.04635659087567,7.75385153181399,3.84814044481566,10.4319558611783,5.71870506065688,6.20329050461827,8.71296147723182,13.8075485403698
"TCGA-D8-A1X5-01A",5.38137760753046,5.93073733756289,4.20247624081761,6.21770867979525,1.45621315818393,10.2065313946191,4.07639309137257,6.47737653099304,8.31348037604746,14.1617160252544
"TCGA-BH-A0EB-01A",6.7922900174126,7.51569983828404,5.03595137981147,7.17840799540184,3.98399830965745,10.2839195339375,7.50658466046064,6.39991771530568,9.90231729285699,14.5845837589839
"TCGA-AN-A0AR-01A",5.26784820605286,5.08746284125034,4.00245385608863,5.25510296700237,0.823120312590145,9.35506869375939,4.17656802823324,5.86104858531115,8.45628697789064,12.2737029717623
"TCGA-B6-A0WW-01A",4.41268045788216,4.58496250072116,3.05169340604314,4.01318920675541,1.74060156295072,8.45926499669545,3.55635450127993,5.51777858014557,8.55258104541876,13.8427521989958
"TCGA-E2-A1L8-01A",6.18550751170025,6.83289001416474,5.29212541989436,7.08258040977936,2.95718138051688,9.82096450424507,8.07884236724453,6.84972226470158,9.77597462262783,14.4745964791008
"TCGA-EW-A1P1-01A",6.8578630648253,7.4178525148859,5.98308315909429,5.80483291735495,3.07707757901902,10.2371042069751,6.90474650884888,7.28348833920722,10.7371377941541,15.1537483703372
"TCGA-E2-A2P5-01A",6.32416040450136,6.76818432477693,4.23526348143613,5.0369926981109,2.43094998228499,8.462807069416,5.20619436331513,5.61360078177385,9.43261168935363,14.4367374610703
"TCGA-E2-A576-01A",5.89383289897006,6.2667865406949,4.34663966335954,6.65654300864831,1.46184914437499,8.05570254733836,5.20867317756235,5.79450530401372,8.1738576527858,13.1442063831626
"TCGA-A7-A0DB-01C",4.29680178901513,2.58496250072116,3.04997629877961,2.79033213440048,2.75721856476842,8.33261659853284,3.77168748275032,5.15970216664183,6.66274490138096,12.0517009158629
"TCGA-AC-A23G-01A",5.04149221450664,6.08746284125034,4.20141505949766,4.62267196153944,2.0405928888118,9.04011286056205,6.1982214433659,6.026527312766,9.54765251156023,15.5461004307088
"TCGA-BH-A0BP-01A",4.97139900259264,5.20945336562895,4.51687859404056,6.07335428666475,2.16524101186092,9.06550855772657,4.51496002603211,6.60577676741959,9.53964717643449,14.4184797712885
"TCGA-A2-A3XS-01A",7.57899211030493,9.08746284125034,5.84540926620284,9.38466613250146,3.70204224309648,9.69587249767582,6.65916742656145,6.63161419063714,9.77167364665119,14.2453242645133
"TCGA-EW-A1PD-01A",5.06687055890632,5.70043971814109,4.93527134555221,5.45378742595489,2.71653397293867,9.37075259518287,5.95320820720513,7.12783022593195,10.5522407575551,15.1500516511089
"TCGA-AC-A3OD-01B",6.88076440009803,6.55458885167764,6.18205102923392,7.13991335139745,4.0745334462745,9.21812352526324,5.44919245306461,5.61174734037235,7.35325465843801,11.2711930646585
"TCGA-BH-A0DK-01A",7.72943048673275,8.51175265376738,6.44033031080888,9.46656253194294,4.30043471056842,9.98817861472581,7.42040599107477,7.60797332041298,10.1121317634214,14.7478288722205
"TCGA-E9-A1ND-01A",7.835852149123,8.29920801838728,6.40100864989166,7.08637395630318,4.44947464579137,11.5337605864254,6.26980339623118,7.56315611957659,8.55228183752772,13.2176629080651
"TCGA-E2-A109-01A",6.3920564685865,5.16992500144231,4.17018192435245,7.97538336709332,2.71073485975311,9.59948142225878,4.25225452319801,6.11310017681063,9.17926105700859,14.2565493489731
"TCGA-AN-A03Y-01A",6.94390166103745,7.54689445988764,5.21801332799688,7.35469365787536,3.81979534840676,9.15476116199079,5.61040611461503,6.89455520228109,8.66228762534447,13.3436161533596
"TCGA-A2-A4RX-01A",6.88840129222658,6.37503943134692,5.77834625791102,9.71577551192636,2.92718753142678,8.47056553942179,7.04585619533924,6.20575367155368,8.99875846846359,14.6809443189575
"TCGA-A8-A06R-01A",6.5409790071804,5.75488750216347,4.14898550482236,7.70375314079578,3.30899114845521,10.473610817989,4.69194115990227,6.21018328139533,9.75932436243589,15.1344103295819
"TCGA-AR-A0TX-01A",8.20779032997703,8.19475685442225,6.98688816888611,9.37683741671401,5.23101304030802,10.7965270226772,8.2986125642734,7.24145637924763,9.58315195254662,14.1663916874482
"TCGA-E9-A3QA-01A",8.86357577636508,9.00281501560705,6.81489503492702,11.1463849210314,5.47229262378202,11.3158399665272,9.00443338015441,6.81683470442134,8.74570479864288,13.9042058723239
"TCGA-GM-A2DA-01A",6.98283220120087,7.82654848729092,5.07095621458262,7.96472225686878,2.51846024097131,8.16003999988398,4.92142699744723,5.14560007191705,8.42995166678461,13.5503238847501
"TCGA-AR-A0TR-01A",6.58055877011692,6.68650052718322,4.19273234865868,9.14266937100112,3.22448543727172,8.21263657037913,5.91474260868108,7.28217335240402,8.20314085389981,11.3507688905832
"TCGA-OL-A5D6-01A",5.83913442175831,5.39231742277876,4.1615989782944,6.68704425754115,2.10690722839915,9.81158344257028,5.35959208733583,6.44754790862684,9.51102310004343,14.7365627841653
"TCGA-A2-A0YG-01A",5.68275234297191,4.58496250072116,4.24150267797438,6.01911218310551,2.17841410551687,9.705961906168,5.45599777476296,6.61803791400175,8.92937169584741,13.5128005388228
"TCGA-EW-A1IZ-01A",8.66973249609802,10.3750394313469,7.76072435544045,11.5890231642247,6.35085048045245,10.0724248575615,7.37216454854551,6.26285310553768,9.11070997965866,12.569696826095
"TCGA-C8-A3M8-01A",5.19203050301723,5.28540221886225,4.27628168709896,6.04277476302382,2.58715488654505,9.1301644533555,4.39602132888068,6.84201231730176,10.5648683459696,14.4751095301068
"TCGA-BH-A0AW-01A",7.90381304100826,8.17492568250068,6.47476498718754,8.43040704719083,4.51002693355504,10.3900398032654,7.25667557132184,6.45209880351405,9.19974929448528,13.8642424818765
"TCGA-E9-A5FL-01A",5.0365173649368,4.16992500144231,3.92587445518304,5.09795829392678,1.58603128864165,8.96120265983905,6.61501537436127,6.70972467115293,8.13858802157166,13.3443405753097
"TCGA-BH-A0EE-01A",6.52816300444414,6.10852445677817,5.9519900631956,7.97027062485222,3.53785172106054,9.30937292936501,5.44915972613276,7.05422421980172,8.35438488439902,11.189492702436
"TCGA-A7-A6VY-01A",7.68326098292135,7.06608919045777,6.02426563858362,8.4226260089679,3.07048145963534,10.8793344315192,7.50596445380433,6.60600078694461,8.48678947524096,14.8978158190819
"TCGA-A2-A25F-01A",10.3875797268696,10.4439795426013,8.42180602406738,11.9607969490865,5.75486998863314,13.137420946121,9.8781250846157,7.9832573577296,10.4888044713179,15.0581101505139
"TCGA-E2-A15D-01A",6.38589410329017,7.20945336562895,5.42987972024131,7.92359339595023,2.2346605166904,9.18064399189294,5.63414473418692,7.02978173403609,9.81440681427098,13.6600460723262
"TCGA-OL-A5D7-01A",7.78070691107942,8.09803208296053,5.48373974407836,9.51739650028327,3.25500911921048,10.0750495509627,5.79560877255812,5.25259340318929,7.45893111261894,12.0946238959951
"TCGA-AQ-A04J-01A",8.68651775445018,8.82017896241519,6.45067804692609,11.9280493490888,2.91903506943909,10.4682038508455,8.37398125285094,6.96972412559461,10.6519289158109,14.3118373499902
"TCGA-E9-A1N9-01A",6.4424648175169,7,4.85123660375146,6.86527956163704,3.10002697873251,8.63071267760799,6.40996562989806,5.51601769099922,9.29906083587372,13.8572912290937
"TCGA-A8-A0A7-01A",8.91275673550935,10.9505558970475,7.80303590348874,11.7118685032538,4.65571785063872,11.4444156664798,7.15036488246816,6.50384810718032,9.00215959312601,15.0016718694951
"TCGA-AO-A1KR-01A",5.49148744892447,6.71424551766612,4.91773898195869,6.1438234452632,3.20118702471485,7.33320927185745,3.92891161327405,5.20493463962656,7.45398351713615,11.4906579594614
"TCGA-OL-A5RU-01A",7.86369559891456,8.71424551766612,5.83374543234259,10.8886981915813,2.79402051890614,9.21285565496673,7.20096508553247,7.12182991522084,8.92088982974986,13.7110156473462
"TCGA-C8-A12N-01A",5.54323919536637,5.6724253419715,3.34594572254365,4.77356002424258,1.39116037711812,9.43452896330365,6.84257739252782,6.75904006190848,8.9107306790336,15.3329783505445
"TCGA-LL-A5YO-01A",8.9582468462838,9.80251636512122,6.73658007717441,11.4815330115888,4.32743503578642,11.0085756025202,8.43490840859411,6.61040219549764,8.24641709670341,13.5867348661635
"TCGA-A8-A08A-01A",5.71194228485253,5.24792751344359,3.4130461374796,4.6380714774889,2.11434485486773,9.42555034057003,6.34676892664501,6.95180223313321,8.56256637075784,14.5881520091934
"TCGA-D8-A4Z1-01A",6.3948937234273,6.65821148275179,5.46805545108747,8.07233726610818,3.25972909552384,8.78442618237395,5.34102041310821,6.67063596020232,9.62068945216708,14.4340831639855
"TCGA-A2-A1FZ-01A",5.78480736984405,6.39231742277876,4.80921343031552,5.70543355612557,2.00875463305247,9.94846006179724,6.57161313119641,7.54134413727077,9.55647017998428,14.9853611764922
"TCGA-BH-A1FC-01A",7.99766371843844,8.96000193206808,6.70420427461364,9.51898090681995,5.12436046073052,10.6778979621703,5.72622071692412,6.22778489473128,8.25416216582499,13.2300756277294
"TCGA-C8-A12U-01A",6.63812504273898,8.29001884693262,6.01008960606874,7.31316570420823,4.09096305260982,9.24647002269627,5.69995453898298,6.10723491498484,7.9218028879754,11.6008672616247
"TCGA-AR-A1AI-01A",7.97943250476287,8.13955135239879,6.5858961063668,9.08971075009453,4.47419213892452,11.1297785954726,7.52854396363522,5.93633192502638,8.1493914350929,12.5967086490873
"TCGA-B6-A2IU-01A",3.99606295607793,4.58496250072116,3.14200016762675,4.44547232951639,1.29903967784734,6.70540030004248,3.58214243669579,5.67296768261778,8.36254492087482,12.2036573441772
"TCGA-AR-A1AQ-01A",7.52563907036207,8.04984854945056,5.9055698909048,9.97649019954369,4.46141551822559,10.5000298221198,7.64054716099468,6.55736435583748,8.41362254671742,13.3197376820292
"TCGA-A7-A6VW-01A",4.86791237388831,4.95419631038687,4.55631983060789,6.80914752414946,2.67582649190894,10.3403392759909,4.83756652349322,6.74598610509715,7.986386176782,13.4748280292746
"TCGA-A2-A0SW-01A",7.40531125222892,8.74819284958946,6.61497494163658,9.9380657276624,4.09708323785847,10.4918496104555,5.72465103644758,6.39833738182567,8.83581224538441,13.7763216048215
"TCGA-A8-A094-01A",6.60952594387305,6.84549005094437,5.0118942525991,7.72273808616506,3.40225890695773,10.4801158393616,5.52839207399816,5.87890903715112,7.93432209571958,13.3087308201155
"TCGA-A2-A4S3-01A",6.95109283294729,7.08746284125034,5.3583081144214,6.73567839157681,2.56301605514822,9.28798926260905,6.0399205900062,5.84588179272405,7.90691356867319,12.7194943183653
"TCGA-AR-A2LQ-01A",5.36636890961814,5.04439411935845,5.14544984440277,7.12177081927597,2.51364211051359,9.65512701140155,6.32654929888245,6.96143646301527,10.1767397093377,16.0202646801136
"TCGA-C8-A12Z-01A",4.03173914829406,3.32192809488736,3.49091745559508,4.7885273287539,1.8327222622215,7.92714761094209,4.0910954684932,5.68999533292959,8.228863129253,13.812941732992
"TCGA-C8-A133-01A",2.34780894242719,3,3.19154127883632,3.63060877647914,0.964280689708265,7.80399603403231,2.41405323727404,5.95092271401342,8.16530112186906,9.94628639695257
"TCGA-E9-A22B-01A",5.52970879156425,6.10852445677817,5.16106231479516,5.32802045720796,3.17580751607054,9.79694913090042,4.2249136379976,7.48792780063864,10.2141444997817,14.8811098870013
"TCGA-E9-A228-01A",4.81578443379654,4.75488750216347,3.79890574772035,3.4038643235303,2.38525823221725,10.3394612791371,5.43449078392933,7.43432526111449,9.36496688310178,13.4522160006344
"TCGA-E9-A247-01A",5.39296108753362,4.8073549220576,4.2158160634881,6.37741524245467,1.80536793698109,9.12025536200535,5.01490712037047,6.51300886776682,8.87709619927863,14.3586559934159
"TCGA-D8-A1JJ-01A",5.64824815821611,5.88264304936184,4.46952886195076,5.23465063207776,2.55685869526944,10.6432110346574,6.36077100511493,6.73787437829457,8.76113935316294,15.3006055687925
"TCGA-D8-A1XB-01A",4.96054085061983,5.04439411935845,3.67792458512768,5.27884902470084,1.66240100229841,8.43324232376869,5.40227506894821,6.22830093687253,8.59980365649768,15.2431857079713
"TCGA-LL-A9Q3-01A",5.97973148088614,7.08746284125034,4.65981851050951,5.159375765008,1.94528030302763,9.28216716529078,4.97806750158463,5.58727829225433,7.95167379058048,13.8836181739613
"TCGA-B6-A0X5-01A",4.01474847337468,3.32192809488736,2.76285062296151,4.43413238257592,1.51616037711812,8.62156287260136,2.55570057329058,5.58317197644622,7.42436746734499,12.1858516085725
"TCGA-BH-A1FD-01A",5.21683716823063,4.4594316186373,4.27887580308103,4.42346836508722,2.26007096648899,10.2160058659865,4.20199128161541,6.7921154609307,8.89418896455126,14.3696802705951
"TCGA-A8-A09T-01A",2.94863223961094,4,2.3765635426841,2.58970479287611,1.18648163704121,7.90327398792852,2.97162045584768,5.64522375514687,7.21131125251638,13.0212376906498
"TCGA-OL-A66K-01A",4.8921831987616,5.24792751344359,4.11339270041848,5.54457292405546,2.01356555709727,8.30638286049533,3.9233748577076,6.56834938032501,9.08526137891105,14.6824865798921
"TCGA-AC-A2FF-01A",7.94623718699416,8.7714894695006,6.30708010319328,9.87107695087532,3.9121389397284,10.4008770424759,8.10398753738676,7.76483448284222,11.0680008249259,15.4927934404011
"TCGA-E2-A15L-01A",4.32944886660679,2.32192809488736,2.68304635586397,5.16209694518124,1.56347433002484,9.04776997797353,4.58100074787031,6.06516981041511,9.06350101379352,15.1445539103993
"TCGA-E9-A6HE-01A",5.59901390031504,7.10852445677817,5.11729428888946,5.14817102122424,2.04248125036058,9.37082032881388,5.03955978428056,6.56377256116417,8.70024645998538,14.6865653269139
"TCGA-GM-A2DF-01A",7.17853103984598,11.2691266791494,5.26508778278377,10.0880956208596,2.88989487210557,10.2517153821928,8.13893045444492,6.75228001420028,9.12624078860654,13.2485281947028
"TCGA-BH-A0BW-01A",7.51309196648268,6.22881869049588,6.72037327227147,8.40925707766732,5.20313775574685,11.0433904794949,6.11347993515594,5.86913735741321,8.81597485351399,13.209520988452
"TCGA-A2-A25B-01A",6.37606414809811,6.82017896241519,5.15554232052934,6.47212542250406,3.58748383591595,10.1926892998716,4.8471460749839,6.60478072348403,8.66802472289339,13.9525842018799
"TCGA-B6-A0IA-01A",2.65596381097553,3.4594316186373,2.69166959825527,3.44014637609503,1.34766996419058,8.3726879759373,4.08125532177585,6.14202104171726,6.45759070531334,12.4258686509749
"TCGA-A7-A6VV-01A",6.49901341314246,6.39231742277876,5.12196645515194,7.80041342648073,3.27009226007449,10.2644977233104,6.35424154914269,6.58746182546788,9.30201538347445,15.4891732126063
"TCGA-AN-A0FF-01A",6.5686228957075,6.16992500144231,5.64688948449859,7.67797987660367,3.32313131914391,9.92884000992287,6.14986957931538,7.81932615232995,9.46780139428216,13.8925323931595
"TCGA-A2-A3XW-01A",6.88708848233313,7.92481250360578,5.5860287201737,5.35670918825144,2.81698686902706,9.19932280176477,9.01668250219634,8.29754619666037,9.47056618351025,14.9645566865174
"TCGA-A2-A3XT-01A",7.62089745591853,6.89481776330794,4.62608872417761,7.15614827706885,2.42240325593456,11.5695826033299,8.53775952200722,6.78351144263939,9.09960402504514,13.9339453146706
"TCGA-A2-A0ET-01A",6.31933475129335,7.62935662007961,6.15125018003157,6.05083988878101,2.56427761366977,9.46208380563331,6.81292249327525,7.12986084323554,8.96962484781158,11.5568919552731
"TCGA-E9-A5UP-01A",3.86380287244916,2.8073549220576,3.70849936089666,3.5405240182493,2.59302785803196,9.62784050849297,2.47104175719654,6.44284882738353,7.05138900850651,10.2797384549846
"TCGA-D8-A27G-01A",7.44590400044903,8.45532722030456,5.76298172844251,7.7006443243734,3.32940669798295,9.94958675476348,6.72433243023202,6.98721912567529,9.54817895625498,14.8668264260502
"TCGA-A2-A1G0-01A",7.13065146501429,7.8073549220576,5.75340654755746,8.91320019031979,3.32564311155238,9.52683246472993,7.84698797077647,7.64204120846856,9.9639687213475,14.8571194288727
"TCGA-D8-A1Y3-01A",6.04915906845861,7.21916852046216,4.52276414783512,5.61319338296147,2.52895421326287,11.618253050448,4.85779475239805,6.49093870291612,8.17236196615976,13.3670433353516
"TCGA-BH-A5J0-01A",7.31951928771782,7.57742882803575,5.32346877392457,6.58467814822729,1.48263586324942,10.1360939941165,7.76406007721068,6.36913627851947,9.30760603639778,14.8545813619646
"TCGA-E2-A1B1-01A",8.7740070741481,8.29001884693262,6.5884641511897,8.74087162642105,4.31071763909089,11.6971460339498,8.60300606626179,8.40421010503885,10.9781209588439,16.1172524426192
"TCGA-C8-A1HN-01A",5.40209323353258,6.10852445677817,4.44122393322301,4.67002548852546,2.02248863625187,9.97268585362074,4.50817957429735,6.37643792841536,9.11681061304687,13.5028743592147
"TCGA-BH-A0HL-01A",3.67417762288042,1.58496250072116,4.00104511311946,4.38952157017381,1.53740100229841,8.00286155757474,4.26693645397094,6.50233264264686,8.69329762120797,12.6044547908412
"TCGA-B6-A0RT-01A",10.4313917400529,11.3987436919382,8.97341660520238,12.1154674914525,6.76164371760304,11.375698864068,8.26136680586112,7.3566315258647,9.62600778076547,13.8855292475752
"TCGA-C8-A12M-01A",6.0241049656881,5.90689059560852,5.10704020533331,6.57522895253784,2.63626728380953,8.20769384496692,3.55726702295762,5.25276903374362,9.13263812440133,12.0993350725894
"TCGA-AO-A0J8-01A",6.80935793301784,7.13955135239879,5.17493733738156,6.83265759810522,3.52543181737702,10.1029856799508,7.5638854256043,7.65666707100235,9.26772759209721,14.7782906696826
"TCGA-A8-A08J-01A",5.33354436529444,6.12928301694497,4.46095211178118,7.8749115655271,2.75122106115569,10.7430617841476,4.16581188586255,6.71017637415114,8.9680842341124,14.7982220628189
"TCGA-A7-A6VX-01A",5.27856325979359,5.58496250072116,4.0471577854596,4.55130738633282,2.08007298443786,9.07147436956924,5.6948131613001,6.16068591147168,8.71201801497942,14.8429687142373
"TCGA-BH-A0HN-01A",3.28974596248676,2.58496250072116,1.72904111548743,3.44540086297531,0.948120312590145,7.93389096232763,4.52840658029804,6.40177070797179,7.31449924261317,11.5530485408779
"TCGA-A2-A1FW-01A",6.11399270952033,5.93073733756289,5.31006320188261,7.41161549801134,2.36615730107962,9.31518454283608,4.35948831425533,6.86255394219708,8.91950475006221,13.5479199447765
"TCGA-D8-A27K-01A",7.29726042066665,7.29462074889163,5.37828585671645,9.19795342472184,3.2722372003277,9.97796158592995,6.13103770975708,7.10243468976108,9.31745076203438,14.4996689031097
"TCGA-BH-A0BF-01A",8.32730551055611,9.03342300153745,7.20164756170338,9.28942788073372,5.33006858570252,11.3642712973233,6.32913468785692,7.30441218872093,9.37801210449458,15.706903923839
"TCGA-LD-A9QF-01A",8.66138425411634,8.6582114827518,6.52392020806455,9.75121349325067,4.11325148008182,10.9707361680341,8.04690953988781,7.26651287711392,9.69085762328614,15.0492555452207
"TCGA-BH-A0H0-01A",5.81735026334856,5.49185309632967,4.02484695720267,5.8108863718894,2.68476522538211,8.9222493104803,4.75359258549066,6.6648878067905,9.29051389868638,12.0716470044058
"TCGA-BH-A209-01A",9.00275938768879,9.97154355395077,7.69334041817773,11.6558373562042,5.01022199780349,11.6796915911487,8.61445118634198,6.85112124110022,9.23560618264675,13.4535789521877
"TCGA-E2-A14S-01A",6.26807298327594,6.61470984411521,4.78117025443314,6.07468005316135,2.62445985429068,10.0998057856817,5.57274965670871,6.61618145824686,9.50081208946781,12.2270164970771
"TCGA-BH-A0DP-01A",6.1513621605083,7.91886323727459,5.19533512296013,8.14463839854012,2.20740890527018,9.81043565277132,5.71895201721797,6.70053067696993,9.39931792783438,14.9073040946019
"TCGA-W8-A86G-01A",4.76562364332431,5.35755200461808,4.34873961822962,6.09923283994453,2.32959577622049,7.46472033417566,3.60974390340742,6.18462035731477,8.93785816841984,14.3495299255158
"TCGA-A8-A09C-01A",5.18637612712788,4.39231742277876,4.01256818879946,5.12921695462765,1.94402359494464,8.88192341942055,5.96321640664566,6.55219525081021,8.76514751191859,13.9515354990169
"TCGA-E2-A574-01A",4.37649313558606,8.94544383637791,3.81397878852728,4.25058903027764,0.712554964767637,6.83434801767378,4.35745487031855,4.37797461909287,6.8711041515241,11.7135602642111
"TCGA-A8-A084-01A",4.20254504158852,3.8073549220576,3.0055353651739,4.12159910899585,2.33790684171852,9.53603616028553,4.64909374440643,7.53249626275549,7.94607493535119,14.5696727635078
"TCGA-GM-A2DK-01A",6.37145827047829,6.74146698640115,4.92832002184455,7.20375994696456,2.38247614646814,9.47134175281982,5.98393868397934,7.25535072762251,10.0565658221535,13.9452103998865
"TCGA-A8-A09E-01A",4.57691343535593,3.8073549220576,3.8127935051669,5.27599893174664,1.56148163704121,8.8032743092296,3.39979061532303,6.38725395499078,8.39658201472746,13.149325543188
"TCGA-AO-A0J9-01A",7.08386567789494,8.02790599656988,6.31909919161364,6.75364194831838,3.83116912524997,10.7836060932831,6.33335529396772,7.12918657009943,10.3093962241042,14.5959272611264
"TCGA-AO-A03M-01B",8.08174580511405,8.81057163474115,6.06157888193403,9.48609028503731,4.46586768862184,10.9920094887582,7.04349100409705,7.12693434801316,9.58847506265574,14.4274476644057
"TCGA-AO-A12H-01A",3.90059980066223,5.39231742277876,3.68638608239195,3.92404358624772,1.58928068970827,8.87371953725497,2.66287998724999,6.83425135144594,9.38741973570042,12.6706175473872
"TCGA-BH-A1F6-01A",6.57128922880049,11.5646258627954,5.66452214488412,7.26878132377976,3.79440876998834,10.4267606839237,4.45883217898057,6.1361024400195,8.62723039407635,13.61199326829
"TCGA-B6-A0WY-01A",5.96617942595751,7.49185309632967,5.17365322816556,7.14094396926322,2.57844529780426,9.63163510094205,5.99034098862227,6.99957608729204,9.62880757591814,14.8792318152904
"TCGA-A8-A06N-01A",4.72553081734197,3.4594316186373,4.15126850251622,4.66917986150877,3.34468809580138,8.95443642706524,3.54970022050699,7.08667011177298,8.6912206471666,9.79994101586387
"TCGA-BH-A0BL-01A",8.02249454360022,7.54689445988764,6.58489597332521,9.7352439554264,4.65762859825317,11.2597933963793,8.25561745851584,7.25974985315815,10.2412096495656,15.7434959551297
"TCGA-A2-A0EY-01A",7.20985555577841,6.94251450533924,5.25613910829577,8.61704198669374,2.35219166575977,10.5474622291074,7.35602177505254,7.29303466344083,9.16095405158076,13.660590755799
"TCGA-A2-A0T2-01A",5.58397623722859,7.56985560833095,4.45290150500394,4.16398895856246,2.99994241961608,9.27962831983716,3.6823821555598,6.02728206398941,8.90596441139287,14.1763247205311
"TCGA-D8-A27I-01A",7.76390550482788,7.876516946565,6.32480959523219,9.01343381279905,3.53480761130648,10.52820849264,7.98062413359161,8.53877230058307,10.736605945994,16.1244101345192
"TCGA-EW-A6S9-01A",5.50533030372523,4.39231742277876,3.70172521652547,7.40264065203057,1.78740100229841,9.05311646905279,4.22559770438639,6.85587398763678,8.92949095268461,15.2007063865711
"TCGA-D8-A1X6-01A",5.57598702884295,5.49185309632967,4.19988492338701,4.76644488447103,2.00279597662856,11.2174906067525,4.43016380695751,7.43961219782252,8.57882338741072,12.1348534860985
"TCGA-XX-A89A-01A",7.42000583775698,7.05528243550119,6.06331571485505,7.49832410804827,3.09816267432325,10.7001186299598,6.00869269829425,7.44818104752455,9.69242906391795,15.1268275950322
"TCGA-EW-A1IX-01A",6.14043799002328,6.02236781302845,4.51971022845666,6.93034636495951,2.23044106682639,9.13114742332538,6.49586785460927,7.33124419362028,9.52709678717184,15.4911949089084
"TCGA-E9-A5UO-01A",2.57168303383545,1,3.18742206830132,2.04474951361063,1.78084257481164,6.94203832498635,2.16554870691476,6.95056903092751,8.67503571953365,10.5140620200347
"TCGA-E9-A1NC-01A",7.46066434391442,8.82654848729091,6.55520340121195,9.11368673133213,3.25074672688166,9.89191602308612,7.10974165446245,5.96165071134742,8.68901137545637,14.5166589426222
"TCGA-AR-A24H-01A",7.4551123046649,7.57742882803575,6.06197981276603,6.81585287578639,2.88792098203723,10.7700921119105,5.58814055594795,6.37221936106773,8.92494207024082,13.1120809079804
"TCGA-E9-A1N6-01A",5.13351575963059,4.70043971814109,4.18667209151716,4.21378152214555,2.55270058121838,9.98843708770366,4.75688431806054,5.84727907645373,8.67762379611361,14.9652534435665
"TCGA-E2-A1L6-01A",5.95022674018273,6.4093909361377,5.10763549527546,7.87190794895124,2.53870452726303,9.52576350019515,6.30622218840473,7.81699337302523,9.80830636776811,14.4582794715228
"TCGA-E2-A1LB-01A",4.87416160450341,3.90689059560852,3.06219820565689,5.1232455924593,1.22266996419058,9.58569957848699,3.16121938906428,6.13214989351874,8.76304431431413,13.8135344928807
"TCGA-E9-A54Y-01A",4.1887082740173,4.32192809488736,2.86190220704197,7.46667361768418,1.125,7.73742766417717,3.39777847660627,5.19430612447442,6.10674546416712,9.80410839368738
"TCGA-BH-A1ES-01A",3.24382590160139,2,2.15210610925004,4.00722521783203,1.27860233631199,7.2450991615682,3.13911759789597,5.94638996049619,7.07833743640994,13.296650695563
"TCGA-E9-A1R5-01A",4.88460829205178,4.64385618977472,4.08994758571361,5.43869783088618,2.26267515441614,9.55492788374217,5.04373873304966,7.14652497508035,9.1078984915533,15.0305070884958
"TCGA-E2-A15S-01A",4.62872812552393,5.39231742277876,4.62261488857091,4.44303001988575,2.02159250213117,8.43468978509416,4.05696119809244,7.5716322469245,9.19128832499795,13.2148502125978
"TCGA-EW-A3E8-01B",8.63642486853263,8.69348695749933,6.5192147544066,10.8685189090342,3.71180511144104,10.1665957230183,7.3795908385417,7.93174742035406,10.133137041404,14.8106650893416
"TCGA-A8-A07J-01A",5.53785106606887,6.20945336562895,4.83354420137437,5.87755511528627,2.13522703476365,10.6834991667027,6.54266435232105,7.54664193934479,9.59109642401308,14.8235742610155
"TCGA-E2-A1B5-01A",9.61592617338185,10.2082343583398,6.95651754000974,11.5511113653881,4.37295419890286,10.303984559375,8.25787788269314,7.17785916645872,9.98545849440044,13.2929353545335
"TCGA-C8-A26X-01A",7.18106962927696,8.45121111183233,6.2548952999692,9.80455080699911,5.11897853408502,11.0478387196369,7.47398955425293,6.57906954268109,9.89804262252037,14.0415395056872
"TCGA-AC-A6IX-01A",6.67575269481583,6.90689059560852,5.58467691890154,8.50355459114801,3.04372926143216,9.94542149587485,5.97933839339342,8.00839627331878,10.1586467784615,15.0452676171057
"TCGA-AO-A12C-01A",4.4425045899062,4.24792751344359,4.11432839838026,6.05734670841556,1.89752749777127,8.73031078886594,4.16518584573869,5.83210160532434,9.53293305129197,15.3331680615166
"TCGA-E2-A1IF-01A",5.98000647785744,6.4262647547021,4.43842152033493,7.14261729523446,2.75035187695088,8.93500183819375,5.9573114707413,6.90570135442354,9.76883979136285,15.3983848981271
"TCGA-B6-A0RG-01A",3.75859016986635,3.16992500144231,3.09970738718935,4.84227528853892,1.69020005496547,7.91330037209427,5.14620232166304,6.60418052066979,8.36756732918723,13.9712143441111
"TCGA-E2-A14N-01A",6.95591673170538,6.16992500144231,4.60257438400843,7.56852747164492,2.016512254069,9.36998618141973,5.80973473961237,5.09045357720013,7.16884614525683,11.7136773395709
"TCGA-A7-A3RF-01A",3.48221829423253,4.4594316186373,3.77008651749922,3.98419397234738,1.75960194963135,7.9925773529077,3.43293571946817,6.50826646017017,9.04952666971392,13.5804414801585
"TCGA-AR-A5QM-01A",6.29092870186116,7.11894107272351,4.49691268156262,6.79947896492043,2.25676194006884,9.88580449091934,5.90228882401042,7.28924659186651,9.7347999655637,14.6569133238049
"TCGA-E2-A10C-01A",7.47791051479742,7.93663793900257,5.30683995705421,7.99342366695225,2.34306481609749,9.83140975805628,5.10273308755037,6.57224384157858,8.45996308403193,12.0819672177485
"TCGA-AC-A3TM-01A",6.34011024137869,7.8073549220576,4.89014862438401,5.7422585198144,1.66240100229841,8.52707157916268,5.74667939796017,6.3777780543025,8.11477726826199,14.1633090360602
"TCGA-AN-A04C-01A",6.39275286902252,5.8073549220576,4.90334819614477,7.46973059692151,2.42723156436074,9.89320763749982,5.55043464829613,6.25616609447443,9.26281126547456,12.8827837060723
"TCGA-BH-A1F2-01A",4.66028008132454,5.58496250072116,4.9212568474771,4.682880802392,2.04956096474973,10.4985850889843,5.75192343727159,7.8278585921315,9.99381237028752,14.8034715087286
"TCGA-C8-A12W-01A",5.50971703899363,5.8073549220576,4.29351661192004,7.72545302544073,3.0751237475548,9.78666115789905,3.29061289474449,5.66419687543809,8.80397264673361,14.6889023897941
"TCGA-BH-A18N-01A",3.93754062961688,3.16992500144231,4.3118089624873,3.58605025038215,2.81143760410726,8.84834352020982,3.35416030854507,6.26094202364457,9.4480766423744,13.4907328113049
"TCGA-C8-A12K-01A",7.91534199660148,8.96289600533726,7.2112249356556,8.48004290610178,5.97145127933999,12.1659812668132,8.73968357042106,6.92012151143129,8.80317181492386,13.5221771254349
"TCGA-E9-A1N4-01A",7.02623025718871,7.40087943628218,6.12326272036423,8.96407212726355,3.62050482411099,11.9642035729126,6.82331402436962,7.67553612486719,10.1189135042822,15.5744697747534
"TCGA-A7-A13G-01A",3.99027948735024,4.32192809488736,3.04031451329737,3.61567963425818,2.84702199661781,8.71190761346026,6.53496793353404,6.12446859832502,8.49887826601724,13.4996853906723
"TCGA-A7-A13G-01B",5.83716113392983,5.49185309632967,4.17068332868114,6.75755037246526,3.54735482888065,9.05954231844648,6.74614918170611,6.67896410300496,8.8806048557502,13.2245571579582
"TCGA-D8-A1XO-01A",6.40810000797729,6.76818432477693,5.03059319963424,7.71386823869551,2.09096347218409,9.40231583757314,6.40582122052874,7.43365700729656,9.42728110984839,15.0703599906619
"TCGA-BH-A0E6-01A",6.10270302830427,6.68650052718322,5.63009005201674,10.1606861842775,3.29088925186965,9.05752932970107,4.93438071335132,6.05126972231627,8.93535423331758,13.6642326846848
"TCGA-E2-A1II-01A",8.09726356618432,9.78463484555752,6.78707649293572,9.22813112054416,4.34338193971147,10.6864043346513,6.78516783168544,5.93145862852845,7.85086765923611,11.4086692268974
"TCGA-HN-A2NL-01A",7.33635238565572,8.42206476617281,5.79211247052946,8.7019053734875,2.83963256665915,9.57514780883128,6.99520698214208,5.96719266586342,8.51361192186685,12.5555522464705
"TCGA-A8-A07W-01A",5.9126000427769,5.95419631038687,5.07329726036856,5.46074552302704,2.43075617583957,10.3005039193216,5.24122799957168,6.30210516462681,8.61742362776513,14.1454867552976
"TCGA-D8-A1JC-01A",7.04348538800398,7.70043971814109,5.91266864400904,6.87642010027716,3.90077791916905,10.6641668359976,5.0993460734097,7.86662483345026,9.45284206892841,15.0657375346575
"TCGA-AO-A0JC-01A",10.9413231040575,11.2697111211428,8.28325943029465,14.4675614012789,5.12519893799787,10.8944324390149,8.97641918352015,7.67139503453728,9.43797982819113,12.8672374697966
"TCGA-EW-A1P7-01A",8.93849855318929,9.60177078840771,7.27508892592124,13.0006046536536,3.87246278590022,10.2658124648009,9.03239367241801,7.11329181589802,9.74346007826043,14.5433455605358
"TCGA-AC-A3BB-01A",8.13860457519777,9.12670447284319,6.6443627491124,9.9145407631659,3.45767822928754,10.0715390036569,7.77675031486788,7.63971082297832,10.0963568434636,15.4405184334683
"TCGA-BH-A0DX-01A",6.44894928547058,6.53915881110803,4.61459144727345,6.34656463879643,3.07902145446083,10.6971340165766,6.64089050052409,7.19476227784054,10.0651010442331,15.2363692203304
"TCGA-C8-A1HF-01A",7.85226950409433,8.86418614465428,6.59651743215562,8.02176413919439,3.64246382402832,10.8981155587081,5.44767035261579,6.17375229674518,9.20289012290869,15.2803423563601
"TCGA-A8-A07Z-01A",5.16285754806886,5.90689059560852,4.57235659642481,5.12189583588017,2.39816750672863,8.57753675776212,5.73164722309385,6.86107094271363,8.26683062684868,13.2013251617836
"TCGA-B6-A0I6-01A",5.44174252692774,7.96000193206808,4.22367865374615,5.53154921899922,2.19244029346512,9.05580523256233,5.91408434461218,6.1490040052883,8.67158303837985,14.4417084052723
"TCGA-A2-A3XU-01A",3.65086640419347,4.4594316186373,3.41381836447784,4.67782378166657,0.738361324451065,8.93535181770025,3.50501711082149,5.22595801966802,7.29420510871342,11.8639679688718
"TCGA-E9-A54X-01A",2.44001244125295,1.58496250072116,1.93582096934046,2.68121025220074,0.712554964767637,6.03221490184927,2.22247198801967,5.92194600520682,6.27418298959953,9.5949135057992
"TCGA-AN-A0XT-01A",4.51540328301553,4.8073549220576,3.98455938057098,6.90738717474277,2.13991703954627,8.09980039464321,4.76513564185079,6.13401148841467,10.1269029590749,12.7182369809392
"TCGA-C8-A1HJ-01A",6.77009583255013,8.09803208296053,5.76109176688383,8.12774003985207,3.81339501204525,9.10002035656298,5.71440757232919,6.21945814724273,9.73110818317127,12.7134911798583
"TCGA-D8-A1JM-01A",6.80728686060928,8.66888498426625,5.79160652510874,5.9958447725086,2.90584257481164,8.68795323039411,3.31331173027913,6.22907485178886,8.47183035481951,10.1494287546357
"TCGA-C8-A1HL-01A",4.86199851174835,5.04439411935845,3.91342874027037,4.88909547467925,1.99391058937087,9.36832627968426,4.54538425948985,5.87975814848444,9.70613961613837,13.6115078014292
"TCGA-JL-A3YW-01A",7.61917057647871,6.83289001416474,5.34623192966794,7.64168322580226,2.76617295598187,11.368248174377,6.21556263332141,7.23584278311288,9.55511065522415,16.1098348767084
"TCGA-B6-A0I8-01A",3.84066359419055,6.62935662007961,3.4136805515061,4.86355036975713,1.96982995462807,8.66508011727962,3.53584789953718,6.42955208648188,9.42053111793102,14.2468985884072
"TCGA-BH-A1EY-01A",7.22866009549733,6.68650052718322,4.93576758844773,6.75276419433046,3.09043585030408,10.5657414542416,8.23011511014128,6.70581097087866,8.4216258710224,14.5673676369569
"TCGA-AR-A5QN-01A",6.61103825862706,6.88264304936184,5.44288844466777,8.16510850679445,2.99806760551727,9.58931956158375,5.5096520538859,7.56802308282672,10.0235873123143,15.1055398015932
"TCGA-AN-A0AT-01A",7.0747145306208,7.68650052718322,5.85455956529394,8.95404200548426,3.13050523198585,9.92553604652494,6.91222255524333,6.31167413211492,8.44466102976649,13.039938347865
"TCGA-A2-A0T3-01A",5.90655979780376,5.95419631038687,4.60847796284403,6.07083192427393,2.35364953045047,9.02593789106135,4.33562465559554,7.16672663498553,9.61186984102936,13.9122784547212
"TCGA-A2-A0T6-01A",7.51060350452855,7.88874324889826,5.27153680771247,9.66408994052094,3.18547168385418,10.297808148356,7.65873123838612,7.63399881632072,9.96989778717232,15.5865529987798
"TCGA-GM-A3XN-01A",7.34924784035085,7.94836723158468,5.7935341061196,8.46248855486644,2.67087230947939,9.90433702979809,6.55259749025126,7.18397430169299,10.728192165001,15.4079268685331
"TCGA-AC-A62Y-01A",5.84064879985988,6.78135971352466,5.28980656187655,4.532281131316,2.57307627965619,10.2303991691581,5.58677909593186,7.44663082257582,9.0525378019959,13.6215735388448
"TCGA-E2-A15E-01A",4.53349555033946,6.4262647547021,4.23981359647484,5.82381238990812,1.77815092961794,8.81185868234517,4.74224444011359,6.60474465766569,8.84178730035404,14.198358288042
"TCGA-A1-A0SQ-01A",5.25214088176258,5.12928301694497,4.33205583528897,6.31541853240974,3.13695303827685,9.08821323396784,4.58141920853,7.25253622622404,9.38403797253779,12.8860431250703
"TCGA-A8-A0A4-01A",5.62226745547677,5.8073549220576,5.073375335226,5.92559235923788,3.38175324305743,8.64208512720048,5.37113181628112,6.88978608364778,9.31909594857656,14.4947829070661
"TCGA-AC-A7VC-01A",4.0532946258226,3.16992500144231,3.52841616950899,3.19788212655684,1.69635055471556,9.10524878298482,5.59422266611131,6.26509966517845,9.58134289924523,15.8719317428279
"TCGA-A2-A0YD-01A",7.02297594194385,7.33985000288462,5.8265967227922,7.639058893872,3.15184369353372,10.0102168536425,6.96849296615192,8.26106794129015,10.6143526899429,15.6382064619845
"TCGA-EW-A1P3-01A",5.29006461234757,5.4262647547021,3.97491756170875,6.68544067049227,2.33500372529103,8.38102478811548,5.12154853970265,6.82083986287174,9.04856638828098,13.4531750303019
"TCGA-D8-A1XG-01A",3.58172759867351,3.32192809488736,2.80024053580121,3.62137445700153,2.2768325784374,8.87215081288618,5.03489587281803,6.68942341724197,8.10546181913981,14.0142818393711
"TCGA-BH-A0H7-01A",5.88934752545467,6.28540221886225,4.54236016355459,7.09731733122517,2.06372187554087,9.53598981070464,5.07807218773136,6.59916599774463,9.2706328878927,16.2024868310523
"TCGA-A8-A06Z-01A",3.60135313257055,4.16992500144231,3.32331254374323,3.34627187631759,2.41911750029063,9.49646036958799,4.21875511530212,6.44248057158431,9.22037885814421,12.7880383428436
"TCGA-E9-A1RE-01A",5.79236170011175,6.37503943134692,4.78495664425233,6.9849173609721,2.08238799543421,8.58034785648218,4.71912690945338,6.69981460223571,8.88160087319039,13.4171279358412
"TCGA-BH-A0B7-01A",7.79729035489215,8.85174904141606,6.45032870849293,9.99910769214048,3.45567885703652,10.3582131970306,7.56211886515006,7.52368214698874,10.2397488180145,14.6980554606927
"TCGA-B6-A0RN-01A",4.79899583736977,4.85798099512757,3.55098790078582,7.53911877916944,1.97649708679629,7.33323533056042,5.26744770646166,5.81599065862016,8.47998873541668,15.2197359909992
"TCGA-E2-A14U-01A",5.76620614478236,7.01122725542325,4.69910038405184,5.89396982979699,2.79614215373161,8.86602774279707,5.00405132564802,6.72272269137861,9.20351048070856,13.0685692583331
"TCGA-A8-A076-01A",6.13675045053902,5.95419631038687,4.63975645818642,6.95040254503637,2.23836132445106,10.7587997956191,5.2987192839833,7.43746397690998,9.13632315608536,15.0667448542749
"TCGA-BH-A0EA-01A",5.45049738129463,6.56985560833095,4.60917438077333,7.3595678359347,2.57551621099612,9.02174279367937,7.58584108526898,7.41013397935013,9.95500448645775,14.61909094057
"TCGA-BH-A8FZ-01A",7.63807091507158,7.43462822763672,5.52675861282147,9.4507694170514,3.22612287783928,10.2566408129354,8.36706942177433,8.08360186009181,9.71693327126394,14.6861599918842
"TCGA-BH-A0BG-01A",7.8863151485721,8.87344411251538,6.59097815205922,9.74179747210469,4.34860725694467,10.4576006117559,7.06895034958438,5.97249264110933,9.11054694970163,13.6539035553775
"TCGA-B6-A409-01A",6.43718733625917,6.4093909361377,4.54144835168645,6.87178346113567,2.15528511878781,9.53710977152073,6.45149213493431,6.6993087620714,9.33590033780118,14.1632317039265
"TCGA-E9-A248-01A",8.95812299278222,9.2336196767597,7.76736207508963,11.4440521030141,5.38752727918012,11.2184485605515,6.53379755655567,7.0537969040256,8.41282990325434,12.8780436025924
"TCGA-BH-A0AZ-01A",5.62134488534659,6.68650052718322,5.00265525880936,5.99404477603337,2.39346024097131,8.78459875494908,4.82834211463926,6.46305356939048,9.88978136148614,15.8700201046389
"TCGA-BH-A1FH-01A",6.10139043489671,7.21916852046216,5.20039954911885,7.18118577469768,2.65395421326287,9.94917807901429,6.32706504818281,7.98846182797272,10.5319800678846,16.3652271912387
"TCGA-AN-A0FX-01A",5.92405357940357,8.79441586635011,5.84592405168241,7.04750542550522,3.0207225579333,8.95396423473291,5.88875422598604,6.82994230172387,9.76746038376898,14.9747629271222
"TCGA-B6-A0X1-01A",6.4157319128593,7.10852445677817,5.35628294884726,5.82058961558605,3.66098936151312,9.58897802494431,3.7917430644489,5.82991743081385,7.51581723694192,11.4988383747352
"TCGA-BH-A0B3-01A",6.78322876041024,7.01122725542325,5.80717684987679,8.99911186437285,4.27328674848225,10.4332764699338,5.64839661662751,6.30050695958123,8.63568824709649,14.7460491506617
"TCGA-BH-A0HF-01A",6.00024206018566,6.68650052718322,5.24994213579076,7.50249107451792,2.57988225265899,9.79647340688619,7.19177859154792,7.6408030434563,9.84097455033925,15.1600184115458
"TCGA-AN-A0XO-01A",4.18251955499414,3.70043971814109,3.37392741472066,3.57669929301662,2.10021354486456,8.45965367441389,5.14500207601863,7.05056279986854,9.23123642420395,15.4341896802584
"TCGA-A2-A0CZ-01A",6.77359995776038,7.76818432477693,5.58276965515364,7.886987377636,3.08008340926669,9.23826621943739,6.96553519893184,6.67323393130253,9.84105205611314,15.6618173083469
"TCGA-A2-A04N-01A",5.66311129850383,5.4262647547021,3.80546041237677,8.86184333799633,2.16240100229841,8.79164193506052,5.0314427544313,6.12139460982455,9.37140326610717,14.8815119080049
"TCGA-A2-A0SX-01A",8.77197397811351,8.67948009950545,6.62104137399512,10.6922048790374,3.9985539260721,11.1014700753203,8.13871114251412,7.60961643510584,9.38404303944304,14.6990033377863
"TCGA-B6-A0I5-01A",5.63559084312109,6.18982455888002,4.18693118661458,7.07515003311069,1.83405316774644,8.23858970388196,5.46551351309068,6.23598573905282,8.44083426767144,13.5997391894739
"TCGA-GI-A2C9-01A",6.05800329606105,6.89481776330794,4.76467959670799,5.10100338465814,2.45488225265899,10.4647398665554,8.71880031687577,6.51082314491179,8.38830468117338,14.5125589020621
"TCGA-AR-A250-01A",7.05407785879867,6.91886323727459,5.08506608051086,6.99820978084228,3.28602479524176,11.0096788215825,4.5714481826387,7.12919026699135,9.65684790130023,15.6878928650744
"TCGA-EW-A1P5-01A",5.73334080729792,6.02236781302845,5.27184137069028,5.14597800980714,2.79030098943458,10.672854134434,3.97113356352399,7.5314209546232,8.0640359132725,13.9420398855199
"TCGA-E2-A15P-01A",6.02819623449388,6.4594316186373,4.74737733834609,6.79783760156849,2.43332827052738,9.07708964979886,5.52887043956967,6.77100799034469,10.1004478883322,14.6945501032965
"TCGA-EW-A1OY-01A",4.94875841133137,6.28540221886225,3.52023313784796,7.03374353569777,1.45366957750995,8.68083098224927,4.53760496247579,5.34441514485598,8.36520024105062,13.0089314196146
"TCGA-B6-A0RL-01A",3.77283864115638,2.58496250072116,2.99605583991879,4.82351891619064,1.34807935569469,8.02369818560479,3.31809671066879,6.66341247838011,6.54403237317551,9.61309064731321
"TCGA-C8-A130-01A",6.51350866854681,7.22881869049588,5.30421503478947,6.26165969853511,2.56972175653465,9.61542646057532,4.02984959002797,6.09157338221901,10.0547445599065,14.1142069444221
"TCGA-BH-A18P-01A",5.95446826069128,6.64385618977472,4.50478873703903,5.81590167258129,2.93299641433923,9.05704677789149,6.24063647615283,6.46796749799826,8.941927596625,14.2977304170086
"TCGA-AC-A8OS-01A",7.20349691315951,7.68650052718322,6.14489188386942,8.96736781818182,2.79643193623224,9.91080881895411,6.08596323898724,6.99714776320745,10.1974527546175,14.9093627689036
"TCGA-D8-A1J9-01A",5.85989389192867,5.16992500144231,5.20657422906852,5.79928795108969,3.29051872188494,11.0834662569794,4.65068386024257,7.66441072854468,9.54719460272378,14.9585973548357
"TCGA-AR-A256-01A",6.10196198367587,8.96866679319521,5.47002288827402,5.67921110471473,2.33868091864541,10.9153561417903,7.06179091834093,6.42831511275582,8.68016193012862,13.3581799109597
"TCGA-A7-A426-01A",7.24481001637195,8.10328780841202,6.45232613325432,8.93872708614705,4.06901593614201,9.09640721197136,6.14767945886276,7.76769686915,10.6983344594605,15.3525908835543
"TCGA-BH-A1FG-01A",4.71318817610474,5.35755200461808,4.31015731816032,5.32160906519324,2.58724396379068,8.86975003017989,4.03882464068528,5.91683725044269,8.66602019687586,12.9268434536369
"TCGA-BH-A0BJ-01A",6.2045285240274,7.62935662007961,5.11073166798772,7.09406473579697,2.90794361077246,9.54430911588232,6.25597057043237,7.04654592795557,9.90950747355052,14.9544006344981
"TCGA-A7-A3J0-01A",7.07325173719478,7.56224242422107,5.57127094184987,7.72309261388024,3.37083747091921,9.97590053808735,5.27726668595377,7.3420296956165,9.19730936868565,12.5636532663482
"TCGA-E2-A15C-01A",6.33088536142706,6.85798099512757,4.65361321342403,9.68348012619207,2.09299910763252,8.3938470729684,5.20248189425957,6.45977820876185,9.09701820669933,14.2842249002047
"TCGA-E2-A14Z-01A",7.88647973319105,8.23840473932508,5.96631543052739,8.05842703791518,3.90720795450442,10.6565213664579,7.37493827860773,5.99470179528405,9.33307945934904,14.1697651569489
"TCGA-EW-A3U0-01A",9.02232712992399,9.29001884693262,6.99933004139883,11.2328194409649,5.48018175444906,11.2859734928459,8.22625235041631,6.71890511727337,9.67190399661458,14.1983740807037
"TCGA-E2-A10E-01A",6.38228540788198,7.08746284125034,4.96240499477116,6.35529065275375,3.48844296333186,9.49152031214479,6.90598283667977,7.29776022945965,9.26915945665336,14.4203147977516
"TCGA-AR-A0TY-01A",5.4581316284731,4.85798099512757,4.561584209992,8.4045530023468,1.89903660180885,9.02531145381832,4.67530561117841,6.16671431009877,9.2294648971475,13.5447921051605
"TCGA-E2-A1B4-01A",4.83830433202888,4.64385618977472,3.06234902267466,4.34997178966519,1.85724762439095,7.57241093564293,4.62813634017419,6.49434393541725,8.83099460871173,14.5048264948507
"TCGA-A7-A4SE-01A",5.75308417873626,4.70043971814109,4.59210307447661,5.45311822914598,2.28084257481164,9.24428286624021,6.16854674342915,5.38587233868983,9.18640161685897,14.5696112276291
"TCGA-GM-A2DC-01A",5.13206431437665,5.16992500144231,4.69495583189106,6.38428800558461,1.96936093777043,7.59100142903477,4.06292491161151,5.61708856775069,8.53124990692574,12.4957787737952
"TCGA-C8-A1HG-01A",6.42279234460448,8.01122725542325,5.34520986901751,8.0942553539051,3.70403493608011,9.36028400146091,5.29683457500884,5.10896230785763,7.32831021734867,12.7709219177014
"TCGA-E9-A226-01A",5.2219958816999,3.58496250072116,3.30252841394459,4.16783811429644,1.96820929050027,9.21568236136715,4.24831496382534,6.03204507552838,8.65304216223676,15.0580932783638
"TCGA-D8-A1JN-01A",5.67796480578054,6.28540221886225,4.43116985591991,4.6225658866592,2.38080524350091,7.99133030210309,3.70634207930891,5.40806487502482,8.4427755383961,10.2856035394295
"TCGA-BH-A0BO-01A",5.90364606050765,5.61470984411521,4.89623025063424,7.3521945466542,2.89975316418251,9.48450999201633,5.81432980656169,10.1296356633487,10.5409027694269,15.6089520089906
"TCGA-E9-A1R7-01A",4.70908893732371,4.85798099512757,4.20083610599246,5.34181905924432,1.77403660180885,7.61645123935198,4.57201078636868,6.95717074220867,8.68641353635049,12.9620543891601
"TCGA-BH-A0HW-01A",3.52084437209893,2.32192809488736,3.08193057980774,3.52207707184369,1.96652092820792,7.89321360867657,3.66287998724999,6.64737294721096,9.32927739079795,11.9503846032792
"TCGA-D8-A1JB-01A",7.94303485790817,9.62935662007961,6.86204166428557,10.5667429014431,4.70178221658473,9.95861629737,7.01920713786262,6.56642132018315,9.2959800121024,13.5403173650533
"TCGA-E2-A15G-01A",4.44642320535416,5.39231742277876,3.86997259330173,5.97746910349352,2.88314315578524,7.97183505623894,5.21671372707028,6.20413486650106,8.99070418637018,12.5233026769027
"TCGA-D8-A3Z6-01A",5.36076977575109,5.75488750216347,4.01443277560118,6.44078394063397,3.23124435047132,8.83010125484438,3.97518322428524,7.01979972832099,9.85083747763643,14.9682386551661
"TCGA-A2-A4S0-01A",3.7109813540675,3.4594316186373,3.50759704020328,3.27560011650212,1.96936093777043,7.99750017534093,3.80672666022412,6.01353601335765,8.57382476050638,11.4411425337114
"TCGA-A2-A25E-01A",6.37194839399334,6.16992500144231,4.64830482333028,8.42082078427217,2.9169227038676,9.63714530357195,6.03537196765973,6.78871692640667,9.32459060803969,13.6765583299808
"TCGA-E2-A10A-01A",4.69430112155808,3.58496250072116,4.18710471461581,5.26626217582796,2.37252442173277,9.53358872130766,4.54277074940521,7.03402442289426,8.7577678847159,13.78897863391
"TCGA-BH-A0E9-01B",6.68562216230836,8.02236781302845,5.50694607150596,8.30323214117424,3.0828982865206,9.17194060692141,6.79148713222822,7.57544453220715,10.0687893835074,14.2843663307802
"TCGA-OL-A66H-01A",6.30787277655303,6.5077946401987,4.95892754781836,7.18287802762551,2.80218753142678,10.3341627797314,5.51247796385116,7.02434310159899,9.23046596005113,13.5602787625803
"TCGA-AQ-A04L-01B",5.02119193557181,3.70043971814109,3.67919231836619,4.65207264212329,1.41803698848948,8.77896643566712,3.48373703727744,5.94619191888129,8.51050822143768,14.2346795701724
"TCGA-BH-A0WA-01A",6.54002904214304,6.84549005094437,5.70894935167558,6.14073189120558,2.31195065389885,9.97311756588822,7.35430793898443,5.52916331574727,9.2864136040104,14.1094797067641
"TCGA-A2-A25C-01A",7.3218582845622,7.09803208296053,5.37837127796249,8.51341178324719,3.42956194766023,10.4191925312975,6.90210795397047,8.24304216398424,10.1482454739201,15.08515351586
"TCGA-BH-A1EX-01A",7.25356107285075,6.97727992349992,5.61909140867509,8.38005864599621,3.38752507215239,11.5534785130394,6.54172029158941,8.27791150450884,9.60705132462077,14.7668878182075
"TCGA-BH-A0DE-01A",6.36009935743726,7.36632221424582,5.50052857666488,6.49177873705611,3.0017506852665,10.0123900682924,5.98489222462399,7.74601235436359,10.5382823519733,14.3443600735279
"TCGA-BH-A0C3-01A",7.30062051477428,7.22881869049588,6.87531994110142,7.68695124512715,3.5479545999435,10.0913795516816,7.03901568212319,7.74256184303704,10.5286636104592,15.0678678008545
"TCGA-A2-A0T7-01A",6.39835545996194,7.86418614465428,5.10299763308407,6.13259455087643,2.70885752750628,10.3699572470359,5.68281793209929,7.25922816994054,9.62748314267637,15.6250123980737
"TCGA-C8-A12L-01A",5.72083261070856,5.49185309632967,4.70842115265079,6.36916798687303,3.66036427638083,9.91267319802386,6.06865491308865,6.97133183679496,8.48108753153991,13.6051469493455
"TCGA-AN-A0AS-01A",4.8791469383397,5.61470984411521,3.87109040100331,3.41012954531776,2.06246516745788,9.87173100767825,3.48531196273999,6.10667155871627,8.38376018654609,15.3653318198962
"TCGA-BH-A0GY-01A",6.0808816874841,6.06608919045777,4.63548279489975,7.58347483097135,2.42114215373161,10.0073902738111,5.7547913126878,7.38592583696458,8.7780475241839,14.0727144498407
"TCGA-OL-A5S0-01A",6.53094951047495,5.78135971352466,5.30415033958131,6.99592066725998,1.39340061561778,9.96656038748633,7.33001157108131,5.4223616775729,9.01385678043499,14.0355942344317
"TCGA-BH-A42V-01A",7.65926157258658,7.93073733756289,6.40369651521049,8.73233318711013,3.28377657705759,9.70707267528626,7.80482798105827,7.57839143643806,10.8020921434269,15.1081143734149
"TCGA-UU-A93S-01A",4.19377531809463,4.24792751344359,3.89547311888652,5.07559788429336,2.12296327408242,8.75699746510008,3.03030204230018,4.8447111068888,7.78667906936686,11.3172975690813
"TCGA-BH-A6R9-01A",6.77874638823449,7.01122725542325,5.35009497959326,6.58854066057901,4.31904018148758,11.0329039358114,8.21799844653941,6.58869398058573,9.54724618409417,17.0849552873893
"TCGA-BH-A1EO-01A",5.6360754059487,5.4594316186373,4.36085030699556,4.70093692947446,1.70366957750995,10.1288159870148,6.05581878036653,6.58893495736238,9.25453745999599,14.3263820935213
"TCGA-B6-A0RP-01A",6.41943828000205,7.8703647195834,5.70279840221185,7.96966835388071,3.67328982452075,9.74472820247792,6.47748584194592,6.92491352521201,9.54920011925349,15.1697411769246
"TCGA-BH-A0B9-01A",8.90928143124425,10.4367115421372,7.17355604126636,9.33739995254396,4.44031409253697,10.7047973235832,8.99970110751035,6.7985859614943,8.52823923273225,12.3760681306727
"TCGA-D8-A13Z-01A",7.56964133328416,7.22881869049588,5.83618089706783,8.91783979117066,3.77988635833081,10.886749947651,7.18050605551116,7.54768377723156,9.7275632651488,14.9508317144441
"TCGA-WT-AB44-01A",4.38612082042696,4.16992500144231,4.2679244161319,4.59744036485761,1.35172264890213,7.8334741431693,3.79886058539316,5.45709441362786,7.51435701393647,13.636202926231
"TCGA-E9-A1RC-01A",3.23452068846319,3.32192809488736,3.37021852159847,5.3552698190332,1.92027722698913,9.39920005226173,3.52800754470401,7.04565874873206,8.71603644617611,14.9117931830754
"TCGA-AR-A0TQ-01A",7.98094867645036,8.66888498426625,6.57878184380005,9.53263455324789,4.11747856097006,10.4574304159471,6.9530358777012,6.93400064080527,9.59577635431574,14.0929618180832
"TCGA-B6-A0I1-01A",4.78218380294683,8.37068740680722,3.78147237294127,5.68980446132754,1.56544524450713,8.42256256762416,2.6892848810174,5.86105510892113,7.88399350575171,12.127847252216
"TCGA-A8-A08O-01A",4.68552571820488,5.52356195605701,4.23146087016704,6.64759363432667,1.86891058937087,8.31659688647179,4.77399678330683,6.58959621612443,8.68400084784682,14.8365329398043
"TCGA-EW-A1IW-01A",7.02271998548403,7.04439411935845,5.12889870251157,8.62560043557161,2.9336416274787,9.87538988176873,7.50096771931274,8.14694412794329,9.97865665637916,15.0098711144199
"TCGA-A8-A07P-01A",5.37520466047693,6.93073733756289,3.68683511777547,4.91729604602262,1.96982995462807,9.86860747617975,6.41377973465885,6.35254960967647,8.65078860068992,14.5129566417202
"TCGA-D8-A1XF-01A",4.38721086311539,4.32192809488736,3.99258961259649,7.06678745552498,2.49288302602025,8.84537659058163,4.25334499750914,6.44122587788241,8.37205066684425,12.2792550526361
"TCGA-AR-A251-01A",7.42866372177899,10.667111542075,5.69552092121537,8.48623373917058,3.92469584945857,11.0612411831547,7.32179207334236,7.51013924032255,10.3729660810621,15.0312576483759
"TCGA-AC-A8OR-01A",3.70011596638673,4.08746284125034,4.00179921904633,3.00855071981773,1.23146863017701,8.54528986243798,2.9321151025589,5.70057696748116,7.56696020649462,10.6014008775971
"TCGA-E2-A56Z-01A",5.54654638522129,6.39231742277876,5.23075063937385,4.69083535625994,1.88460194963135,8.09783793594651,4.81347849526441,6.37575326343147,8.69839502585922,12.900041043117
"TCGA-AN-A0XL-01A",5.55899456553829,5.64385618977472,5.42446890082592,5.44774804933071,2.70259907169452,9.07392480367789,5.20716842667477,6.77257459014855,10.6338047273526,14.9066144134145
"TCGA-BH-A0DZ-01A",4.63093585352045,5.95419631038687,3.82814733556153,4.23923094915585,0.712554964767637,8.95942476066467,4.36217165324236,4.92493259761326,7.73605983138157,14.4907543465887
"TCGA-D8-A145-01A",6.49114762383342,6.55458885167764,5.15209828172293,9.68781083221062,3.33426041921975,9.33545704191088,6.70505822739293,7.41779513839318,9.99818076106546,14.5626648499139
"TCGA-E9-A1R6-01A",4.77701516813152,4.32192809488736,3.9962856125731,4.06084577866818,2.0941847414886,8.39121887635392,3.93565435340687,6.67218050857596,8.57666132800898,13.897509598908
"TCGA-AO-A12F-01A",5.04200000246511,4.95419631038687,3.95135022396734,6.51691211025032,1.78305532502833,9.35756351480308,4.11892348411492,6.82594048992038,10.2658548386564,14.5280483277494
"TCGA-D8-A1X7-01A",5.16186676972968,3.70043971814109,4.38789787107797,7.91954611308913,2.74739883894211,9.30546021574226,4.10352268554577,7.58569564660632,9.62616606913922,14.1072927113655
"TCGA-D8-A1XJ-01A",4.68017704745316,3.70043971814109,3.02022262311444,5.33241747985436,2.23029379292673,9.35768368095564,3.21083205050823,7.46980166737161,9.04651136724859,14.3451144699767
"TCGA-A2-A0YK-01A",8.75964759255135,9.67595703294175,6.83468272684174,11.3283379161412,3.91408269430509,10.1136460295387,8.11438062593877,7.75290096344444,10.5172539324684,14.7333276175745
"TCGA-E2-A14T-01A",5.34051307515056,6.28540221886225,4.31158893765076,8.26443889356434,1.87379624036754,10.1682221715948,4.96073993342242,7.50323753866046,8.88796599414449,14.046135932428
"TCGA-E2-A1B6-01A",10.6782393716021,11.9794251953315,8.48728534899526,13.215269850889,6.1198918209986,11.3402185472038,8.6433405459014,7.01548612706162,9.41981436501473,13.3820583135206
"TCGA-EW-A1OZ-01A",6.23332870158366,6.14974711950468,4.26054132385982,6.79142870074843,2.20855522850662,10.3385433030848,6.56747466736795,6.1409473373096,9.17870049109516,14.7602649234109
"TCGA-PL-A8LZ-01A",7.7780362849219,7.57742882803575,6.76640810599858,8.08698764005964,4.52296083718652,10.9929502402812,4.97591337751289,6.11535338566699,10.4178892484323,14.1546439706276
"TCGA-MS-A51U-01A",6.88477081515484,7.11894107272351,5.2981391427934,7.43073770193576,2.76403457395491,8.62300013096531,5.33167204519738,6.92237906504041,9.43086191478746,14.9125991799579
"TCGA-LL-A8F5-01A",6.53521673905911,7.53915881110803,6.22101356643986,8.75725039161758,3.56790931032276,9.18971720090684,6.12687157970872,5.49504491953435,8.50512334624215,13.2665425762002
"TCGA-LL-A50Y-01A",5.54862369069838,6.78135971352466,4.17503228210626,8.49924803024404,1.27709323227441,8.40055433608134,7.50507971467786,5.5636549662277,7.95568584269828,12.6584846010721
"TCGA-AR-A1AP-01A",6.09691563996615,6.04439411935845,4.95404454366658,5.6089695019976,2.69419522512379,9.81406005683147,6.08378129365658,6.66594978678273,8.67767147056648,14.0346376512284
"TCGA-AR-A1AK-01A",7.32480508623001,8.20945336562895,6.10824161221194,6.32797056721129,3.48816240283619,10.6472142634152,6.34256140868744,7.98544507679575,10.2406055737534,13.9167018390414
"TCGA-AN-A0XS-01A",7.52476200118339,8.17492568250068,5.89130686730338,9.83261801608679,2.60650522079905,9.92358687325242,6.20693772407775,7.03430273469716,9.711876661455,14.7808104996335
"TCGA-D8-A73U-01A",8.73119490742415,9.88417051910844,8.20625600398705,10.3817255477071,5.87319541136486,11.4251192811567,6.60188225958383,6.86478554358525,9.35640786673731,14.5947798642135
"TCGA-AC-A5XU-01A",5.19830368688755,6.84549005094437,4.74025559752143,6.50392583758391,1.75419938355646,8.76921392477142,4.72567172291044,6.09501179649325,9.40067863711318,14.5253757430364
"TCGA-AN-A0G0-01A",5.8119018359848,5.49185309632967,4.89203027522878,6.73853058878915,3.45051621099612,9.67453318233895,4.44862590739359,6.24499954531899,8.88244828570666,13.5905346711791
"TCGA-B6-A0IG-01A",5.96839483335728,6.14974711950468,4.63661334089915,7.60209107463042,2.65266829846184,8.2724048343447,5.34975951740497,6.8645526226843,8.98909891673112,14.7507494706957
"TCGA-AR-A1AU-01A",5.65818379539762,6.53915881110803,5.02899368463827,6.74611726517667,2.45927403351821,9.45526948211971,4.63441416954794,8.44743862447525,9.6289432730597,14.8544349450366
"TCGA-LD-A74U-01A",6.4963483078365,6.83289001416474,5.57742822021979,6.8967887575079,3.27855830337803,10.3287414948063,6.29443120201771,6.82272894886732,10.2217057157346,15.4681173476916
"TCGA-A2-A0T5-01A",5.03795161833881,5.39231742277876,4.07217758511697,6.79252239741543,1.47871534188576,8.90922948789106,5.32553481672146,6.5899744122255,9.23991187083212,14.6506530614185
"TCGA-EW-A1OX-01A",2.22007157201103,1.58496250072116,3.14001356272957,1.96809288304572,1.49391058937087,6.75912006390799,2.19871546907846,5.96399355088158,8.55111809653829,10.738301167375
"TCGA-LD-A66U-01A",7.88232396936444,8.77807712953536,5.80502498689161,8.43834081450722,3.51316508110975,9.09394357085323,6.94618913306236,6.79641478142889,9.02883633535361,15.0160677623417
"TCGA-AR-A1AY-01A",4.69414157578176,4,4.54998912693508,4.19937113225066,2.64570047947097,9.66470403939717,5.51353786805564,6.53834770092193,8.66827199805516,14.2023965110916
"TCGA-BH-A0E1-01A",3.61939266699155,3.8073549220576,3.85363127892988,5.22417614460851,2.4018325784374,8.79709089464319,5.42333712167891,6.64815087963662,9.5085190749808,14.2866610132162
"TCGA-A8-A08R-01A",7.77226534257639,7.64385618977472,6.71127637405922,9.82693275062396,5.1350157806511,11.2812611540538,6.65058344095674,6.37918011044382,9.7765320827342,14.0533103674537
"TCGA-BH-A0C0-01A",8.04632365411028,8.89784545600551,7.00834024486087,9.09946980473245,5.26723898496419,11.0910706833174,7.47186175448202,6.68467065740229,8.3810811641959,12.5460855801132
"TCGA-E2-A1L7-01A",7.35668282105022,8.4262647547021,6.01874224731233,7.68210820394375,4.37400262567672,9.86656830570282,7.30154217580137,6.69069108162892,8.48112525121284,13.6677881332276
"TCGA-AR-A0U0-01A",7.44737073087289,8.2807707701306,6.56275929110846,7.61972844276283,5.10096932500668,10.7557280545737,6.80338653450368,6.33992485657223,8.78016073941297,12.6811685302844
"TCGA-AN-A0XW-01A",7.63207343811572,8.04984854945056,6.8576136568289,7.26716428516934,5.24005801272136,10.5996313887555,6.18151072550043,6.88335587919018,9.009171614383,15.6115289220206
"TCGA-A7-A4SB-01A",4.55146729799894,5.20945336562895,4.22089135144963,4.30485198499923,2.53291782072878,7.46453524462102,3.51459613173855,5.76191603493608,9.31235725224307,13.1828967938177
"TCGA-E9-A1R4-01A",7.7127958154758,7.53138146051631,5.62564801846948,7.46740359713864,3.94496490420696,10.8174001452974,6.94056936137381,6.69848088670563,8.67074726893382,13.965256700587
"TCGA-OL-A5RY-01A",8.14097509985385,8.17990909001493,6.34718743823362,11.5015167601377,2.28564818144005,10.3696245184281,8.90235038866274,7.0024835902779,9.33997334163708,14.9086107131247
"TCGA-OL-A6VQ-01A",5.37449035982976,5.64385618977472,3.87679640684037,6.70579561556012,1.14116037711812,7.33266501806612,5.88412446695134,5.64210217543204,8.46855188236506,13.8687244954835
"TCGA-A7-A0DC-01B",4.52889749180707,3.70043971814109,3.7284767908474,4.25338796009595,2.39147144641269,7.59801524100543,4.18889218692159,5.92017856109068,8.21478276656956,11.1781152084204
"TCGA-A7-A0DC-01A",3.55680783202374,2.58496250072116,3.86237906187753,4.22441916198202,3.22516618127135,7.74894358004953,3.78511983439989,6.29790116344672,8.98360846830631,11.4433292663967
"TCGA-A8-A08F-01A",6.32361450150886,8.26209484537018,5.57356812745813,5.86870060642061,4.74796190840761,10.7432417024241,6.21823557878104,6.19307659033413,8.85510443368693,14.2488144796306
"TCGA-LL-A6FP-01A",3.29580515091931,3.8073549220576,2.81551413636071,2.81207075285647,1.21936093777043,7.18289371353282,4.90815484295838,5.92569538281037,7.78246798549644,11.7616384120422
"TCGA-GI-A2C8-01A",5.96908143083174,7.58496250072116,5.34068943815851,5.26768004605237,3.00612869632373,10.8047898238917,6.27953155030313,7.18688569063543,9.9469435899497,15.4297885751113
"TCGA-A8-A06T-01A",6.82343821276499,7.62205181945638,5.85068825964855,7.82461441956388,3.87643899982434,9.58594609643719,6.42494140272937,6.67361350000772,9.01664393396664,14.3283355172002
"TCGA-A8-A06U-01A",6.1685315647337,7.4757334309664,4.95496134724998,6.56254549161595,3.56626613831565,9.76706091082106,5.72587750921189,6.02331066560762,8.43214761994436,13.1628040915849
"TCGA-AO-A0JI-01A",5.27723138113786,5.55458885167764,4.11273522121664,8.31486865788023,1.79803051528038,7.79766219310186,4.63257511056207,6.3851178491587,8.59799607089218,12.2201469428287
"TCGA-A7-A0CD-01A",4.57014925162842,5.32192809488736,4.30438221463783,5.35028000849575,2.79771715832906,8.62122240401684,3.61435804395193,6.55491599817113,9.59312652714356,13.9430105528665
"TCGA-C8-A1HI-01A",5.40683714908191,6.22881869049588,4.73260129601878,7.13254199855161,2.88507096648899,9.70220012174705,5.90481729118932,7.16316245769545,9.55367791219614,14.4802837735073
"TCGA-A8-A07E-01A",6.92451215027027,8.37503943134693,6.00664110291903,6.14935146117343,3.54671647549127,9.93829595607181,7.68773079496959,7.60868869388298,11.0175927530918,15.970766155809
"TCGA-A8-A09K-01A",7.25059810704912,8.07146236255662,5.92918054500678,8.03340431294973,3.33931024864643,9.18166084032118,5.90133353435375,5.64229327552936,7.51258565363575,11.4043347775775
"TCGA-D8-A1XU-01A",5.91787141673324,6.76818432477693,4.20499738701181,5.9178291644271,2.70488225265899,10.0853878095092,7.04533639024798,7.23131433956762,9.58845711397236,15.677165064682
"TCGA-A8-A07I-01A",6.02957167653895,5.58496250072116,4.82409836920605,7.44672037537616,3.03475172451477,10.1137116540151,4.51266028315953,6.02111363463398,8.66396169718928,14.7544149395816
"TCGA-PL-A8LV-01A",7.82415026343621,7.13955135239879,5.64675153436348,10.1552436068137,3.53051206543919,9.24261296545703,7.45526994491896,5.8509169263924,8.89764189325497,13.4858557195044
"TCGA-BH-A28O-01A",6.88325126310746,7.44294349584873,5.80366597187682,8.23709991968181,2.64420389926271,8.98229436691351,5.90754526407559,7.29783007442413,10.3707129764326,15.5579871147782
"TCGA-D8-A1XV-01A",3.22358080891265,2.8073549220576,2.81397080616592,3.79516593898012,1.5759162892187,8.14493976801036,4.12838375909169,5.89675121100711,7.92573443463212,11.1071509193311
"TCGA-D8-A1XR-01A",5.19300079029222,5.35755200461808,4.44200290340472,4.74093780332017,2.28144454723899,9.51087828615283,6.25669168019734,7.90249774930596,9.31261876610031,14.170880614282
"TCGA-D8-A27R-01A",7.04578872183128,8.62570884306447,5.62616959784977,8.39373484838148,3.42479892855832,10.5360169533957,6.17866402146159,6.95339143636106,9.42687376020644,14.3827792703333
"TCGA-BH-A18L-01A",5.10779656771525,5.24792751344359,3.80092571323647,6.14382740213846,2.22388263933962,9.11793709915645,3.71122675002162,6.85392555829624,9.21021568595308,11.9407866908596
"TCGA-E9-A1R2-01A",6.33153074689711,6.8703647195834,5.19766245025263,7.27341793256501,3.18840851858955,8.89536004243055,5.59480571183049,6.12723762016233,9.1723519722928,13.8559810958676
"TCGA-C8-A134-01A",7.93925571288355,9.89784545600551,6.39978644850149,8.96697335643844,4.58587835468803,11.3213840448986,8.63445976934697,6.57787287201528,9.79459501696957,14.3344608875306
"TCGA-BH-A0HA-01A",6.85298020533777,7.81378119121704,5.53000982840229,7.21847702775157,3.03303642440298,9.35619817927932,6.16675662009623,6.78329173464937,9.67508047904214,15.4900122537743
"TCGA-AR-A24T-01A",5.68825752807727,7.27612440527424,5.09223230404207,6.49873705149269,2.94327891303259,10.1273558999533,4.65695855635773,6.94317847845112,10.2880330075312,15.4715249612807
"TCGA-E2-A1IG-01A",5.16572537319004,5.20945336562895,4.08279404682496,4.49840916778703,1.79619966828483,8.8985046616023,3.33963047756919,6.57697697039218,9.16189504555327,15.3735959872163
"TCGA-E9-A1NA-01A",6.06800324236611,5.55458885167764,4.37252308329894,6.6504485300687,2.0267898901001,11.1549773978938,5.61195276656483,7.42507006873919,8.73821302076416,15.2682054703635
"TCGA-D8-A1JP-01A",6.245172793944,8.02790599656988,4.53943442833801,5.18517868847663,2.41453519146828,9.41842592273353,5.53981727631004,6.42429109762958,8.94852066329793,14.7516454984685
"TCGA-AR-A252-01A",9.19315169460985,9.92777796208234,8.45056060359514,10.3370321383668,6.12854952790951,11.3739869830471,8.77153012584436,7.68435694857957,10.1534217199654,14.0608933273984
"TCGA-D8-A1XL-01A",7.60035082148915,8.91288933622996,6.3759433551988,9.00683896874424,4.0327398495126,10.4763060012071,6.80882505034497,6.62861570504251,8.40149737525318,13.7535795497034
"TCGA-BH-A0EI-01A",4.07317725153617,3,3.52807197660418,4.56440785669388,1.64553480478765,9.43958297428451,3.8791013681115,6.80848253034,9.28808244766552,15.2521234810964
"TCGA-E2-A1IO-01A",7.41897490598352,8.00562454919388,5.8321006650619,8.02983150529569,3.83501712929757,9.3939298977101,7.05054941868334,6.86979870627855,9.55178300246129,15.7663317188093
"TCGA-E2-A15R-01A",3.70373273364572,3.70043971814109,3.81454196808855,4.86638980886994,1.65315092961794,8.40176933140461,3.73884735777212,6.3330982601017,9.03359410539116,14.1719341782893
"TCGA-B6-A0IP-01A",6.46361229786219,7.33985000288462,4.79649012412849,10.8350651587862,2.84834512216042,8.73053900350744,6.35276841363958,7.09221018052674,9.22194487453297,14.3737730077713
"TCGA-A1-A0SN-01A",7.46582664731646,8.26209484537018,6.02197721266119,5.70992538460911,2.82613291012176,10.0800576429458,6.80157853974058,7.112795041859,9.37506233838734,15.1198135553336
