"Historical_ESTIMATE_order","Gene"
1,"A2M"
2,"A4GALT"
3,"A4GNT"
4,"AAAS"
5,"AACS"
6,"AADAC"
7,"AAK1"
8,"AAMP"
9,"AANAT"
10,"AARSD1"
11,"AASDHPPT"
12,"AASS"
13,"AATF"
14,"AATK"
15,"ABAT"
16,"ABCA1"
17,"ABCA12"
18,"ABCA2"
19,"ABCA3"
20,"ABCA4"
21,"ABCA5"
22,"ABCA6"
23,"ABCA7"
24,"ABCA8"
25,"ABCB1"
26,"ABCB11"
27,"ABCB4"
28,"ABCB6"
29,"ABCB7"
30,"ABCB8"
31,"ABCB9"
32,"ABCC1"
33,"ABCC10"
34,"ABCC2"
35,"ABCC3"
36,"ABCC4"
37,"ABCC5"
38,"ABCC6"
39,"ABCC8"
40,"ABCC9"
41,"ABCD1"
42,"ABCD2"
43,"ABCD3"
44,"ABCD4"
45,"ABCE1"
46,"ABCF1"
47,"ABCF2"
48,"ABCF3"
49,"ABCG1"
50,"ABCG2"
51,"ABCG4"
52,"ABCG5"
53,"ABHD10"
54,"ABHD11"
55,"ABHD14A"
56,"ABHD2"
57,"ABHD3"
58,"ABHD4"
59,"ABHD5"
60,"ABHD6"
61,"ABHD8"
62,"ABI1"
63,"ABI2"
64,"ABL1"
65,"ABL2"
66,"ABLIM1"
67,"ABLIM3"
68,"ABO"
69,"ABR"
70,"ABT1"
71,"ABTB2"
72,"ACAA1"
73,"ACAA2"
74,"ACACA"
75,"ACACB"
76,"ACAD10"
77,"ACAD8"
78,"ACADL"
79,"ACADM"
80,"ACADS"
81,"ACADSB"
82,"ACADVL"
83,"ACAN"
84,"ACAT1"
85,"ACBD3"
86,"ACBD4"
87,"ACD"
88,"ACE"
89,"ACE2"
90,"ACHE"
91,"ACIN1"
92,"ACLY"
93,"ACO1"
94,"ACOT11"
95,"ACOT7"
96,"ACOT8"
97,"ACOT9"
98,"ACOX1"
99,"ACOX2"
100,"ACOX3"
101,"ACP1"
102,"ACP2"
103,"ACP5"
104,"ACP6"
105,"ACRV1"
106,"ACSBG1"
107,"ACSBG2"
108,"ACSL1"
109,"ACSL3"
110,"ACSL4"
111,"ACSL5"
112,"ACSL6"
113,"ACSM1"
114,"ACSM3"
115,"ACTA1"
116,"ACTA2"
117,"ACTB"
118,"ACTC1"
119,"ACTG1"
120,"ACTG2"
121,"ACTL6A"
122,"ACTL6B"
123,"ACTL7A"
124,"ACTL7B"
125,"ACTL8"
126,"ACTN1"
127,"ACTN2"
128,"ACTN3"
129,"ACTN4"
130,"ACTR10"
131,"ACTR1A"
132,"ACTR1B"
133,"ACTR2"
134,"ACTR3"
135,"ACTR3B"
136,"ACTR5"
137,"ACTR6"
138,"ACTR8"
139,"ACVR1"
140,"ACVR1B"
141,"ACVR2A"
142,"ACVR2B"
143,"ACVRL1"
144,"ACY1"
145,"ACYP1"
146,"ACYP2"
147,"ADA"
148,"ADAM10"
149,"ADAM11"
150,"ADAM12"
151,"ADAM15"
152,"ADAM17"
153,"ADAM18"
154,"ADAM19"
155,"ADAM2"
156,"ADAM20"
157,"ADAM22"
158,"ADAM23"
159,"ADAM28"
160,"ADAM29"
161,"ADAM30"
162,"ADAM7"
163,"ADAM8"
164,"ADAM9"
165,"ADAMDEC1"
166,"ADAMTS1"
167,"ADAMTS12"
168,"ADAMTS13"
169,"ADAMTS2"
170,"ADAMTS3"
171,"ADAMTS5"
172,"ADAMTS6"
173,"ADAMTS7"
174,"ADAMTS8"
175,"ADAMTS9"
176,"ADAMTSL2"
177,"ADAMTSL3"
178,"ADAR"
179,"ADARB1"
180,"ADARB2"
181,"ADAT1"
182,"ADCK2"
183,"ADCY1"
184,"ADCY2"
185,"ADCY6"
186,"ADCY7"
187,"ADCY9"
188,"ADCYAP1"
189,"ADCYAP1R1"
190,"ADD1"
191,"ADD2"
192,"ADD3"
193,"ADH1A"
194,"ADH1B"
195,"ADH1C"
196,"ADH5"
197,"ADH6"
198,"ADH7"
199,"ADI1"
200,"ADIPOQ"
201,"ADIPOR1"
202,"ADIPOR2"
203,"ADK"
204,"ADM"
205,"ADM2"
206,"ADNP"
207,"ADORA1"
208,"ADORA2A"
209,"ADORA2B"
210,"ADORA3"
211,"ADPGK"
212,"ADPRH"
213,"ADRA1A"
214,"ADRA1B"
215,"ADRA1D"
216,"ADRA2A"
217,"ADRA2B"
218,"ADRA2C"
219,"ADRB1"
220,"ADRB2"
221,"ADRB3"
222,"ADRM1"
223,"ADSL"
224,"AEBP1"
225,"AFAP1"
226,"AFF1"
227,"AFF2"
228,"AFF3"
229,"AFF4"
230,"AFG3L2"
231,"AFM"
232,"AFP"
233,"AFTPH"
234,"AGA"
235,"AGBL2"
236,"AGBL5"
237,"AGER"
238,"AGGF1"
239,"AGK"
240,"AGL"
241,"AGPAT1"
242,"AGPAT2"
243,"AGPAT3"
244,"AGPAT4"
245,"AGPAT5"
246,"AGPS"
247,"AGR2"
248,"AGRN"
249,"AGRP"
250,"AGT"
251,"AGTPBP1"
252,"AGTR1"
253,"AGTR2"
254,"AGXT"
255,"AHCTF1"
256,"AHCY"
257,"AHCYL1"
258,"AHDC1"
259,"AHI1"
260,"AHNAK"
261,"AHNAK2"
262,"AHR"
263,"AHSA1"
264,"AHSG"
265,"AICDA"
266,"AIF1"
267,"AIFM1"
268,"AIM2"
269,"AIP"
270,"AIPL1"
271,"AIRE"
272,"AJAP1"
273,"AK1"
274,"AK2"
275,"AK5"
276,"AKAP1"
277,"AKAP10"
278,"AKAP11"
279,"AKAP12"
280,"AKAP13"
281,"AKAP3"
282,"AKAP4"
283,"AKAP5"
284,"AKAP6"
285,"AKAP7"
286,"AKAP8"
287,"AKAP8L"
288,"AKAP9"
289,"AKR1A1"
290,"AKR1B1"
291,"AKR1B10"
292,"AKR1C3"
293,"AKR1C4"
294,"AKR1D1"
295,"AKR7A2"
296,"AKR7A3"
297,"AKT1"
298,"AKT2"
299,"AKT3"
300,"AKTIP"
301,"ALAD"
302,"ALAS1"
303,"ALAS2"
304,"ALB"
305,"ALCAM"
306,"ALDH18A1"
307,"ALDH1A1"
308,"ALDH1A2"
309,"ALDH1A3"
310,"ALDH1B1"
311,"ALDH1L1"
312,"ALDH2"
313,"ALDH3A1"
314,"ALDH3A2"
315,"ALDH3B1"
316,"ALDH3B2"
317,"ALDH4A1"
318,"ALDH5A1"
319,"ALDH6A1"
320,"ALDH7A1"
321,"ALDH8A1"
322,"ALDH9A1"
323,"ALDOA"
324,"ALDOB"
325,"ALDOC"
326,"ALG12"
327,"ALG3"
328,"ALG5"
329,"ALG6"
330,"ALG8"
331,"ALG9"
332,"ALK"
333,"ALKBH1"
334,"ALKBH4"
335,"ALLC"
336,"ALMS1"
337,"ALOX12"
338,"ALOX12B"
339,"ALOX15"
340,"ALOX15B"
341,"ALOX5"
342,"ALOX5AP"
343,"ALOXE3"
344,"ALPI"
345,"ALPK3"
346,"ALPL"
347,"ALPP"
348,"ALS2CL"
349,"ALX3"
350,"ALX4"
351,"AMACR"
352,"AMBN"
353,"AMBP"
354,"AMD1"
355,"AMDHD2"
356,"AMELX"
357,"AMELY"
358,"AMFR"
359,"AMH"
360,"AMHR2"
361,"AMIGO2"
362,"AMMECR1"
363,"AMN"
364,"AMOT"
365,"AMOTL2"
366,"AMPD1"
367,"AMPD2"
368,"AMPD3"
369,"AMPH"
370,"AMT"
371,"AMZ2"
372,"ANAPC1"
373,"ANAPC10"
374,"ANAPC13"
375,"ANAPC2"
376,"ANAPC5"
377,"ANG"
378,"ANGEL1"
379,"ANGEL2"
380,"ANGPT1"
381,"ANGPT2"
382,"ANGPT4"
383,"ANGPTL2"
384,"ANGPTL3"
385,"ANGPTL4"
386,"ANGPTL7"
387,"ANK1"
388,"ANK2"
389,"ANK3"
390,"ANKFY1"
391,"ANKMY1"
392,"ANKMY2"
393,"ANKRA2"
394,"ANKRD1"
395,"ANKRD10"
396,"ANKRD11"
397,"ANKRD12"
398,"ANKRD17"
399,"ANKRD2"
400,"ANKRD26"
401,"ANKRD27"
402,"ANKRD28"
403,"ANKRD40"
404,"ANKRD46"
405,"ANKRD49"
406,"ANKRD55"
407,"ANKRD6"
408,"ANKRD7"
409,"ANKS1A"
410,"ANKS1B"
411,"ANKZF1"
412,"ANP32B"
413,"ANP32E"
414,"ANPEP"
415,"ANTXR1"
416,"ANXA1"
417,"ANXA10"
418,"ANXA11"
419,"ANXA13"
420,"ANXA2"
421,"ANXA3"
422,"ANXA4"
423,"ANXA5"
424,"ANXA6"
425,"ANXA7"
426,"ANXA9"
427,"AOAH"
428,"AOC2"
429,"AOC3"
430,"AOX1"
431,"AP1B1"
432,"AP1G1"
433,"AP1G2"
434,"AP1M2"
435,"AP1S1"
436,"AP1S2"
437,"AP2A2"
438,"AP2B1"
439,"AP2M1"
440,"AP2S1"
441,"AP3B1"
442,"AP3B2"
443,"AP3D1"
444,"AP3M2"
445,"AP3S1"
446,"AP3S2"
447,"AP4E1"
448,"AP4M1"
449,"AP4S1"
450,"APAF1"
451,"APBA1"
452,"APBA2"
453,"APBA3"
454,"APBB1"
455,"APBB1IP"
456,"APBB2"
457,"APBB3"
458,"APC"
459,"APC2"
460,"APCS"
461,"APEH"
462,"APEX1"
463,"APEX2"
464,"APH1A"
465,"APH1B"
466,"API5"
467,"APIP"
468,"APLP1"
469,"APLP2"
470,"APOA1"
471,"APOA2"
472,"APOA4"
473,"APOB"
474,"APOBEC1"
475,"APOBEC2"
476,"APOBEC3A"
477,"APOBEC3B"
478,"APOBEC3C"
479,"APOBEC3F"
480,"APOBEC3G"
481,"APOC1"
482,"APOC2"
483,"APOC3"
484,"APOD"
485,"APOE"
486,"APOF"
487,"APOH"
488,"APOL1"
489,"APOL2"
490,"APOL3"
491,"APOL5"
492,"APOL6"
493,"APOLD1"
494,"APOM"
495,"APOO"
496,"APOOL"
497,"APP"
498,"APPBP2"
499,"APPL1"
500,"APPL2"
501,"APRT"
502,"APTX"
503,"AQP1"
504,"AQP2"
505,"AQP3"
506,"AQP4"
507,"AQP5"
508,"AQP6"
509,"AQP7"
510,"AQP8"
511,"AQP9"
512,"AQR"
513,"AR"
514,"ARAF"
515,"ARC"
516,"ARCN1"
517,"ARF1"
518,"ARF3"
519,"ARF4"
520,"ARF5"
521,"ARF6"
522,"ARFGAP1"
523,"ARFGAP3"
524,"ARFGEF1"
525,"ARFGEF2"
526,"ARFIP1"
527,"ARFIP2"
528,"ARFRP1"
529,"ARG1"
530,"ARG2"
531,"ARHGAP1"
532,"ARHGAP11A"
533,"ARHGAP12"
534,"ARHGAP15"
535,"ARHGAP19"
536,"ARHGAP22"
537,"ARHGAP24"
538,"ARHGAP25"
539,"ARHGAP26"
540,"ARHGAP28"
541,"ARHGAP29"
542,"ARHGAP4"
543,"ARHGAP5"
544,"ARHGAP6"
545,"ARHGDIA"
546,"ARHGDIB"
547,"ARHGDIG"
548,"ARHGEF1"
549,"ARHGEF10"
550,"ARHGEF10L"
551,"ARHGEF11"
552,"ARHGEF12"
553,"ARHGEF15"
554,"ARHGEF16"
555,"ARHGEF17"
556,"ARHGEF18"
557,"ARHGEF2"
558,"ARHGEF3"
559,"ARHGEF4"
560,"ARHGEF5"
561,"ARHGEF6"
562,"ARHGEF7"
563,"ARHGEF9"
564,"ARID1A"
565,"ARID3A"
566,"ARID3B"
567,"ARID4A"
568,"ARID4B"
569,"ARID5A"
570,"ARID5B"
571,"ARIH1"
572,"ARIH2"
573,"ARL1"
574,"ARL14"
575,"ARL15"
576,"ARL2BP"
577,"ARL3"
578,"ARL4A"
579,"ARL4C"
580,"ARL4D"
581,"ARL5A"
582,"ARL6IP1"
583,"ARL6IP5"
584,"ARL8B"
585,"ARMC1"
586,"ARMC6"
587,"ARMC7"
588,"ARMC8"
589,"ARMC9"
590,"ARMCX1"
591,"ARMCX2"
592,"ARMCX3"
593,"ARMCX5"
594,"ARNT"
595,"ARNT2"
596,"ARPC1A"
597,"ARPC2"
598,"ARPC3"
599,"ARPC5"
600,"ARPC5L"
601,"ARR3"
602,"ARRB1"
603,"ARRB2"
604,"ARSA"
605,"ARSB"
606,"ARSD"
607,"ARSF"
608,"ARSJ"
609,"ART1"
610,"ART3"
611,"ART4"
612,"ARTN"
613,"ARVCF"
614,"ASAH1"
615,"ASB1"
616,"ASB13"
617,"ASB4"
618,"ASB6"
619,"ASB7"
620,"ASB8"
621,"ASB9"
622,"ASCC1"
623,"ASCC2"
624,"ASCC3"
625,"ASCL1"
626,"ASCL2"
627,"ASCL3"
628,"ASF1B"
629,"ASGR1"
630,"ASGR2"
631,"ASH1L"
632,"ASH2L"
633,"ASL"
634,"ASNS"
635,"ASNSD1"
636,"ASPA"
637,"ASPH"
638,"ASPHD1"
639,"ASPM"
640,"ASPN"
641,"ASPSCR1"
642,"ASRGL1"
643,"ASS1"
644,"ASTE1"
645,"ASTN1"
646,"ASTN2"
647,"ASXL1"
648,"ASXL2"
649,"ATAD2"
650,"ATAD2B"
651,"ATAD5"
652,"ATF1"
653,"ATF2"
654,"ATF3"
655,"ATF4"
656,"ATF5"
657,"ATF6"
658,"ATF7"
659,"ATF7IP"
660,"ATF7IP2"
661,"ATG12"
662,"ATG3"
663,"ATG4A"
664,"ATG4B"
665,"ATG5"
666,"ATG7"
667,"ATG9A"
668,"ATIC"
669,"ATM"
670,"ATN1"
671,"ATOX1"
672,"ATP10A"
673,"ATP10B"
674,"ATP10D"
675,"ATP11A"
676,"ATP11B"
677,"ATP12A"
678,"ATP13A1"
679,"ATP13A2"
680,"ATP13A3"
681,"ATP1A1"
682,"ATP1A2"
683,"ATP1A3"
684,"ATP1B1"
685,"ATP1B2"
686,"ATP1B3"
687,"ATP1B4"
688,"ATP2A1"
689,"ATP2A2"
690,"ATP2A3"
691,"ATP2B1"
692,"ATP2B2"
693,"ATP2B3"
694,"ATP2B4"
695,"ATP2C1"
696,"ATP2C2"
697,"ATP4A"
698,"ATP4B"
699,"ATP6AP1"
700,"ATP6AP2"
701,"ATP6V0A1"
702,"ATP6V0A2"
703,"ATP6V0A4"
704,"ATP6V0C"
705,"ATP6V0D1"
706,"ATP6V0E2"
707,"ATP6V1A"
708,"ATP6V1B1"
709,"ATP6V1B2"
710,"ATP6V1C1"
711,"ATP6V1D"
712,"ATP6V1E1"
713,"ATP6V1F"
714,"ATP6V1G1"
715,"ATP6V1G2"
716,"ATP6V1H"
717,"ATP7A"
718,"ATP7B"
719,"ATP8A1"
720,"ATP8A2"
721,"ATP8B1"
722,"ATP8B2"
723,"ATP8B3"
724,"ATP8B4"
725,"ATP9A"
726,"ATP9B"
727,"ATPAF2"
728,"ATR"
729,"ATRN"
730,"ATRNL1"
731,"ATRX"
732,"ATXN1"
733,"ATXN10"
734,"ATXN2"
735,"ATXN2L"
736,"ATXN3"
737,"ATXN7"
738,"ATXN7L1"
739,"AUH"
740,"AUP1"
741,"AURKA"
742,"AURKAIP1"
743,"AURKB"
744,"AURKC"
745,"AUTS2"
746,"AVEN"
747,"AVIL"
748,"AVP"
749,"AVPI1"
750,"AVPR1A"
751,"AVPR2"
752,"AXIN1"
753,"AXL"
754,"AZGP1"
755,"AZI2"
756,"AZIN1"
757,"AZU1"
758,"B2M"
759,"B3GALNT1"
760,"B3GALT1"
761,"B3GALT2"
762,"B3GALT4"
763,"B3GALT5"
764,"B3GAT1"
765,"B3GAT3"
766,"B3GNT2"
767,"B3GNT3"
768,"B3GNT4"
769,"B3GNTL1"
770,"B4GALNT1"
771,"B4GALT2"
772,"B4GALT3"
773,"B4GALT4"
774,"B4GALT5"
775,"B4GALT6"
776,"B4GALT7"
777,"BAALC"
778,"BAAT"
779,"BACE1"
780,"BACE2"
781,"BACH1"
782,"BACH2"
783,"BAD"
784,"BAG1"
785,"BAG2"
786,"BAG3"
787,"BAG4"
788,"BAG5"
789,"BAHCC1"
790,"BAHD1"
791,"BAIAP2"
792,"BAIAP3"
793,"BAK1"
794,"BAMBI"
795,"BANF1"
796,"BANK1"
797,"BANP"
798,"BAP1"
799,"BARD1"
800,"BARX1"
801,"BARX2"
802,"BASP1"
803,"BATF"
804,"BAX"
805,"BAZ1A"
806,"BAZ1B"
807,"BAZ2B"
808,"BBC3"
809,"BBOX1"
810,"BBS1"
811,"BBS10"
812,"BBS4"
813,"BBS5"
814,"BBS7"
815,"BBS9"
816,"BCAM"
817,"BCAN"
818,"BCAP29"
819,"BCAP31"
820,"BCAR3"
821,"BCAS1"
822,"BCAS2"
823,"BCAS3"
824,"BCAS4"
825,"BCAT1"
826,"BCAT2"
827,"BCCIP"
828,"BCHE"
829,"BCKDHA"
830,"BCKDHB"
831,"BCKDK"
832,"BCL10"
833,"BCL11A"
834,"BCL11B"
835,"BCL2"
836,"BCL2A1"
837,"BCL2L1"
838,"BCL2L10"
839,"BCL2L11"
840,"BCL2L13"
841,"BCL2L14"
842,"BCL2L2"
843,"BCL3"
844,"BCL6"
845,"BCL7A"
846,"BCL7B"
847,"BCL7C"
848,"BCL9"
849,"BCLAF1"
850,"BCOR"
851,"BCORL1"
852,"BCR"
853,"BCS1L"
854,"BDH1"
855,"BDH2"
856,"BDKRB1"
857,"BDKRB2"
858,"BDNF"
859,"BECN1"
860,"BEST1"
861,"BEST2"
862,"BET1"
863,"BET1L"
864,"BEX1"
865,"BFAR"
866,"BFSP1"
867,"BFSP2"
868,"BGLAP"
869,"BGN"
870,"BHMT"
871,"BHMT2"
872,"BICD1"
873,"BICD2"
874,"BID"
875,"BIK"
876,"BIN1"
877,"BIN2"
878,"BIN3"
879,"BIRC2"
880,"BIRC3"
881,"BIRC5"
882,"BIRC7"
883,"BLCAP"
884,"BLK"
885,"BLM"
886,"BLMH"
887,"BLNK"
888,"BLOC1S1"
889,"BLVRA"
890,"BLVRB"
891,"BLZF1"
892,"BMI1"
893,"BMP1"
894,"BMP10"
895,"BMP15"
896,"BMP2"
897,"BMP2K"
898,"BMP3"
899,"BMP4"
900,"BMP5"
901,"BMP6"
902,"BMP7"
903,"BMP8A"
904,"BMP8B"
905,"BMPR1A"
906,"BMPR1B"
907,"BMPR2"
908,"BMS1"
909,"BMX"
910,"BNC1"
911,"BNC2"
912,"BNIP1"
913,"BNIP2"
914,"BNIP3"
915,"BNIP3L"
916,"BOLA1"
917,"BOP1"
918,"BPESC1"
919,"BPGM"
920,"BPHL"
921,"BPI"
922,"BPTF"
923,"BRAF"
924,"BRAP"
925,"BRCA1"
926,"BRCA2"
927,"BRCC3"
928,"BRD1"
929,"BRD2"
930,"BRD3"
931,"BRD4"
932,"BRD7"
933,"BRD8"
934,"BRD9"
935,"BRDT"
936,"BRF1"
937,"BRF2"
938,"BRIP1"
939,"BRMS1"
940,"BRPF1"
941,"BRSK2"
942,"BRWD1"
943,"BSCL2"
944,"BSDC1"
945,"BSG"
946,"BSN"
947,"BSPRY"
948,"BST1"
949,"BST2"
950,"BTAF1"
951,"BTBD1"
952,"BTBD2"
953,"BTBD3"
954,"BTBD7"
955,"BTC"
956,"BTD"
957,"BTF3"
958,"BTG1"
959,"BTG2"
960,"BTG3"
961,"BTG4"
962,"BTK"
963,"BTN1A1"
964,"BTN2A1"
965,"BTN2A2"
966,"BTN3A1"
967,"BTN3A2"
968,"BTNL2"
969,"BTNL3"
970,"BTRC"
971,"BUB1"
972,"BUB1B"
973,"BUB3"
974,"BUD31"
975,"BYSL"
976,"BZW1"
977,"BZW2"
978,"C1D"
979,"C1GALT1"
980,"C1GALT1C1"
981,"C1QA"
982,"C1QB"
983,"C1QBP"
984,"C1QL1"
985,"C1QTNF1"
986,"C1QTNF3"
987,"C1RL"
988,"C1S"
989,"C2"
990,"C3"
991,"C3AR1"
992,"C4BPA"
993,"C4BPB"
994,"C5"
995,"C5AR1"
996,"C6"
997,"C7"
998,"C8A"
999,"C8B"
1000,"C8G"
1001,"C9"
1002,"CA1"
1003,"CA10"
1004,"CA11"
1005,"CA12"
1006,"CA14"
1007,"CA2"
1008,"CA3"
1009,"CA4"
1010,"CA5A"
1011,"CA5B"
1012,"CA6"
1013,"CA7"
1014,"CA8"
1015,"CA9"
1016,"CAB39"
1017,"CAB39L"
1018,"CABIN1"
1019,"CABP1"
1020,"CABP2"
1021,"CABP5"
1022,"CABYR"
1023,"CACNA1A"
1024,"CACNA1B"
1025,"CACNA1C"
1026,"CACNA1D"
1027,"CACNA1E"
1028,"CACNA1F"
1029,"CACNA1G"
1030,"CACNA1H"
1031,"CACNA1I"
1032,"CACNA1S"
1033,"CACNA2D1"
1034,"CACNA2D2"
1035,"CACNA2D3"
1036,"CACNB1"
1037,"CACNB2"
1038,"CACNB3"
1039,"CACNB4"
1040,"CACNG1"
1041,"CACNG2"
1042,"CACNG3"
1043,"CACNG4"
1044,"CACNG5"
1045,"CACYBP"
1046,"CAD"
1047,"CADM1"
1048,"CADM3"
1049,"CADM4"
1050,"CADPS2"
1051,"CALB1"
1052,"CALB2"
1053,"CALCA"
1054,"CALCOCO1"
1055,"CALCOCO2"
1056,"CALCR"
1057,"CALCRL"
1058,"CALD1"
1059,"CALM2"
1060,"CALM3"
1061,"CALML3"
1062,"CALML4"
1063,"CALML5"
1064,"CALR"
1065,"CALU"
1066,"CAMK1"
1067,"CAMK1D"
1068,"CAMK1G"
1069,"CAMK2A"
1070,"CAMK2B"
1071,"CAMK2G"
1072,"CAMK2N1"
1073,"CAMK4"
1074,"CAMKK2"
1075,"CAMKV"
1076,"CAMLG"
1077,"CAMP"
1078,"CAMSAP1"
1079,"CAMTA1"
1080,"CAMTA2"
1081,"CAND1"
1082,"CAND2"
1083,"CANT1"
1084,"CANX"
1085,"CAP1"
1086,"CAP2"
1087,"CAPG"
1088,"CAPN1"
1089,"CAPN10"
1090,"CAPN11"
1091,"CAPN2"
1092,"CAPN3"
1093,"CAPN5"
1094,"CAPN6"
1095,"CAPN7"
1096,"CAPN9"
1097,"CAPNS1"
1098,"CAPRIN1"
1099,"CAPRIN2"
1100,"CAPZA1"
1101,"CAPZA2"
1102,"CAPZB"
1103,"CARD10"
1104,"CARD14"
1105,"CARD8"
1106,"CARD9"
1107,"CARHSP1"
1108,"CARS2"
1109,"CARTPT"
1110,"CASC3"
1111,"CASD1"
1112,"CASK"
1113,"CASKIN2"
1114,"CASP1"
1115,"CASP10"
1116,"CASP2"
1117,"CASP3"
1118,"CASP4"
1119,"CASP5"
1120,"CASP6"
1121,"CASP7"
1122,"CASP8"
1123,"CASP8AP2"
1124,"CASP9"
1125,"CASQ1"
1126,"CASQ2"
1127,"CASR"
1128,"CAST"
1129,"CASZ1"
1130,"CAT"
1131,"CAV1"
1132,"CAV2"
1133,"CAV3"
1134,"CBFA2T2"
1135,"CBFA2T3"
1136,"CBFB"
1137,"CBL"
1138,"CBLB"
1139,"CBLC"
1140,"CBLL1"
1141,"CBLN1"
1142,"CBR1"
1143,"CBR3"
1144,"CBR4"
1145,"CBS"
1146,"CBX1"
1147,"CBX2"
1148,"CBX3"
1149,"CBX4"
1150,"CBX5"
1151,"CBX6"
1152,"CBX7"
1153,"CBX8"
1154,"CBY1"
1155,"CC2D1A"
1156,"CCDC102B"
1157,"CCDC106"
1158,"CCDC121"
1159,"CCDC134"
1160,"CCDC15"
1161,"CCDC22"
1162,"CCDC25"
1163,"CCDC28A"
1164,"CCDC28B"
1165,"CCDC40"
1166,"CCDC47"
1167,"CCDC51"
1168,"CCDC59"
1169,"CCDC6"
1170,"CCDC68"
1171,"CCDC69"
1172,"CCDC70"
1173,"CCDC81"
1174,"CCDC85B"
1175,"CCDC86"
1176,"CCDC87"
1177,"CCDC88A"
1178,"CCDC88C"
1179,"CCDC9"
1180,"CCDC90B"
1181,"CCDC91"
1182,"CCDC92"
1183,"CCDC93"
1184,"CCHCR1"
1185,"CCIN"
1186,"CCK"
1187,"CCKAR"
1188,"CCKBR"
1189,"CCL1"
1190,"CCL11"
1191,"CCL13"
1192,"CCL16"
1193,"CCL17"
1194,"CCL18"
1195,"CCL19"
1196,"CCL2"
1197,"CCL20"
1198,"CCL21"
1199,"CCL22"
1200,"CCL23"
1201,"CCL24"
1202,"CCL5"
1203,"CCL7"
1204,"CCNA1"
1205,"CCNA2"
1206,"CCNB1"
1207,"CCNB1IP1"
1208,"CCNB2"
1209,"CCNC"
1210,"CCND1"
1211,"CCND2"
1212,"CCND3"
1213,"CCNE1"
1214,"CCNE2"
1215,"CCNF"
1216,"CCNG1"
1217,"CCNG2"
1218,"CCNH"
1219,"CCNI"
1220,"CCNJ"
1221,"CCNJL"
1222,"CCNK"
1223,"CCNL1"
1224,"CCNL2"
1225,"CCNT1"
1226,"CCNT2"
1227,"CCPG1"
1228,"CCR1"
1229,"CCR10"
1230,"CCR3"
1231,"CCR4"
1232,"CCR6"
1233,"CCR7"
1234,"CCR8"
1235,"CCS"
1236,"CCT2"
1237,"CCT3"
1238,"CCT4"
1239,"CCT5"
1240,"CCT6A"
1241,"CCT6B"
1242,"CCT7"
1243,"CCT8"
1244,"CD14"
1245,"CD151"
1246,"CD160"
1247,"CD163"
1248,"CD164"
1249,"CD177"
1250,"CD180"
1251,"CD19"
1252,"CD1A"
1253,"CD1B"
1254,"CD1C"
1255,"CD1D"
1256,"CD1E"
1257,"CD2"
1258,"CD200"
1259,"CD207"
1260,"CD209"
1261,"CD22"
1262,"CD226"
1263,"CD244"
1264,"CD247"
1265,"CD248"
1266,"CD27"
1267,"CD28"
1268,"CD2AP"
1269,"CD2BP2"
1270,"CD300A"
1271,"CD300C"
1272,"CD302"
1273,"CD320"
1274,"CD33"
1275,"CD34"
1276,"CD36"
1277,"CD37"
1278,"CD38"
1279,"CD3D"
1280,"CD3E"
1281,"CD3G"
1282,"CD4"
1283,"CD40"
1284,"CD40LG"
1285,"CD44"
1286,"CD46"
1287,"CD47"
1288,"CD48"
1289,"CD5"
1290,"CD52"
1291,"CD53"
1292,"CD55"
1293,"CD58"
1294,"CD59"
1295,"CD5L"
1296,"CD6"
1297,"CD63"
1298,"CD69"
1299,"CD7"
1300,"CD70"
1301,"CD72"
1302,"CD74"
1303,"CD79A"
1304,"CD79B"
1305,"CD80"
1306,"CD81"
1307,"CD82"
1308,"CD83"
1309,"CD84"
1310,"CD86"
1311,"CD8B"
1312,"CD9"
1313,"CD93"
1314,"CD96"
1315,"CDA"
1316,"CDADC1"
1317,"CDC123"
1318,"CDC14A"
1319,"CDC14B"
1320,"CDC16"
1321,"CDC20"
1322,"CDC23"
1323,"CDC25A"
1324,"CDC25B"
1325,"CDC25C"
1326,"CDC27"
1327,"CDC34"
1328,"CDC37"
1329,"CDC37L1"
1330,"CDC40"
1331,"CDC42"
1332,"CDC42BPA"
1333,"CDC42BPB"
1334,"CDC42EP1"
1335,"CDC42EP2"
1336,"CDC42EP3"
1337,"CDC42EP4"
1338,"CDC5L"
1339,"CDC6"
1340,"CDC7"
1341,"CDC73"
1342,"CDCA3"
1343,"CDCA4"
1344,"CDCA8"
1345,"CDCP1"
1346,"CDH1"
1347,"CDH10"
1348,"CDH11"
1349,"CDH12"
1350,"CDH15"
1351,"CDH16"
1352,"CDH17"
1353,"CDH18"
1354,"CDH19"
1355,"CDH2"
1356,"CDH20"
1357,"CDH22"
1358,"CDH3"
1359,"CDH4"
1360,"CDH5"
1361,"CDH6"
1362,"CDH7"
1363,"CDH8"
1364,"CDH9"
1365,"CDIPT"
1366,"CDK10"
1367,"CDK2"
1368,"CDK2AP1"
1369,"CDK2AP2"
1370,"CDK3"
1371,"CDK4"
1372,"CDK5"
1373,"CDK5R1"
1374,"CDK5R2"
1375,"CDK5RAP1"
1376,"CDK5RAP2"
1377,"CDK5RAP3"
1378,"CDK6"
1379,"CDK7"
1380,"CDK9"
1381,"CDKAL1"
1382,"CDKL1"
1383,"CDKL2"
1384,"CDKL3"
1385,"CDKL5"
1386,"CDKN1A"
1387,"CDKN1B"
1388,"CDKN1C"
1389,"CDKN2A"
1390,"CDKN2AIP"
1391,"CDKN2B"
1392,"CDKN2C"
1393,"CDKN2D"
1394,"CDKN3"
1395,"CDO1"
1396,"CDON"
1397,"CDR2"
1398,"CDR2L"
1399,"CDS1"
1400,"CDS2"
1401,"CDSN"
1402,"CDT1"
1403,"CDV3"
1404,"CDX2"
1405,"CDX4"
1406,"CDYL"
1407,"CEACAM1"
1408,"CEACAM21"
1409,"CEACAM3"
1410,"CEACAM4"
1411,"CEACAM5"
1412,"CEACAM6"
1413,"CEACAM7"
1414,"CEACAM8"
1415,"CEBPA"
1416,"CEBPB"
1417,"CEBPD"
1418,"CEBPE"
1419,"CEBPG"
1420,"CEBPZ"
1421,"CEL"
1422,"CELSR1"
1423,"CELSR2"
1424,"CEND1"
1425,"CENPA"
1426,"CENPB"
1427,"CENPE"
1428,"CENPF"
1429,"CENPI"
1430,"CENPJ"
1431,"CENPM"
1432,"CENPN"
1433,"CENPQ"
1434,"CENPT"
1435,"CEP135"
1436,"CEP152"
1437,"CEP164"
1438,"CEP170"
1439,"CEP192"
1440,"CEP250"
1441,"CEP290"
1442,"CEP350"
1443,"CEP55"
1444,"CEP57"
1445,"CEP63"
1446,"CEP68"
1447,"CEP70"
1448,"CEP72"
1449,"CEP76"
1450,"CEPT1"
1451,"CER1"
1452,"CERK"
1453,"CES2"
1454,"CES3"
1455,"CETN1"
1456,"CETN2"
1457,"CETN3"
1458,"CETP"
1459,"CFB"
1460,"CFD"
1461,"CFDP1"
1462,"CFH"
1463,"CFHR2"
1464,"CFHR5"
1465,"CFI"
1466,"CFL1"
1467,"CFLAR"
1468,"CFP"
1469,"CFTR"
1470,"CGA"
1471,"CGGBP1"
1472,"CGRRF1"
1473,"CH25H"
1474,"CHAC1"
1475,"CHAD"
1476,"CHAF1A"
1477,"CHAF1B"
1478,"CHAT"
1479,"CHCHD2"
1480,"CHCHD3"
1481,"CHCHD7"
1482,"CHD1"
1483,"CHD1L"
1484,"CHD2"
1485,"CHD3"
1486,"CHD4"
1487,"CHD5"
1488,"CHD7"
1489,"CHD8"
1490,"CHD9"
1491,"CHEK1"
1492,"CHEK2"
1493,"CHERP"
1494,"CHFR"
1495,"CHGA"
1496,"CHGB"
1497,"CHI3L1"
1498,"CHI3L2"
1499,"CHIA"
1500,"CHIC2"
1501,"CHIT1"
1502,"CHKA"
1503,"CHL1"
1504,"CHM"
1505,"CHML"
1506,"CHMP1A"
1507,"CHMP1B"
1508,"CHMP2A"
1509,"CHMP2B"
1510,"CHMP4A"
1511,"CHMP5"
1512,"CHMP6"
1513,"CHMP7"
1514,"CHN1"
1515,"CHN2"
1516,"CHODL"
1517,"CHORDC1"
1518,"CHPF"
1519,"CHPT1"
1520,"CHRD"
1521,"CHRM2"
1522,"CHRM4"
1523,"CHRM5"
1524,"CHRNA1"
1525,"CHRNA10"
1526,"CHRNA2"
1527,"CHRNA3"
1528,"CHRNA4"
1529,"CHRNA5"
1530,"CHRNA6"
1531,"CHRNA9"
1532,"CHRNB1"
1533,"CHRNB2"
1534,"CHRNB3"
1535,"CHRNB4"
1536,"CHRND"
1537,"CHRNE"
1538,"CHRNG"
1539,"CHST1"
1540,"CHST10"
1541,"CHST11"
1542,"CHST12"
1543,"CHST2"
1544,"CHST3"
1545,"CHST4"
1546,"CHST5"
1547,"CHST7"
1548,"CHST8"
1549,"CHSY1"
1550,"CHUK"
1551,"CIAO1"
1552,"CIAPIN1"
1553,"CIB1"
1554,"CIB2"
1555,"CIC"
1556,"CIDEA"
1557,"CIDEC"
1558,"CIITA"
1559,"CILP"
1560,"CINP"
1561,"CIRBP"
1562,"CISH"
1563,"CIT"
1564,"CITED1"
1565,"CITED2"
1566,"CIZ1"
1567,"CKAP2"
1568,"CKAP4"
1569,"CKAP5"
1570,"CKB"
1571,"CKLF"
1572,"CKM"
1573,"CKMT2"
1574,"CKS1B"
1575,"CKS2"
1576,"CLASP1"
1577,"CLASP2"
1578,"CLC"
1579,"CLCA1"
1580,"CLCA2"
1581,"CLCA4"
1582,"CLCC1"
1583,"CLCF1"
1584,"CLCN1"
1585,"CLCN2"
1586,"CLCN3"
1587,"CLCN4"
1588,"CLCN5"
1589,"CLCN6"
1590,"CLCN7"
1591,"CLCNKB"
1592,"CLDN1"
1593,"CLDN10"
1594,"CLDN11"
1595,"CLDN14"
1596,"CLDN15"
1597,"CLDN16"
1598,"CLDN17"
1599,"CLDN18"
1600,"CLDN3"
1601,"CLDN4"
1602,"CLDN5"
1603,"CLDN6"
1604,"CLDN7"
1605,"CLDN8"
1606,"CLDN9"
1607,"CLDND1"
1608,"CLEC10A"
1609,"CLEC11A"
1610,"CLEC1A"
1611,"CLEC1B"
1612,"CLEC2B"
1613,"CLEC2D"
1614,"CLEC3B"
1615,"CLEC4A"
1616,"CLEC4E"
1617,"CLEC4M"
1618,"CLEC5A"
1619,"CLEC7A"
1620,"CLGN"
1621,"CLIC1"
1622,"CLIC2"
1623,"CLIC3"
1624,"CLIC4"
1625,"CLIC5"
1626,"CLINT1"
1627,"CLIP1"
1628,"CLIP2"
1629,"CLIP3"
1630,"CLIP4"
1631,"CLK1"
1632,"CLK2"
1633,"CLK3"
1634,"CLK4"
1635,"CLMN"
1636,"CLN3"
1637,"CLN5"
1638,"CLN6"
1639,"CLN8"
1640,"CLNS1A"
1641,"CLOCK"
1642,"CLP1"
1643,"CLPB"
1644,"CLPP"
1645,"CLPS"
1646,"CLPTM1"
1647,"CLPX"
1648,"CLSPN"
1649,"CLSTN1"
1650,"CLSTN2"
1651,"CLSTN3"
1652,"CLTA"
1653,"CLTB"
1654,"CLTC"
1655,"CLTCL1"
1656,"CLU"
1657,"CLUAP1"
1658,"CLUL1"
1659,"CMA1"
1660,"CMAS"
1661,"CMKLR1"
1662,"CMTM6"
1663,"CNBP"
1664,"CNDP2"
1665,"CNGA1"
1666,"CNGA3"
1667,"CNGB1"
1668,"CNGB3"
1669,"CNIH3"
1670,"CNIH4"
1671,"CNKSR1"
1672,"CNKSR2"
1673,"CNN1"
1674,"CNN3"
1675,"CNNM1"
1676,"CNNM2"
1677,"CNNM3"
1678,"CNNM4"
1679,"CNOT1"
1680,"CNOT2"
1681,"CNOT3"
1682,"CNOT4"
1683,"CNOT6"
1684,"CNOT7"
1685,"CNOT8"
1686,"CNP"
1687,"CNR1"
1688,"CNR2"
1689,"CNTFR"
1690,"CNTN1"
1691,"CNTN2"
1692,"CNTN5"
1693,"CNTN6"
1694,"CNTNAP1"
1695,"CNTNAP2"
1696,"COASY"
1697,"COBL"
1698,"COBLL1"
1699,"COCH"
1700,"COG2"
1701,"COG4"
1702,"COG5"
1703,"COG7"
1704,"COIL"
1705,"COL10A1"
1706,"COL11A1"
1707,"COL11A2"
1708,"COL13A1"
1709,"COL14A1"
1710,"COL15A1"
1711,"COL16A1"
1712,"COL17A1"
1713,"COL18A1"
1714,"COL19A1"
1715,"COL1A1"
1716,"COL1A2"
1717,"COL21A1"
1718,"COL2A1"
1719,"COL3A1"
1720,"COL4A1"
1721,"COL4A2"
1722,"COL4A3"
1723,"COL4A4"
1724,"COL4A5"
1725,"COL4A6"
1726,"COL5A1"
1727,"COL5A2"
1728,"COL5A3"
1729,"COL6A1"
1730,"COL6A2"
1731,"COL6A3"
1732,"COL7A1"
1733,"COL8A1"
1734,"COL8A2"
1735,"COL9A1"
1736,"COL9A2"
1737,"COL9A3"
1738,"COLEC10"
1739,"COLEC11"
1740,"COLEC12"
1741,"COLQ"
1742,"COMMD10"
1743,"COMMD3"
1744,"COMMD4"
1745,"COMMD8"
1746,"COMMD9"
1747,"COMP"
1748,"COMT"
1749,"COPA"
1750,"COPB1"
1751,"COPB2"
1752,"COPE"
1753,"COPS2"
1754,"COPS3"
1755,"COPS4"
1756,"COPS5"
1757,"COPS6"
1758,"COPS7A"
1759,"COPS7B"
1760,"COPS8"
1761,"COPZ1"
1762,"COPZ2"
1763,"COQ10B"
1764,"COQ2"
1765,"COQ3"
1766,"COQ4"
1767,"COQ6"
1768,"COQ7"
1769,"COQ9"
1770,"CORIN"
1771,"CORO1A"
1772,"CORO1B"
1773,"CORO1C"
1774,"CORO2A"
1775,"CORO2B"
1776,"CORO7"
1777,"COTL1"
1778,"COX10"
1779,"COX11"
1780,"COX15"
1781,"COX17"
1782,"COX4I1"
1783,"COX5A"
1784,"COX5B"
1785,"COX6A1"
1786,"COX6A2"
1787,"COX6B1"
1788,"COX6C"
1789,"COX7A1"
1790,"COX7A2"
1791,"COX7A2L"
1792,"COX7B"
1793,"COX7C"
1794,"COX8A"
1795,"CP"
1796,"CPA1"
1797,"CPA2"
1798,"CPA3"
1799,"CPA4"
1800,"CPB1"
1801,"CPB2"
1802,"CPD"
1803,"CPE"
1804,"CPEB1"
1805,"CPEB3"
1806,"CPLX2"
1807,"CPM"
1808,"CPN1"
1809,"CPN2"
1810,"CPNE1"
1811,"CPNE3"
1812,"CPNE6"
1813,"CPNE7"
1814,"CPOX"
1815,"CPS1"
1816,"CPSF1"
1817,"CPSF4"
1818,"CPSF6"
1819,"CPT1A"
1820,"CPT2"
1821,"CPVL"
1822,"CPZ"
1823,"CR1"
1824,"CR2"
1825,"CRABP1"
1826,"CRABP2"
1827,"CRADD"
1828,"CRAT"
1829,"CRB1"
1830,"CRBN"
1831,"CRCT1"
1832,"CREB1"
1833,"CREB3"
1834,"CREB3L1"
1835,"CREB3L2"
1836,"CREB5"
1837,"CREBBP"
1838,"CREBL2"
1839,"CREBZF"
1840,"CREG1"
1841,"CRELD1"
1842,"CRELD2"
1843,"CREM"
1844,"CRH"
1845,"CRHBP"
1846,"CRHR1"
1847,"CRHR2"
1848,"CRIM1"
1849,"CRIP1"
1850,"CRIP2"
1851,"CRIPT"
1852,"CRISP1"
1853,"CRISP2"
1854,"CRISP3"
1855,"CRISPLD2"
1856,"CRK"
1857,"CRKL"
1858,"CRLF1"
1859,"CRLF3"
1860,"CRMP1"
1861,"CRNKL1"
1862,"CRNN"
1863,"CROCC"
1864,"CROT"
1865,"CRP"
1866,"CRTAC1"
1867,"CRTAM"
1868,"CRTAP"
1869,"CRTC1"
1870,"CRTC3"
1871,"CRX"
1872,"CRY1"
1873,"CRY2"
1874,"CRYAA"
1875,"CRYAB"
1876,"CRYBA1"
1877,"CRYBA2"
1878,"CRYBA4"
1879,"CRYBB1"
1880,"CRYBB2"
1881,"CRYBB3"
1882,"CRYGA"
1883,"CRYGB"
1884,"CRYGC"
1885,"CRYGD"
1886,"CRYL1"
1887,"CRYM"
1888,"CRYZ"
1889,"CRYZL1"
1890,"CS"
1891,"CSAD"
1892,"CSDC2"
1893,"CSDE1"
1894,"CSE1L"
1895,"CSF1"
1896,"CSF1R"
1897,"CSF2"
1898,"CSF2RB"
1899,"CSF3"
1900,"CSF3R"
1901,"CSH2"
1902,"CSHL1"
1903,"CSK"
1904,"CSN1S1"
1905,"CSN2"
1906,"CSN3"
1907,"CSNK1A1"
1908,"CSNK1D"
1909,"CSNK1E"
1910,"CSNK1G1"
1911,"CSNK1G2"
1912,"CSNK1G3"
1913,"CSNK2A1"
1914,"CSNK2A2"
1915,"CSPG4"
1916,"CSPG5"
1917,"CSPP1"
1918,"CSRP1"
1919,"CSRP2"
1920,"CSRP3"
1921,"CST1"
1922,"CST2"
1923,"CST3"
1924,"CST5"
1925,"CST6"
1926,"CST7"
1927,"CST8"
1928,"CSTA"
1929,"CSTB"
1930,"CSTF1"
1931,"CSTF2"
1932,"CSTF2T"
1933,"CSTF3"
1934,"CTAGE1"
1935,"CTBP1"
1936,"CTBP2"
1937,"CTBS"
1938,"CTCF"
1939,"CTDP1"
1940,"CTDSP1"
1941,"CTDSP2"
1942,"CTDSPL"
1943,"CTF1"
1944,"CTH"
1945,"CTLA4"
1946,"CTNNA1"
1947,"CTNNA2"
1948,"CTNNA3"
1949,"CTNNAL1"
1950,"CTNNB1"
1951,"CTNNBIP1"
1952,"CTNNBL1"
1953,"CTNND1"
1954,"CTNND2"
1955,"CTNS"
1956,"CTPS2"
1957,"CTR9"
1958,"CTRL"
1959,"CTSA"
1960,"CTSB"
1961,"CTSC"
1962,"CTSD"
1963,"CTSF"
1964,"CTSG"
1965,"CTSH"
1966,"CTSK"
1967,"CTSO"
1968,"CTSS"
1969,"CTSW"
1970,"CTSZ"
1971,"CTTN"
1972,"CUBN"
1973,"CUEDC1"
1974,"CUEDC2"
1975,"CUL1"
1976,"CUL2"
1977,"CUL3"
1978,"CUL4A"
1979,"CUL4B"
1980,"CUL5"
1981,"CUL7"
1982,"CUTA"
1983,"CUTC"
1984,"CUZD1"
1985,"CWF19L1"
1986,"CX3CL1"
1987,"CX3CR1"
1988,"CXADR"
1989,"CXCL1"
1990,"CXCL10"
1991,"CXCL11"
1992,"CXCL12"
1993,"CXCL13"
1994,"CXCL14"
1995,"CXCL2"
1996,"CXCL3"
1997,"CXCL5"
1998,"CXCL6"
1999,"CXCL9"
2000,"CXCR3"
2001,"CXCR4"
2002,"CXCR6"
2003,"CXXC1"
2004,"CXXC4"
2005,"CYB561"
2006,"CYB561D2"
2007,"CYB5A"
2008,"CYB5B"
2009,"CYB5R1"
2010,"CYB5R2"
2011,"CYB5R3"
2012,"CYB5R4"
2013,"CYBA"
2014,"CYBB"
2015,"CYBRD1"
2016,"CYC1"
2017,"CYCS"
2018,"CYFIP1"
2019,"CYFIP2"
2020,"CYLC1"
2021,"CYLC2"
2022,"CYLD"
2023,"CYP11A1"
2024,"CYP11B1"
2025,"CYP11B2"
2026,"CYP17A1"
2027,"CYP19A1"
2028,"CYP1A1"
2029,"CYP1A2"
2030,"CYP1B1"
2031,"CYP20A1"
2032,"CYP24A1"
2033,"CYP26A1"
2034,"CYP26B1"
2035,"CYP27A1"
2036,"CYP27B1"
2037,"CYP2A13"
2038,"CYP2A6"
2039,"CYP2B6"
2040,"CYP2C18"
2041,"CYP2C8"
2042,"CYP2C9"
2043,"CYP2E1"
2044,"CYP2F1"
2045,"CYP2J2"
2046,"CYP39A1"
2047,"CYP3A4"
2048,"CYP3A43"
2049,"CYP3A5"
2050,"CYP3A7"
2051,"CYP46A1"
2052,"CYP4A11"
2053,"CYP4B1"
2054,"CYP4F11"
2055,"CYP4F12"
2056,"CYP4F2"
2057,"CYP4F8"
2058,"CYP51A1"
2059,"CYP7A1"
2060,"CYP7B1"
2061,"CYSLTR2"
2062,"CYTL1"
2063,"DAAM1"
2064,"DAAM2"
2065,"DAB1"
2066,"DAB2"
2067,"DACH1"
2068,"DACT1"
2069,"DAD1"
2070,"DAG1"
2071,"DAGLA"
2072,"DAO"
2073,"DAP"
2074,"DAP3"
2075,"DAPK1"
2076,"DAPK2"
2077,"DAPK3"
2078,"DAPP1"
2079,"DARS2"
2080,"DAXX"
2081,"DAZAP1"
2082,"DAZAP2"
2083,"DAZL"
2084,"DBF4"
2085,"DBF4B"
2086,"DBH"
2087,"DBI"
2088,"DBN1"
2089,"DBNDD1"
2090,"DBP"
2091,"DBR1"
2092,"DBT"
2093,"DCAKD"
2094,"DCBLD2"
2095,"DCC"
2096,"DCHS1"
2097,"DCHS2"
2098,"DCK"
2099,"DCLK1"
2100,"DCLRE1A"
2101,"DCLRE1B"
2102,"DCLRE1C"
2103,"DCN"
2104,"DCP1A"
2105,"DCP2"
2106,"DCPS"
2107,"DCT"
2108,"DCTD"
2109,"DCTN1"
2110,"DCTN2"
2111,"DCTN3"
2112,"DCTN4"
2113,"DCTN5"
2114,"DCTN6"
2115,"DCUN1D1"
2116,"DCUN1D2"
2117,"DCUN1D4"
2118,"DCX"
2119,"DCXR"
2120,"DDAH1"
2121,"DDAH2"
2122,"DDB1"
2123,"DDB2"
2124,"DDC"
2125,"DDHD2"
2126,"DDIT3"
2127,"DDIT4"
2128,"DDN"
2129,"DDO"
2130,"DDOST"
2131,"DDR1"
2132,"DDR2"
2133,"DDX1"
2134,"DDX10"
2135,"DDX11"
2136,"DDX17"
2137,"DDX18"
2138,"DDX19A"
2139,"DDX21"
2140,"DDX23"
2141,"DDX24"
2142,"DDX25"
2143,"DDX27"
2144,"DDX28"
2145,"DDX31"
2146,"DDX3X"
2147,"DDX3Y"
2148,"DDX4"
2149,"DDX41"
2150,"DDX42"
2151,"DDX43"
2152,"DDX46"
2153,"DDX47"
2154,"DDX49"
2155,"DDX5"
2156,"DDX50"
2157,"DDX51"
2158,"DDX52"
2159,"DDX54"
2160,"DDX56"
2161,"DDX6"
2162,"DEAF1"
2163,"DECR1"
2164,"DECR2"
2165,"DEDD"
2166,"DEF6"
2167,"DEFA4"
2168,"DEFA5"
2169,"DEFA6"
2170,"DEFB1"
2171,"DEFB126"
2172,"DEGS1"
2173,"DENND1A"
2174,"DENND1C"
2175,"DENND2A"
2176,"DENND2D"
2177,"DENND3"
2178,"DENND4A"
2179,"DENND4B"
2180,"DENND4C"
2181,"DENR"
2182,"DEPDC1"
2183,"DEPDC5"
2184,"DERA"
2185,"DERL1"
2186,"DERL2"
2187,"DES"
2188,"DET1"
2189,"DEXI"
2190,"DFFA"
2191,"DFFB"
2192,"DGCR2"
2193,"DGCR8"
2194,"DGKA"
2195,"DGKB"
2196,"DGKD"
2197,"DGKE"
2198,"DGKG"
2199,"DGKI"
2200,"DGKQ"
2201,"DGKZ"
2202,"DGUOK"
2203,"DHCR24"
2204,"DHCR7"
2205,"DHDDS"
2206,"DHFR"
2207,"DHODH"
2208,"DHPS"
2209,"DHRS1"
2210,"DHRS12"
2211,"DHRS2"
2212,"DHRS3"
2213,"DHRS7"
2214,"DHRS7B"
2215,"DHRS9"
2216,"DHTKD1"
2217,"DHX15"
2218,"DHX16"
2219,"DHX29"
2220,"DHX30"
2221,"DHX32"
2222,"DHX34"
2223,"DHX35"
2224,"DHX38"
2225,"DHX40"
2226,"DHX57"
2227,"DHX58"
2228,"DHX8"
2229,"DHX9"
2230,"DIABLO"
2231,"DIAPH1"
2232,"DIAPH2"
2233,"DICER1"
2234,"DIDO1"
2235,"DIO1"
2236,"DIO2"
2237,"DIO3"
2238,"DIP2C"
2239,"DIRAS2"
2240,"DIRAS3"
2241,"DIS3"
2242,"DISC1"
2243,"DIXDC1"
2244,"DKC1"
2245,"DKK1"
2246,"DKK2"
2247,"DKK3"
2248,"DKK4"
2249,"DKKL1"
2250,"DLAT"
2251,"DLC1"
2252,"DLD"
2253,"DLEC1"
2254,"DLEU1"
2255,"DLG1"
2256,"DLG2"
2257,"DLG3"
2258,"DLG4"
2259,"DLG5"
2260,"DLGAP1"
2261,"DLGAP2"
2262,"DLGAP4"
2263,"DLK1"
2264,"DLK2"
2265,"DLL3"
2266,"DLX2"
2267,"DLX4"
2268,"DLX5"
2269,"DLX6"
2270,"DMBT1"
2271,"DMC1"
2272,"DMD"
2273,"DMP1"
2274,"DMPK"
2275,"DMRT1"
2276,"DMTF1"
2277,"DMWD"
2278,"DMXL1"
2279,"DMXL2"
2280,"DNAH17"
2281,"DNAH2"
2282,"DNAH3"
2283,"DNAH7"
2284,"DNAH9"
2285,"DNAI1"
2286,"DNAI2"
2287,"DNAJA1"
2288,"DNAJA2"
2289,"DNAJA3"
2290,"DNAJB1"
2291,"DNAJB12"
2292,"DNAJB14"
2293,"DNAJB2"
2294,"DNAJB4"
2295,"DNAJB5"
2296,"DNAJB6"
2297,"DNAJB9"
2298,"DNAJC1"
2299,"DNAJC10"
2300,"DNAJC12"
2301,"DNAJC13"
2302,"DNAJC15"
2303,"DNAJC16"
2304,"DNAJC17"
2305,"DNAJC3"
2306,"DNAJC4"
2307,"DNAJC6"
2308,"DNAJC7"
2309,"DNAJC8"
2310,"DNAL4"
2311,"DNALI1"
2312,"DNASE1"
2313,"DNASE1L2"
2314,"DNASE1L3"
2315,"DNASE2"
2316,"DNASE2B"
2317,"DNM1"
2318,"DNM1L"
2319,"DNM2"
2320,"DNM3"
2321,"DNMBP"
2322,"DNMT1"
2323,"DNMT3A"
2324,"DNMT3B"
2325,"DNMT3L"
2326,"DNPEP"
2327,"DNTT"
2328,"DNTTIP2"
2329,"DOC2A"
2330,"DOCK1"
2331,"DOCK10"
2332,"DOCK2"
2333,"DOCK3"
2334,"DOCK4"
2335,"DOCK5"
2336,"DOCK6"
2337,"DOCK9"
2338,"DOHH"
2339,"DOK1"
2340,"DOK3"
2341,"DOK4"
2342,"DOK5"
2343,"DOLK"
2344,"DOLPP1"
2345,"DONSON"
2346,"DOT1L"
2347,"DPAGT1"
2348,"DPEP1"
2349,"DPEP2"
2350,"DPEP3"
2351,"DPF1"
2352,"DPF2"
2353,"DPH2"
2354,"DPH5"
2355,"DPM1"
2356,"DPM2"
2357,"DPM3"
2358,"DPP3"
2359,"DPP4"
2360,"DPP6"
2361,"DPP8"
2362,"DPPA4"
2363,"DPT"
2364,"DPY19L1"
2365,"DPY19L4"
2366,"DPYD"
2367,"DPYS"
2368,"DPYSL2"
2369,"DPYSL3"
2370,"DPYSL4"
2371,"DR1"
2372,"DRAP1"
2373,"DRD1"
2374,"DRD2"
2375,"DRD3"
2376,"DRD4"
2377,"DRD5"
2378,"DRG1"
2379,"DRG2"
2380,"DRP2"
2381,"DSC1"
2382,"DSC2"
2383,"DSC3"
2384,"DSCAM"
2385,"DSCR4"
2386,"DSE"
2387,"DSG1"
2388,"DSG3"
2389,"DSN1"
2390,"DSP"
2391,"DSPP"
2392,"DST"
2393,"DSTN"
2394,"DTL"
2395,"DTNA"
2396,"DTNB"
2397,"DTWD1"
2398,"DTX2"
2399,"DTX3"
2400,"DTX4"
2401,"DTYMK"
2402,"DUOX1"
2403,"DUOX2"
2404,"DUS1L"
2405,"DUS4L"
2406,"DUSP1"
2407,"DUSP10"
2408,"DUSP11"
2409,"DUSP12"
2410,"DUSP14"
2411,"DUSP2"
2412,"DUSP21"
2413,"DUSP22"
2414,"DUSP26"
2415,"DUSP3"
2416,"DUSP4"
2417,"DUSP5"
2418,"DUSP6"
2419,"DUSP8"
2420,"DUSP9"
2421,"DUT"
2422,"DVL2"
2423,"DVL3"
2424,"DYNC1H1"
2425,"DYNC1I1"
2426,"DYNC1I2"
2427,"DYNC1LI1"
2428,"DYNC1LI2"
2429,"DYNC2H1"
2430,"DYNC2LI1"
2431,"DYNLL1"
2432,"DYNLRB1"
2433,"DYNLT1"
2434,"DYNLT3"
2435,"DYRK1A"
2436,"DYRK1B"
2437,"DYRK2"
2438,"DYRK3"
2439,"DYRK4"
2440,"DYSF"
2441,"DZIP1"
2442,"DZIP3"
2443,"E2F1"
2444,"E2F2"
2445,"E2F3"
2446,"E2F4"
2447,"E2F5"
2448,"E2F6"
2449,"E2F8"
2450,"E4F1"
2451,"EAF2"
2452,"EAPP"
2453,"EBAG9"
2454,"EBF2"
2455,"EBI3"
2456,"EBNA1BP2"
2457,"EBP"
2458,"ECD"
2459,"ECE1"
2460,"ECE2"
2461,"ECEL1"
2462,"ECH1"
2463,"ECHDC1"
2464,"ECHDC2"
2465,"ECHDC3"
2466,"ECHS1"
2467,"ECM1"
2468,"ECM2"
2469,"ECSIT"
2470,"ECT2"
2471,"EDA"
2472,"EDA2R"
2473,"EDAR"
2474,"EDC3"
2475,"EDC4"
2476,"EDEM1"
2477,"EDEM2"
2478,"EDEM3"
2479,"EDF1"
2480,"EDIL3"
2481,"EDN1"
2482,"EDN2"
2483,"EDN3"
2484,"EDNRA"
2485,"EDNRB"
2486,"EEA1"
2487,"EED"
2488,"EEF1A1"
2489,"EEF1A2"
2490,"EEF1D"
2491,"EEF1E1"
2492,"EEF1G"
2493,"EEF2"
2494,"EFCAB2"
2495,"EFCAB6"
2496,"EFEMP1"
2497,"EFEMP2"
2498,"EFHC1"
2499,"EFHC2"
2500,"EFHD1"
2501,"EFHD2"
2502,"EFNA1"
2503,"EFNA2"
2504,"EFNA3"
2505,"EFNA4"
2506,"EFNA5"
2507,"EFNB1"
2508,"EFNB2"
2509,"EFNB3"
2510,"EFS"
2511,"EGF"
2512,"EGFL6"
2513,"EGFL7"
2514,"EGFR"
2515,"EGLN1"
2516,"EGLN2"
2517,"EGLN3"
2518,"EGR1"
2519,"EGR2"
2520,"EGR3"
2521,"EHBP1"
2522,"EHBP1L1"
2523,"EHD1"
2524,"EHD2"
2525,"EHD3"
2526,"EHD4"
2527,"EHF"
2528,"EHHADH"
2529,"EHMT1"
2530,"EHMT2"
2531,"EI24"
2532,"EID1"
2533,"EIF1"
2534,"EIF1AX"
2535,"EIF1AY"
2536,"EIF1B"
2537,"EIF2AK1"
2538,"EIF2AK2"
2539,"EIF2AK3"
2540,"EIF2B1"
2541,"EIF2B2"
2542,"EIF2B3"
2543,"EIF2B4"
2544,"EIF2B5"
2545,"EIF2S1"
2546,"EIF2S2"
2547,"EIF2S3"
2548,"EIF4A1"
2549,"EIF4A2"
2550,"EIF4A3"
2551,"EIF4B"
2552,"EIF4E"
2553,"EIF4E2"
2554,"EIF4EBP1"
2555,"EIF4EBP2"
2556,"EIF4ENIF1"
2557,"EIF4G1"
2558,"EIF4G2"
2559,"EIF4G3"
2560,"EIF4H"
2561,"EIF5"
2562,"EIF5A2"
2563,"EIF5B"
2564,"ELAC1"
2565,"ELAC2"
2566,"ELAVL1"
2567,"ELAVL2"
2568,"ELAVL3"
2569,"ELAVL4"
2570,"ELF1"
2571,"ELF2"
2572,"ELF3"
2573,"ELF4"
2574,"ELF5"
2575,"ELK1"
2576,"ELK3"
2577,"ELK4"
2578,"ELL"
2579,"ELL2"
2580,"ELL3"
2581,"ELMO1"
2582,"ELMO2"
2583,"ELMO3"
2584,"ELN"
2585,"ELOVL1"
2586,"ELOVL2"
2587,"ELOVL4"
2588,"ELOVL5"
2589,"ELOVL6"
2590,"ELP3"
2591,"ELP4"
2592,"ELSPBP1"
2593,"EMCN"
2594,"EMD"
2595,"EMG1"
2596,"EMID1"
2597,"EMILIN1"
2598,"EML1"
2599,"EML2"
2600,"EML3"
2601,"EML4"
2602,"EMP1"
2603,"EMP2"
2604,"EMP3"
2605,"EMX1"
2606,"EMX2"
2607,"EN1"
2608,"EN2"
2609,"ENAH"
2610,"ENC1"
2611,"ENDOD1"
2612,"ENG"
2613,"ENO1"
2614,"ENO2"
2615,"ENO3"
2616,"ENOPH1"
2617,"ENOSF1"
2618,"ENOX1"
2619,"ENOX2"
2620,"ENPEP"
2621,"ENPP1"
2622,"ENPP2"
2623,"ENPP4"
2624,"ENSA"
2625,"ENTPD1"
2626,"ENTPD2"
2627,"ENTPD3"
2628,"ENTPD4"
2629,"ENTPD5"
2630,"ENTPD6"
2631,"ENTPD7"
2632,"ENY2"
2633,"EP300"
2634,"EP400"
2635,"EPAS1"
2636,"EPB41"
2637,"EPB41L1"
2638,"EPB41L2"
2639,"EPB41L3"
2640,"EPB41L4A"
2641,"EPB41L4B"
2642,"EPB41L5"
2643,"EPB42"
2644,"EPHA1"
2645,"EPHA2"
2646,"EPHA3"
2647,"EPHA4"
2648,"EPHA5"
2649,"EPHA7"
2650,"EPHB1"
2651,"EPHB2"
2652,"EPHB3"
2653,"EPHB4"
2654,"EPHB6"
2655,"EPHX1"
2656,"EPHX2"
2657,"EPM2A"
2658,"EPM2AIP1"
2659,"EPN1"
2660,"EPN2"
2661,"EPN3"
2662,"EPO"
2663,"EPOR"
2664,"EPS15"
2665,"EPS15L1"
2666,"EPS8"
2667,"EPS8L1"
2668,"EPS8L2"
2669,"EPS8L3"
2670,"EPYC"
2671,"ERAL1"
2672,"ERBB2"
2673,"ERBB3"
2674,"ERBB4"
2675,"ERC1"
2676,"ERC2"
2677,"ERCC1"
2678,"ERCC2"
2679,"ERCC3"
2680,"ERCC4"
2681,"ERCC5"
2682,"ERCC6"
2683,"ERCC6L"
2684,"ERCC8"
2685,"EREG"
2686,"ERF"
2687,"ERG"
2688,"ERGIC2"
2689,"ERGIC3"
2690,"ERH"
2691,"ERLIN1"
2692,"ERLIN2"
2693,"ERMAP"
2694,"ERMP1"
2695,"ERN1"
2696,"ERN2"
2697,"ERP29"
2698,"ESD"
2699,"ESF1"
2700,"ESPL1"
2701,"ESR1"
2702,"ESR2"
2703,"ESRRA"
2704,"ESRRG"
2705,"ETAA1"
2706,"ETF1"
2707,"ETFA"
2708,"ETFB"
2709,"ETFDH"
2710,"ETHE1"
2711,"ETNK1"
2712,"ETNK2"
2713,"ETS1"
2714,"ETS2"
2715,"ETV1"
2716,"ETV3"
2717,"ETV4"
2718,"ETV5"
2719,"ETV6"
2720,"ETV7"
2721,"EVC"
2722,"EVI2B"
2723,"EVI5"
2724,"EVL"
2725,"EVPL"
2726,"EVX1"
2727,"EWSR1"
2728,"EXO1"
2729,"EXOC1"
2730,"EXOC2"
2731,"EXOC3"
2732,"EXOC5"
2733,"EXOC6B"
2734,"EXOC7"
2735,"EXOSC10"
2736,"EXOSC2"
2737,"EXOSC4"
2738,"EXOSC5"
2739,"EXOSC7"
2740,"EXOSC8"
2741,"EXOSC9"
2742,"EXPH5"
2743,"EXT1"
2744,"EXT2"
2745,"EXTL1"
2746,"EXTL2"
2747,"EXTL3"
2748,"EYA1"
2749,"EYA2"
2750,"EYA3"
2751,"EYA4"
2752,"EZH1"
2753,"EZH2"
2754,"F10"
2755,"F11"
2756,"F11R"
2757,"F12"
2758,"F13A1"
2759,"F13B"
2760,"F2"
2761,"F2R"
2762,"F2RL1"
2763,"F2RL2"
2764,"F2RL3"
2765,"F3"
2766,"F5"
2767,"F7"
2768,"F8"
2769,"F9"
2770,"FA2H"
2771,"FAAH"
2772,"FABP1"
2773,"FABP2"
2774,"FABP3"
2775,"FABP4"
2776,"FABP6"
2777,"FABP7"
2778,"FADD"
2779,"FADS1"
2780,"FADS2"
2781,"FADS3"
2782,"FAF1"
2783,"FAH"
2784,"FAHD2A"
2785,"FAIM"
2786,"FAIM2"
2787,"FAM107A"
2788,"FAM110B"
2789,"FAM111A"
2790,"FAM117A"
2791,"FAM118A"
2792,"FAM120A"
2793,"FAM120C"
2794,"FAM124B"
2795,"FAM131A"
2796,"FAM131B"
2797,"FAM20B"
2798,"FAM32A"
2799,"FAM3A"
2800,"FAM3C"
2801,"FAM50A"
2802,"FAM50B"
2803,"FAM53B"
2804,"FAM53C"
2805,"FAM83E"
2806,"FAM89B"
2807,"FAM8A1"
2808,"FAM90A1"
2809,"FAM98A"
2810,"FANCA"
2811,"FANCC"
2812,"FANCE"
2813,"FANCF"
2814,"FANCG"
2815,"FANCI"
2816,"FAP"
2817,"FARP1"
2818,"FARP2"
2819,"FARS2"
2820,"FARSA"
2821,"FAS"
2822,"FASLG"
2823,"FASN"
2824,"FASTK"
2825,"FASTKD1"
2826,"FASTKD2"
2827,"FASTKD3"
2828,"FASTKD5"
2829,"FAT2"
2830,"FAU"
2831,"FBL"
2832,"FBLN1"
2833,"FBLN2"
2834,"FBLN5"
2835,"FBN1"
2836,"FBN2"
2837,"FBP1"
2838,"FBXL12"
2839,"FBXL15"
2840,"FBXL18"
2841,"FBXL2"
2842,"FBXL4"
2843,"FBXL5"
2844,"FBXL6"
2845,"FBXL7"
2846,"FBXL8"
2847,"FBXO11"
2848,"FBXO17"
2849,"FBXO2"
2850,"FBXO21"
2851,"FBXO22"
2852,"FBXO24"
2853,"FBXO28"
2854,"FBXO3"
2855,"FBXO34"
2856,"FBXO38"
2857,"FBXO40"
2858,"FBXO41"
2859,"FBXO42"
2860,"FBXO46"
2861,"FBXO5"
2862,"FBXO7"
2863,"FBXO9"
2864,"FBXW11"
2865,"FBXW2"
2866,"FBXW4"
2867,"FBXW7"
2868,"FCAR"
2869,"FCER1A"
2870,"FCER1G"
2871,"FCER2"
2872,"FCF1"
2873,"FCGR2A"
2874,"FCGR2B"
2875,"FCGRT"
2876,"FCHO1"
2877,"FCHSD2"
2878,"FCN1"
2879,"FCN2"
2880,"FCN3"
2881,"FCRL2"
2882,"FDFT1"
2883,"FDX1"
2884,"FDXR"
2885,"FECH"
2886,"FEM1B"
2887,"FEM1C"
2888,"FEN1"
2889,"FER"
2890,"FES"
2891,"FETUB"
2892,"FEV"
2893,"FEZ1"
2894,"FEZ2"
2895,"FEZF2"
2896,"FGA"
2897,"FGB"
2898,"FGD1"
2899,"FGD2"
2900,"FGD6"
2901,"FGF1"
2902,"FGF12"
2903,"FGF13"
2904,"FGF14"
2905,"FGF17"
2906,"FGF18"
2907,"FGF2"
2908,"FGF20"
2909,"FGF21"
2910,"FGF22"
2911,"FGF23"
2912,"FGF3"
2913,"FGF5"
2914,"FGF6"
2915,"FGF7"
2916,"FGF8"
2917,"FGF9"
2918,"FGFBP1"
2919,"FGFR1"
2920,"FGFR2"
2921,"FGFR3"
2922,"FGFR4"
2923,"FGG"
2924,"FGL1"
2925,"FGL2"
2926,"FGR"
2927,"FH"
2928,"FHIT"
2929,"FHL1"
2930,"FHL2"
2931,"FHL3"
2932,"FHL5"
2933,"FHOD1"
2934,"FHOD3"
2935,"FIBP"
2936,"FILIP1L"
2937,"FIP1L1"
2938,"FIS1"
2939,"FJX1"
2940,"FKBP10"
2941,"FKBP11"
2942,"FKBP14"
2943,"FKBP15"
2944,"FKBP1A"
2945,"FKBP1B"
2946,"FKBP2"
2947,"FKBP3"
2948,"FKBP4"
2949,"FKBP5"
2950,"FKBP6"
2951,"FKBP8"
2952,"FKBPL"
2953,"FKRP"
2954,"FLAD1"
2955,"FLG"
2956,"FLI1"
2957,"FLII"
2958,"FLJ13224"
2959,"FLNA"
2960,"FLNB"
2961,"FLNC"
2962,"FLOT1"
2963,"FLOT2"
2964,"FLRT1"
2965,"FLRT2"
2966,"FLRT3"
2967,"FLT1"
2968,"FLT3"
2969,"FLT3LG"
2970,"FLT4"
2971,"FLVCR2"
2972,"FMNL1"
2973,"FMO1"
2974,"FMO2"
2975,"FMO3"
2976,"FMO4"
2977,"FMO5"
2978,"FMOD"
2979,"FMR1"
2980,"FN1"
2981,"FN3KRP"
2982,"FNBP1"
2983,"FNBP1L"
2984,"FNBP4"
2985,"FNDC3A"
2986,"FNDC3B"
2987,"FNDC4"
2988,"FNDC8"
2989,"FNTA"
2990,"FNTB"
2991,"FOLR1"
2992,"FOLR2"
2993,"FOLR3"
2994,"FOS"
2995,"FOSB"
2996,"FOSL1"
2997,"FOSL2"
2998,"FOXA2"
2999,"FOXB1"
3000,"FOXC1"
3001,"FOXC2"
3002,"FOXD1"
3003,"FOXD2"
3004,"FOXD3"
3005,"FOXE1"
3006,"FOXE3"
3007,"FOXF1"
3008,"FOXF2"
3009,"FOXG1"
3010,"FOXH1"
3011,"FOXI1"
3012,"FOXJ1"
3013,"FOXJ2"
3014,"FOXJ3"
3015,"FOXK2"
3016,"FOXL1"
3017,"FOXL2"
3018,"FOXM1"
3019,"FOXN1"
3020,"FOXN2"
3021,"FOXN3"
3022,"FOXO1"
3023,"FOXO3"
3024,"FOXO4"
3025,"FOXP3"
3026,"FOXRED2"
3027,"FPGS"
3028,"FPR1"
3029,"FRAS1"
3030,"FRAT1"
3031,"FRAT2"
3032,"FRG1"
3033,"FRK"
3034,"FRMD1"
3035,"FRMD4A"
3036,"FRMD4B"
3037,"FRMPD1"
3038,"FRS2"
3039,"FRS3"
3040,"FRY"
3041,"FRYL"
3042,"FRZB"
3043,"FSCN1"
3044,"FSCN3"
3045,"FSD1"
3046,"FSHB"
3047,"FSHR"
3048,"FST"
3049,"FSTL1"
3050,"FSTL3"
3051,"FSTL4"
3052,"FTCD"
3053,"FTH1"
3054,"FTL"
3055,"FTO"
3056,"FTSJ1"
3057,"FTSJ3"
3058,"FUBP1"
3059,"FUBP3"
3060,"FUCA1"
3061,"FURIN"
3062,"FUS"
3063,"FUT1"
3064,"FUT2"
3065,"FUT3"
3066,"FUT4"
3067,"FUT5"
3068,"FUT6"
3069,"FUT7"
3070,"FUT8"
3071,"FUT9"
3072,"FUZ"
3073,"FXN"
3074,"FXR1"
3075,"FXR2"
3076,"FXYD1"
3077,"FXYD2"
3078,"FXYD3"
3079,"FXYD5"
3080,"FXYD6"
3081,"FXYD7"
3082,"FYCO1"
3083,"FYN"
3084,"FZD1"
3085,"FZD10"
3086,"FZD2"
3087,"FZD3"
3088,"FZD4"
3089,"FZD5"
3090,"FZD6"
3091,"FZD7"
3092,"FZD8"
3093,"FZD9"
3094,"FZR1"
3095,"G0S2"
3096,"G3BP1"
3097,"G3BP2"
3098,"G6PC2"
3099,"G6PC3"
3100,"G6PD"
3101,"GAA"
3102,"GAB1"
3103,"GAB2"
3104,"GABARAP"
3105,"GABARAPL1"
3106,"GABARAPL2"
3107,"GABARAPL3"
3108,"GABBR1"
3109,"GABBR2"
3110,"GABPA"
3111,"GABRA1"
3112,"GABRA2"
3113,"GABRA3"
3114,"GABRA4"
3115,"GABRA5"
3116,"GABRA6"
3117,"GABRB1"
3118,"GABRB2"
3119,"GABRB3"
3120,"GABRD"
3121,"GABRE"
3122,"GABRG2"
3123,"GABRG3"
3124,"GABRP"
3125,"GABRQ"
3126,"GABRR1"
3127,"GABRR2"
3128,"GAD1"
3129,"GAD2"
3130,"GADD45A"
3131,"GADD45B"
3132,"GADD45G"
3133,"GADD45GIP1"
3134,"GAGE1"
3135,"GAK"
3136,"GAL"
3137,"GAL3ST1"
3138,"GAL3ST4"
3139,"GALC"
3140,"GALE"
3141,"GALK1"
3142,"GALK2"
3143,"GALNS"
3144,"GALNT10"
3145,"GALNT11"
3146,"GALNT12"
3147,"GALNT14"
3148,"GALNT2"
3149,"GALNT3"
3150,"GALNT4"
3151,"GALNT6"
3152,"GALNT7"
3153,"GALNT8"
3154,"GALR1"
3155,"GALR2"
3156,"GALR3"
3157,"GALT"
3158,"GAMT"
3159,"GAN"
3160,"GANAB"
3161,"GAP43"
3162,"GAPDH"
3163,"GAPDHS"
3164,"GAPVD1"
3165,"GART"
3166,"GAS1"
3167,"GAS2"
3168,"GAS2L1"
3169,"GAS7"
3170,"GAS8"
3171,"GAST"
3172,"GATA1"
3173,"GATA2"
3174,"GATA3"
3175,"GATA4"
3176,"GATA6"
3177,"GATAD1"
3178,"GATAD2A"
3179,"GATM"
3180,"GBA3"
3181,"GBE1"
3182,"GBF1"
3183,"GBP1"
3184,"GBP2"
3185,"GBX2"
3186,"GC"
3187,"GCA"
3188,"GCAT"
3189,"GCC1"
3190,"GCC2"
3191,"GCDH"
3192,"GCG"
3193,"GCH1"
3194,"GCHFR"
3195,"GCK"
3196,"GCKR"
3197,"GCLC"
3198,"GCLM"
3199,"GCM1"
3200,"GCM2"
3201,"GCNT1"
3202,"GCNT2"
3203,"GCNT3"
3204,"GCNT4"
3205,"GDAP1"
3206,"GDAP1L1"
3207,"GDAP2"
3208,"GDF10"
3209,"GDF11"
3210,"GDF15"
3211,"GDF2"
3212,"GDF3"
3213,"GDF9"
3214,"GDI1"
3215,"GDI2"
3216,"GDNF"
3217,"GDPD2"
3218,"GDPD3"
3219,"GDPD5"
3220,"GEM"
3221,"GEMIN4"
3222,"GEMIN6"
3223,"GEMIN7"
3224,"GEMIN8"
3225,"GFAP"
3226,"GFER"
3227,"GFI1"
3228,"GFI1B"
3229,"GFOD1"
3230,"GFOD2"
3231,"GFPT1"
3232,"GFPT2"
3233,"GFRA1"
3234,"GFRA2"
3235,"GFRA3"
3236,"GFRA4"
3237,"GGA1"
3238,"GGA2"
3239,"GGA3"
3240,"GGCX"
3241,"GGH"
3242,"GGPS1"
3243,"GGT1"
3244,"GH1"
3245,"GH2"
3246,"GHITM"
3247,"GHR"
3248,"GHRH"
3249,"GHRHR"
3250,"GHSR"
3251,"GIMAP4"
3252,"GIMAP5"
3253,"GIMAP6"
3254,"GIN1"
3255,"GINS1"
3256,"GINS2"
3257,"GINS3"
3258,"GINS4"
3259,"GIP"
3260,"GIPC1"
3261,"GIPC2"
3262,"GIPR"
3263,"GIT1"
3264,"GIT2"
3265,"GJA1"
3266,"GJA3"
3267,"GJA4"
3268,"GJA5"
3269,"GJB1"
3270,"GJB3"
3271,"GJB5"
3272,"GK"
3273,"GK2"
3274,"GKN1"
3275,"GLA"
3276,"GLB1"
3277,"GLB1L"
3278,"GLCE"
3279,"GLDC"
3280,"GLG1"
3281,"GLI1"
3282,"GLI2"
3283,"GLI3"
3284,"GLMN"
3285,"GLO1"
3286,"GLOD4"
3287,"GLP1R"
3288,"GLP2R"
3289,"GLRA1"
3290,"GLRA2"
3291,"GLRA3"
3292,"GLRB"
3293,"GLRX"
3294,"GLRX2"
3295,"GLRX5"
3296,"GLS"
3297,"GLS2"
3298,"GLT8D1"
3299,"GLT8D2"
3300,"GLTP"
3301,"GLUD1"
3302,"GLUD2"
3303,"GLUL"
3304,"GLYAT"
3305,"GM2A"
3306,"GMDS"
3307,"GMEB1"
3308,"GMEB2"
3309,"GMFB"
3310,"GMFG"
3311,"GMIP"
3312,"GML"
3313,"GMNN"
3314,"GMPPA"
3315,"GMPR"
3316,"GMPR2"
3317,"GMPS"
3318,"GNA11"
3319,"GNA12"
3320,"GNA13"
3321,"GNA14"
3322,"GNA15"
3323,"GNAI1"
3324,"GNAI2"
3325,"GNAI3"
3326,"GNAL"
3327,"GNAO1"
3328,"GNAS"
3329,"GNAT1"
3330,"GNAZ"
3331,"GNB1"
3332,"GNB1L"
3333,"GNB2"
3334,"GNB3"
3335,"GNB5"
3336,"GNE"
3337,"GNG11"
3338,"GNG12"
3339,"GNG13"
3340,"GNG3"
3341,"GNG4"
3342,"GNG5"
3343,"GNG7"
3344,"GNGT1"
3345,"GNL1"
3346,"GNL2"
3347,"GNL3"
3348,"GNL3L"
3349,"GNLY"
3350,"GNMT"
3351,"GNPAT"
3352,"GNPDA1"
3353,"GNPTAB"
3354,"GNRH1"
3355,"GNRH2"
3356,"GNRHR"
3357,"GNS"
3358,"GOLGA1"
3359,"GOLGA2"
3360,"GOLGA3"
3361,"GOLGA4"
3362,"GOLGA5"
3363,"GOLGA7"
3364,"GOLGA8A"
3365,"GOLGB1"
3366,"GOLPH3"
3367,"GOLPH3L"
3368,"GOLT1B"
3369,"GORASP1"
3370,"GORASP2"
3371,"GOSR1"
3372,"GOSR2"
3373,"GOT1"
3374,"GOT2"
3375,"GP1BA"
3376,"GP2"
3377,"GP5"
3378,"GP6"
3379,"GPA33"
3380,"GPAA1"
3381,"GPATCH1"
3382,"GPATCH2"
3383,"GPATCH3"
3384,"GPATCH4"
3385,"GPATCH8"
3386,"GPBP1L1"
3387,"GPC1"
3388,"GPC3"
3389,"GPC4"
3390,"GPC5"
3391,"GPD1"
3392,"GPD1L"
3393,"GPD2"
3394,"GPHN"
3395,"GPKOW"
3396,"GPLD1"
3397,"GPM6A"
3398,"GPM6B"
3399,"GPNMB"
3400,"GPR107"
3401,"GPR12"
3402,"GPR132"
3403,"GPR135"
3404,"GPR137"
3405,"GPR137B"
3406,"GPR143"
3407,"GPR15"
3408,"GPR157"
3409,"GPR161"
3410,"GPR162"
3411,"GPR17"
3412,"GPR171"
3413,"GPR173"
3414,"GPR176"
3415,"GPR18"
3416,"GPR19"
3417,"GPR20"
3418,"GPR21"
3419,"GPR22"
3420,"GPR25"
3421,"GPR27"
3422,"GPR3"
3423,"GPR32"
3424,"GPR35"
3425,"GPR37"
3426,"GPR37L1"
3427,"GPR4"
3428,"GPR45"
3429,"GPR50"
3430,"GPR52"
3431,"GPR6"
3432,"GPR63"
3433,"GPR65"
3434,"GPR68"
3435,"GPR75"
3436,"GPR85"
3437,"GPR87"
3438,"GPR88"
3439,"GPRASP1"
3440,"GPRC5A"
3441,"GPRC5B"
3442,"GPRC5C"
3443,"GPRC5D"
3444,"GPRIN2"
3445,"GPS1"
3446,"GPSM2"
3447,"GPSM3"
3448,"GPT"
3449,"GPX1"
3450,"GPX2"
3451,"GPX3"
3452,"GPX4"
3453,"GPX5"
3454,"GPX7"
3455,"GRAMD1C"
3456,"GRAP"
3457,"GRAP2"
3458,"GRB10"
3459,"GRB14"
3460,"GRB2"
3461,"GRB7"
3462,"GREB1"
3463,"GREM1"
3464,"GREM2"
3465,"GRHL2"
3466,"GRHPR"
3467,"GRIA1"
3468,"GRIA2"
3469,"GRIA3"
3470,"GRIA4"
3471,"GRID2"
3472,"GRIK1"
3473,"GRIK3"
3474,"GRIK4"
3475,"GRIK5"
3476,"GRIN1"
3477,"GRIN2A"
3478,"GRIN2B"
3479,"GRIN2C"
3480,"GRIN2D"
3481,"GRINA"
3482,"GRIP2"
3483,"GRK4"
3484,"GRK5"
3485,"GRK6"
3486,"GRM1"
3487,"GRM2"
3488,"GRM3"
3489,"GRM4"
3490,"GRM5"
3491,"GRM7"
3492,"GRM8"
3493,"GRN"
3494,"GRP"
3495,"GRPEL1"
3496,"GRPR"
3497,"GRSF1"
3498,"GRTP1"
3499,"GRWD1"
3500,"GSG1"
3501,"GSK3A"
3502,"GSK3B"
3503,"GSN"
3504,"GSPT1"
3505,"GSPT2"
3506,"GSR"
3507,"GSS"
3508,"GSTA3"
3509,"GSTA4"
3510,"GSTK1"
3511,"GSTM3"
3512,"GSTM4"
3513,"GSTM5"
3514,"GSTO1"
3515,"GSTP1"
3516,"GSTZ1"
3517,"GTDC1"
3518,"GTF2A1"
3519,"GTF2A2"
3520,"GTF2B"
3521,"GTF2E1"
3522,"GTF2E2"
3523,"GTF2F1"
3524,"GTF2F2"
3525,"GTF2H1"
3526,"GTF2H5"
3527,"GTF2I"
3528,"GTF2IRD1"
3529,"GTF3C1"
3530,"GTF3C2"
3531,"GTF3C3"
3532,"GTF3C4"
3533,"GTF3C5"
3534,"GTPBP1"
3535,"GTPBP2"
3536,"GTPBP3"
3537,"GTPBP4"
3538,"GTPBP8"
3539,"GTSE1"
3540,"GUCA1B"
3541,"GUCA2A"
3542,"GUCA2B"
3543,"GUCY1A2"
3544,"GUCY1B2"
3545,"GUCY2C"
3546,"GUCY2D"
3547,"GUCY2F"
3548,"GUF1"
3549,"GUK1"
3550,"GULP1"
3551,"GUSB"
3552,"GYG1"
3553,"GYG2"
3554,"GYPA"
3555,"GYPB"
3556,"GYPC"
3557,"GYPE"
3558,"GYS1"
3559,"GYS2"
3560,"GZMB"
3561,"GZMH"
3562,"GZMK"
3563,"GZMM"
3564,"H6PD"
3565,"HAAO"
3566,"HABP2"
3567,"HABP4"
3568,"HADH"
3569,"HADHA"
3570,"HADHB"
3571,"HAGH"
3572,"HAL"
3573,"HAMP"
3574,"HAND1"
3575,"HAO1"
3576,"HAO2"
3577,"HAP1"
3578,"HAPLN1"
3579,"HAPLN2"
3580,"HARS2"
3581,"HAS1"
3582,"HAS2"
3583,"HAT1"
3584,"HAVCR1"
3585,"HAX1"
3586,"HBB"
3587,"HBD"
3588,"HBE1"
3589,"HBEGF"
3590,"HBP1"
3591,"HBQ1"
3592,"HBS1L"
3593,"HBZ"
3594,"HCCS"
3595,"HCFC1"
3596,"HCFC1R1"
3597,"HCFC2"
3598,"HCK"
3599,"HCLS1"
3600,"HCN2"
3601,"HCN3"
3602,"HCN4"
3603,"HCP5"
3604,"HCRT"
3605,"HCRTR1"
3606,"HDAC1"
3607,"HDAC11"
3608,"HDAC2"
3609,"HDAC3"
3610,"HDAC4"
3611,"HDAC5"
3612,"HDAC6"
3613,"HDAC9"
3614,"HDC"
3615,"HDDC2"
3616,"HDGF"
3617,"HDHD3"
3618,"HDLBP"
3619,"HEATR1"
3620,"HEATR3"
3621,"HEATR6"
3622,"HEBP1"
3623,"HEBP2"
3624,"HECA"
3625,"HECTD3"
3626,"HECW1"
3627,"HEG1"
3628,"HELZ"
3629,"HEMK1"
3630,"HEPH"
3631,"HERC1"
3632,"HERC2"
3633,"HERC3"
3634,"HERC4"
3635,"HERC5"
3636,"HERC6"
3637,"HERPUD1"
3638,"HES1"
3639,"HES2"
3640,"HESX1"
3641,"HEXA"
3642,"HEXB"
3643,"HEXIM1"
3644,"HEY1"
3645,"HEY2"
3646,"HEYL"
3647,"HFE"
3648,"HGF"
3649,"HGFAC"
3650,"HGS"
3651,"HGSNAT"
3652,"HHAT"
3653,"HHEX"
3654,"HHLA1"
3655,"HHLA2"
3656,"HIBCH"
3657,"HIC1"
3658,"HIC2"
3659,"HIF1A"
3660,"HIF1AN"
3661,"HIF3A"
3662,"HIGD1A"
3663,"HIGD1B"
3664,"HIGD2A"
3665,"HINT1"
3666,"HIP1"
3667,"HIP1R"
3668,"HIPK1"
3669,"HIPK2"
3670,"HIPK3"
3671,"HIRA"
3672,"HIRIP3"
3673,"HIVEP1"
3674,"HIVEP2"
3675,"HIVEP3"
3676,"HK1"
3677,"HK2"
3678,"HK3"
3679,"HKDC1"
3680,"HLA-A"
3681,"HLA-B"
3682,"HLA-C"
3683,"HLA-DMA"
3684,"HLA-DMB"
3685,"HLA-DOA"
3686,"HLA-DOB"
3687,"HLA-DPA1"
3688,"HLA-DPB1"
3689,"HLA-DRA"
3690,"HLA-E"
3691,"HLA-F"
3692,"HLA-G"
3693,"HLCS"
3694,"HLF"
3695,"HLTF"
3696,"HMBOX1"
3697,"HMBS"
3698,"HMG20A"
3699,"HMG20B"
3700,"HMGA1"
3701,"HMGA2"
3702,"HMGB1"
3703,"HMGB2"
3704,"HMGB3"
3705,"HMGCL"
3706,"HMGCR"
3707,"HMGCS1"
3708,"HMGCS2"
3709,"HMGN2"
3710,"HMGN3"
3711,"HMGN4"
3712,"HMHB1"
3713,"HMMR"
3714,"HMOX1"
3715,"HMOX2"
3716,"HNF4A"
3717,"HNF4G"
3718,"HNMT"
3719,"HOMER1"
3720,"HOMER2"
3721,"HOMER3"
3722,"HOOK1"
3723,"HOOK2"
3724,"HOXA1"
3725,"HOXA10"
3726,"HOXA11"
3727,"HOXA2"
3728,"HOXA3"
3729,"HOXA4"
3730,"HOXA5"
3731,"HOXA6"
3732,"HOXA7"
3733,"HOXA9"
3734,"HOXB1"
3735,"HOXB13"
3736,"HOXB2"
3737,"HOXB3"
3738,"HOXB5"
3739,"HOXB6"
3740,"HOXB7"
3741,"HOXB8"
3742,"HOXB9"
3743,"HOXC10"
3744,"HOXC11"
3745,"HOXC13"
3746,"HOXC4"
3747,"HOXC8"
3748,"HOXD1"
3749,"HOXD10"
3750,"HOXD11"
3751,"HOXD12"
3752,"HOXD13"
3753,"HOXD3"
3754,"HOXD9"
3755,"HP1BP3"
3756,"HPCA"
3757,"HPCAL1"
3758,"HPCAL4"
3759,"HPD"
3760,"HPGD"
3761,"HPN"
3762,"HPR"
3763,"HPRT1"
3764,"HPS1"
3765,"HPS4"
3766,"HPS5"
3767,"HPS6"
3768,"HPSE"
3769,"HPSE2"
3770,"HPX"
3771,"HR"
3772,"HRAS"
3773,"HRC"
3774,"HRG"
3775,"HRH1"
3776,"HRH2"
3777,"HRH3"
3778,"HRH4"
3779,"HRK"
3780,"HS1BP3"
3781,"HS2ST1"
3782,"HS3ST1"
3783,"HS3ST2"
3784,"HS3ST3A1"
3785,"HS3ST3B1"
3786,"HS6ST1"
3787,"HSBP1"
3788,"HSD11B1"
3789,"HSD11B2"
3790,"HSD17B1"
3791,"HSD17B10"
3792,"HSD17B11"
3793,"HSD17B12"
3794,"HSD17B14"
3795,"HSD17B2"
3796,"HSD17B3"
3797,"HSD17B4"
3798,"HSD17B6"
3799,"HSD17B8"
3800,"HSD3B1"
3801,"HSD3B2"
3802,"HSDL2"
3803,"HSF1"
3804,"HSF2"
3805,"HSF2BP"
3806,"HSF4"
3807,"HSP90AA1"
3808,"HSP90AB1"
3809,"HSP90B1"
3810,"HSPA12A"
3811,"HSPA14"
3812,"HSPA1L"
3813,"HSPA2"
3814,"HSPA4"
3815,"HSPA4L"
3816,"HSPA5"
3817,"HSPA6"
3818,"HSPA8"
3819,"HSPA9"
3820,"HSPB1"
3821,"HSPB2"
3822,"HSPB3"
3823,"HSPB6"
3824,"HSPB7"
3825,"HSPB8"
3826,"HSPBAP1"
3827,"HSPBP1"
3828,"HSPD1"
3829,"HSPE1"
3830,"HSPH1"
3831,"HTATIP2"
3832,"HTATSF1"
3833,"HTN3"
3834,"HTR1B"
3835,"HTR1E"
3836,"HTR1F"
3837,"HTR2A"
3838,"HTR2B"
3839,"HTR2C"
3840,"HTR3A"
3841,"HTR3B"
3842,"HTR4"
3843,"HTR5A"
3844,"HTR7"
3845,"HTRA1"
3846,"HTRA2"
3847,"HUNK"
3848,"HUS1"
3849,"HUWE1"
3850,"HYAL1"
3851,"HYAL2"
3852,"HYAL4"
3853,"HYOU1"
3854,"IAPP"
3855,"IARS2"
3856,"IBSP"
3857,"IBTK"
3858,"ICA1"
3859,"ICAM1"
3860,"ICAM2"
3861,"ICAM3"
3862,"ICAM5"
3863,"ICMT"
3864,"ICOS"
3865,"ICOSLG"
3866,"ID1"
3867,"ID2"
3868,"ID3"
3869,"ID4"
3870,"IDE"
3871,"IDH1"
3872,"IDH2"
3873,"IDH3A"
3874,"IDH3B"
3875,"IDH3G"
3876,"IDI1"
3877,"IDS"
3878,"IDUA"
3879,"IER2"
3880,"IER3"
3881,"IER3IP1"
3882,"IER5"
3883,"IFI16"
3884,"IFI27"
3885,"IFI30"
3886,"IFI35"
3887,"IFI44"
3888,"IFI44L"
3889,"IFI6"
3890,"IFIH1"
3891,"IFIT1"
3892,"IFIT2"
3893,"IFIT5"
3894,"IFITM1"
3895,"IFITM2"
3896,"IFITM3"
3897,"IFNA10"
3898,"IFNA2"
3899,"IFNA21"
3900,"IFNA5"
3901,"IFNA6"
3902,"IFNA8"
3903,"IFNAR1"
3904,"IFNAR2"
3905,"IFNB1"
3906,"IFNG"
3907,"IFNGR1"
3908,"IFNGR2"
3909,"IFNW1"
3910,"IFRD1"
3911,"IFT122"
3912,"IFT140"
3913,"IFT52"
3914,"IFT57"
3915,"IFT74"
3916,"IFT81"
3917,"IFT88"
3918,"IGBP1"
3919,"IGF1"
3920,"IGF1R"
3921,"IGF2BP2"
3922,"IGF2BP3"
3923,"IGF2R"
3924,"IGFALS"
3925,"IGFBP1"
3926,"IGFBP2"
3927,"IGFBP3"
3928,"IGFBP4"
3929,"IGFBP5"
3930,"IGFBP6"
3931,"IGFBP7"
3932,"IGHMBP2"
3933,"IGLL1"
3934,"IGSF1"
3935,"IGSF3"
3936,"IGSF6"
3937,"IK"
3938,"IKBKB"
3939,"IKBKE"
3940,"IKBKG"
3941,"IKZF1"
3942,"IKZF2"
3943,"IKZF3"
3944,"IKZF4"
3945,"IKZF5"
3946,"IL10"
3947,"IL10RA"
3948,"IL10RB"
3949,"IL11"
3950,"IL11RA"
3951,"IL12A"
3952,"IL12B"
3953,"IL12RB1"
3954,"IL12RB2"
3955,"IL13"
3956,"IL13RA1"
3957,"IL13RA2"
3958,"IL15"
3959,"IL15RA"
3960,"IL16"
3961,"IL17A"
3962,"IL17B"
3963,"IL17RA"
3964,"IL17RB"
3965,"IL17RC"
3966,"IL18"
3967,"IL18R1"
3968,"IL18RAP"
3969,"IL19"
3970,"IL1A"
3971,"IL1B"
3972,"IL1R1"
3973,"IL1R2"
3974,"IL1RAP"
3975,"IL1RAPL1"
3976,"IL1RAPL2"
3977,"IL1RL1"
3978,"IL1RL2"
3979,"IL1RN"
3980,"IL2"
3981,"IL20RA"
3982,"IL21"
3983,"IL21R"
3984,"IL22"
3985,"IL22RA1"
3986,"IL23A"
3987,"IL24"
3988,"IL25"
3989,"IL26"
3990,"IL27RA"
3991,"IL2RA"
3992,"IL2RB"
3993,"IL2RG"
3994,"IL3"
3995,"IL32"
3996,"IL33"
3997,"IL4"
3998,"IL4R"
3999,"IL5"
4000,"IL5RA"
4001,"IL6"
4002,"IL6R"
4003,"IL6ST"
4004,"IL7"
4005,"IL7R"
4006,"IL9"
4007,"ILF2"
4008,"ILF3"
4009,"ILK"
4010,"ILKAP"
4011,"ILVBL"
4012,"IMMT"
4013,"IMP3"
4014,"IMP4"
4015,"IMPA1"
4016,"IMPA2"
4017,"IMPACT"
4018,"IMPDH1"
4019,"IMPDH2"
4020,"IMPG1"
4021,"IMPG2"
4022,"INA"
4023,"INCENP"
4024,"INE1"
4025,"ING1"
4026,"ING2"
4027,"ING3"
4028,"ING4"
4029,"INHA"
4030,"INHBA"
4031,"INHBB"
4032,"INHBE"
4033,"INPP1"
4034,"INPP4A"
4035,"INPP4B"
4036,"INPP5A"
4037,"INPP5B"
4038,"INPP5E"
4039,"INPP5F"
4040,"INPPL1"
4041,"INS"
4042,"INSIG1"
4043,"INSIG2"
4044,"INSL3"
4045,"INSL4"
4046,"INSL5"
4047,"INSL6"
4048,"INSM1"
4049,"INSR"
4050,"INSRR"
4051,"INTS1"
4052,"INTS12"
4053,"INTS3"
4054,"INTS5"
4055,"INTS6"
4056,"INTS7"
4057,"INTS8"
4058,"INVS"
4059,"IPO13"
4060,"IPO4"
4061,"IPO8"
4062,"IPO9"
4063,"IPP"
4064,"IQCB1"
4065,"IQCC"
4066,"IQCE"
4067,"IQCG"
4068,"IQCH"
4069,"IQCK"
4070,"IQGAP1"
4071,"IQGAP2"
4072,"IQSEC1"
4073,"IQSEC2"
4074,"IQSEC3"
4075,"IRAK1"
4076,"IRAK3"
4077,"IRAK4"
4078,"IREB2"
4079,"IRF1"
4080,"IRF2"
4081,"IRF2BP1"
4082,"IRF3"
4083,"IRF4"
4084,"IRF5"
4085,"IRF7"
4086,"IRF8"
4087,"IRGC"
4088,"IRS1"
4089,"IRS2"
4090,"IRS4"
4091,"IRX4"
4092,"IRX5"
4093,"ISCA1"
4094,"ISCU"
4095,"ISG15"
4096,"ISG20"
4097,"ISG20L2"
4098,"ISL1"
4099,"ISLR"
4100,"ISOC1"
4101,"ISOC2"
4102,"ISYNA1"
4103,"ITCH"
4104,"ITFG1"
4105,"ITFG2"
4106,"ITGA10"
4107,"ITGA2"
4108,"ITGA2B"
4109,"ITGA3"
4110,"ITGA4"
4111,"ITGA5"
4112,"ITGA6"
4113,"ITGA7"
4114,"ITGA8"
4115,"ITGA9"
4116,"ITGAE"
4117,"ITGAL"
4118,"ITGAM"
4119,"ITGAV"
4120,"ITGAX"
4121,"ITGB1"
4122,"ITGB1BP1"
4123,"ITGB1BP2"
4124,"ITGB2"
4125,"ITGB3"
4126,"ITGB3BP"
4127,"ITGB4"
4128,"ITGB5"
4129,"ITGB6"
4130,"ITGB7"
4131,"ITGB8"
4132,"ITGBL1"
4133,"ITIH1"
4134,"ITIH2"
4135,"ITIH3"
4136,"ITIH4"
4137,"ITIH5"
4138,"ITK"
4139,"ITM2A"
4140,"ITM2B"
4141,"ITM2C"
4142,"ITPA"
4143,"ITPK1"
4144,"ITPKA"
4145,"ITPKB"
4146,"ITPKC"
4147,"ITPR1"
4148,"ITPR2"
4149,"ITPR3"
4150,"ITSN1"
4151,"ITSN2"
4152,"IVD"
4153,"IVL"
4154,"IVNS1ABP"
4155,"JAG1"
4156,"JAG2"
4157,"JAK1"
4158,"JAK2"
4159,"JAK3"
4160,"JAKMIP2"
4161,"JAM2"
4162,"JAM3"
4163,"JARID2"
4164,"JDP2"
4165,"JMJD1C"
4166,"JMJD4"
4167,"JMJD6"
4168,"JOSD1"
4169,"JPH2"
4170,"JPH3"
4171,"JRK"
4172,"JRKL"
4173,"JTB"
4174,"JUN"
4175,"JUNB"
4176,"JUND"
4177,"JUP"
4178,"KALRN"
4179,"KATNA1"
4180,"KATNB1"
4181,"KAZALD1"
4182,"KBTBD11"
4183,"KBTBD2"
4184,"KBTBD4"
4185,"KCMF1"
4186,"KCNA1"
4187,"KCNA10"
4188,"KCNA2"
4189,"KCNA3"
4190,"KCNA4"
4191,"KCNA5"
4192,"KCNAB1"
4193,"KCNAB2"
4194,"KCNAB3"
4195,"KCNB1"
4196,"KCNB2"
4197,"KCNC1"
4198,"KCNC2"
4199,"KCNC3"
4200,"KCNC4"
4201,"KCND1"
4202,"KCND2"
4203,"KCND3"
4204,"KCNE1"
4205,"KCNE2"
4206,"KCNE4"
4207,"KCNF1"
4208,"KCNG1"
4209,"KCNG2"
4210,"KCNH1"
4211,"KCNH2"
4212,"KCNH4"
4213,"KCNH6"
4214,"KCNIP1"
4215,"KCNIP2"
4216,"KCNJ1"
4217,"KCNJ10"
4218,"KCNJ12"
4219,"KCNJ13"
4220,"KCNJ14"
4221,"KCNJ15"
4222,"KCNJ16"
4223,"KCNJ2"
4224,"KCNJ3"
4225,"KCNJ4"
4226,"KCNJ5"
4227,"KCNJ6"
4228,"KCNJ8"
4229,"KCNJ9"
4230,"KCNK1"
4231,"KCNK10"
4232,"KCNK12"
4233,"KCNK13"
4234,"KCNK15"
4235,"KCNK2"
4236,"KCNK3"
4237,"KCNK5"
4238,"KCNK7"
4239,"KCNMA1"
4240,"KCNMB1"
4241,"KCNMB2"
4242,"KCNMB3"
4243,"KCNMB4"
4244,"KCNN1"
4245,"KCNN2"
4246,"KCNN4"
4247,"KCNQ1"
4248,"KCNQ2"
4249,"KCNQ3"
4250,"KCNQ4"
4251,"KCNS1"
4252,"KCNS3"
4253,"KCNV1"
4254,"KCTD12"
4255,"KCTD13"
4256,"KCTD14"
4257,"KCTD15"
4258,"KCTD17"
4259,"KCTD2"
4260,"KCTD20"
4261,"KCTD3"
4262,"KCTD5"
4263,"KCTD9"
4264,"KDELR1"
4265,"KDELR2"
4266,"KDELR3"
4267,"KDR"
4268,"KEAP1"
4269,"KEL"
4270,"KERA"
4271,"KHDRBS1"
4272,"KHDRBS2"
4273,"KHDRBS3"
4274,"KHK"
4275,"KHSRP"
4276,"KIAA0232"
4277,"KIAA0319"
4278,"KIAA0319L"
4279,"KIAA0408"
4280,"KIAA0513"
4281,"KIAA0586"
4282,"KIAA1614"
4283,"KIDINS220"
4284,"KIF11"
4285,"KIF13B"
4286,"KIF14"
4287,"KIF15"
4288,"KIF17"
4289,"KIF18A"
4290,"KIF1A"
4291,"KIF1B"
4292,"KIF1C"
4293,"KIF20A"
4294,"KIF21B"
4295,"KIF22"
4296,"KIF23"
4297,"KIF26B"
4298,"KIF2A"
4299,"KIF2C"
4300,"KIF3A"
4301,"KIF3B"
4302,"KIF3C"
4303,"KIF4A"
4304,"KIF5A"
4305,"KIF5B"
4306,"KIF5C"
4307,"KIFAP3"
4308,"KIFC1"
4309,"KIFC3"
4310,"KIN"
4311,"KIR2DL4"
4312,"KIR3DL1"
4313,"KISS1"
4314,"KIT"
4315,"KITLG"
4316,"KL"
4317,"KLC1"
4318,"KLC2"
4319,"KLF1"
4320,"KLF10"
4321,"KLF11"
4322,"KLF12"
4323,"KLF13"
4324,"KLF15"
4325,"KLF2"
4326,"KLF3"
4327,"KLF4"
4328,"KLF5"
4329,"KLF6"
4330,"KLF7"
4331,"KLF8"
4332,"KLF9"
4333,"KLHDC2"
4334,"KLHDC3"
4335,"KLHDC4"
4336,"KLHDC8A"
4337,"KLHL1"
4338,"KLHL11"
4339,"KLHL12"
4340,"KLHL18"
4341,"KLHL2"
4342,"KLHL20"
4343,"KLHL21"
4344,"KLHL22"
4345,"KLHL23"
4346,"KLHL24"
4347,"KLHL25"
4348,"KLHL26"
4349,"KLHL3"
4350,"KLHL4"
4351,"KLHL7"
4352,"KLHL9"
4353,"KLK1"
4354,"KLK10"
4355,"KLK11"
4356,"KLK12"
4357,"KLK13"
4358,"KLK14"
4359,"KLK15"
4360,"KLK2"
4361,"KLK3"
4362,"KLK5"
4363,"KLK6"
4364,"KLK7"
4365,"KLK8"
4366,"KLKB1"
4367,"KLRB1"
4368,"KLRC3"
4369,"KLRC4"
4370,"KLRD1"
4371,"KLRF1"
4372,"KLRG1"
4373,"KLRK1"
4374,"KMO"
4375,"KNG1"
4376,"KNTC1"
4377,"KPNA1"
4378,"KPNA3"
4379,"KPNA4"
4380,"KPNA5"
4381,"KPNA6"
4382,"KPNB1"
4383,"KPTN"
4384,"KRAS"
4385,"KRCC1"
4386,"KREMEN2"
4387,"KRIT1"
4388,"KRR1"
4389,"KRT1"
4390,"KRT12"
4391,"KRT13"
4392,"KRT14"
4393,"KRT15"
4394,"KRT16"
4395,"KRT17"
4396,"KRT18"
4397,"KRT19"
4398,"KRT2"
4399,"KRT20"
4400,"KRT23"
4401,"KRT24"
4402,"KRT3"
4403,"KRT32"
4404,"KRT33A"
4405,"KRT33B"
4406,"KRT34"
4407,"KRT35"
4408,"KRT36"
4409,"KRT37"
4410,"KRT38"
4411,"KRT4"
4412,"KRT5"
4413,"KRT6A"
4414,"KRT6B"
4415,"KRT7"
4416,"KRT75"
4417,"KRT76"
4418,"KRT8"
4419,"KRT81"
4420,"KRT83"
4421,"KRT85"
4422,"KRTAP5-9"
4423,"KSR1"
4424,"KTN1"
4425,"KYNU"
4426,"L1CAM"
4427,"L1TD1"
4428,"L2HGDH"
4429,"LACTB2"
4430,"LAD1"
4431,"LAG3"
4432,"LAGE3"
4433,"LAIR1"
4434,"LAIR2"
4435,"LALBA"
4436,"LAMA2"
4437,"LAMA3"
4438,"LAMA4"
4439,"LAMA5"
4440,"LAMB1"
4441,"LAMB2"
4442,"LAMB3"
4443,"LAMB4"
4444,"LAMC1"
4445,"LAMC2"
4446,"LAMC3"
4447,"LAMP1"
4448,"LAMP2"
4449,"LAMP3"
4450,"LANCL1"
4451,"LANCL2"
4452,"LAP3"
4453,"LAPTM4A"
4454,"LAPTM4B"
4455,"LAPTM5"
4456,"LARP1"
4457,"LARP4"
4458,"LARP6"
4459,"LARP7"
4460,"LARS2"
4461,"LAS1L"
4462,"LASP1"
4463,"LAT2"
4464,"LATS1"
4465,"LAX1"
4466,"LBH"
4467,"LBP"
4468,"LBR"
4469,"LCAT"
4470,"LCE2B"
4471,"LCK"
4472,"LCMT1"
4473,"LCMT2"
4474,"LCN1"
4475,"LCN2"
4476,"LCP1"
4477,"LCP2"
4478,"LCT"
4479,"LDB1"
4480,"LDB2"
4481,"LDB3"
4482,"LDHA"
4483,"LDHAL6B"
4484,"LDHB"
4485,"LDHC"
4486,"LDLR"
4487,"LDLRAP1"
4488,"LDOC1"
4489,"LECT2"
4490,"LEF1"
4491,"LEFTY1"
4492,"LEFTY2"
4493,"LEMD3"
4494,"LENEP"
4495,"LEP"
4496,"LEPR"
4497,"LEPROT"
4498,"LEPROTL1"
4499,"LETM1"
4500,"LETMD1"
4501,"LFNG"
4502,"LGALS1"
4503,"LGALS13"
4504,"LGALS14"
4505,"LGALS2"
4506,"LGALS3"
4507,"LGALS3BP"
4508,"LGALS4"
4509,"LGALS8"
4510,"LGALS9"
4511,"LGI1"
4512,"LGI2"
4513,"LGMN"
4514,"LGR4"
4515,"LGR5"
4516,"LHCGR"
4517,"LHFPL2"
4518,"LHPP"
4519,"LHX1"
4520,"LHX2"
4521,"LHX3"
4522,"LHX5"
4523,"LHX6"
4524,"LIAS"
4525,"LIF"
4526,"LIFR"
4527,"LIG1"
4528,"LIG3"
4529,"LIG4"
4530,"LILRA1"
4531,"LILRA2"
4532,"LILRA4"
4533,"LILRA5"
4534,"LILRB1"
4535,"LILRB2"
4536,"LILRB4"
4537,"LILRB5"
4538,"LILRP2"
4539,"LIM2"
4540,"LIMA1"
4541,"LIMCH1"
4542,"LIMD1"
4543,"LIMD2"
4544,"LIME1"
4545,"LIMK1"
4546,"LIMK2"
4547,"LIMS1"
4548,"LIMS2"
4549,"LIN37"
4550,"LIN7A"
4551,"LIN7B"
4552,"LIN7C"
4553,"LIPA"
4554,"LIPC"
4555,"LIPE"
4556,"LIPF"
4557,"LIPG"
4558,"LIPT1"
4559,"LITAF"
4560,"LLGL1"
4561,"LLGL2"
4562,"LMAN1"
4563,"LMAN1L"
4564,"LMAN2"
4565,"LMAN2L"
4566,"LMBR1L"
4567,"LMBRD1"
4568,"LMCD1"
4569,"LMNA"
4570,"LMNB1"
4571,"LMNB2"
4572,"LMO1"
4573,"LMO2"
4574,"LMO3"
4575,"LMO4"
4576,"LMO7"
4577,"LMOD1"
4578,"LMTK2"
4579,"LMX1B"
4580,"LNPEP"
4581,"LONP1"
4582,"LONRF3"
4583,"LOX"
4584,"LOXL1"
4585,"LOXL2"
4586,"LPA"
4587,"LPGAT1"
4588,"LPIN1"
4589,"LPIN2"
4590,"LPL"
4591,"LPO"
4592,"LPP"
4593,"LPXN"
4594,"LRAT"
4595,"LRBA"
4596,"LRCH1"
4597,"LRFN3"
4598,"LRFN4"
4599,"LRIG1"
4600,"LRIG2"
4601,"LRIT1"
4602,"LRP1"
4603,"LRP10"
4604,"LRP12"
4605,"LRP1B"
4606,"LRP2"
4607,"LRP2BP"
4608,"LRP3"
4609,"LRP4"
4610,"LRP5"
4611,"LRP6"
4612,"LRP8"
4613,"LRPAP1"
4614,"LRPPRC"
4615,"LRRC1"
4616,"LRRC14"
4617,"LRRC15"
4618,"LRRC17"
4619,"LRRC19"
4620,"LRRC2"
4621,"LRRC20"
4622,"LRRC23"
4623,"LRRC3"
4624,"LRRC31"
4625,"LRRC32"
4626,"LRRC36"
4627,"LRRC40"
4628,"LRRC41"
4629,"LRRC42"
4630,"LRRC47"
4631,"LRRC49"
4632,"LRRC59"
4633,"LRRC61"
4634,"LRRC8D"
4635,"LRRC8E"
4636,"LRRFIP1"
4637,"LRRFIP2"
4638,"LRRN2"
4639,"LRRN3"
4640,"LRRTM2"
4641,"LRRTM4"
4642,"LRTM1"
4643,"LSAMP"
4644,"LSG1"
4645,"LSM1"
4646,"LSM12"
4647,"LSM14A"
4648,"LSM14B"
4649,"LSM2"
4650,"LSM3"
4651,"LSM4"
4652,"LSM5"
4653,"LSM6"
4654,"LSM7"
4655,"LSP1"
4656,"LSR"
4657,"LSS"
4658,"LST1"
4659,"LTA"
4660,"LTA4H"
4661,"LTB"
4662,"LTB4R"
4663,"LTBP1"
4664,"LTBP2"
4665,"LTBP3"
4666,"LTBP4"
4667,"LTBR"
4668,"LTC4S"
4669,"LTF"
4670,"LTK"
4671,"LUC7L"
4672,"LUC7L2"
4673,"LUM"
4674,"LUZP2"
4675,"LUZP4"
4676,"LXN"
4677,"LY6D"
4678,"LY6E"
4679,"LY6G5C"
4680,"LY6G6C"
4681,"LY6H"
4682,"LY75"
4683,"LY86"
4684,"LY9"
4685,"LY96"
4686,"LYL1"
4687,"LYN"
4688,"LYPD3"
4689,"LYPLA1"
4690,"LYPLA2"
4691,"LYRM1"
4692,"LYRM2"
4693,"LYRM4"
4694,"LYST"
4695,"LYVE1"
4696,"LYZ"
4697,"LYZL6"
4698,"LZTFL1"
4699,"LZTR1"
4700,"LZTS1"
4701,"M6PR"
4702,"MAB21L1"
4703,"MAB21L2"
4704,"MACF1"
4705,"MAD1L1"
4706,"MAD2L1"
4707,"MAD2L1BP"
4708,"MADCAM1"
4709,"MADD"
4710,"MAEA"
4711,"MAF"
4712,"MAFB"
4713,"MAFF"
4714,"MAFG"
4715,"MAFK"
4716,"MAG"
4717,"MAGEA1"
4718,"MAGEA10"
4719,"MAGEA11"
4720,"MAGEA12"
4721,"MAGEA4"
4722,"MAGEA8"
4723,"MAGEB1"
4724,"MAGEB2"
4725,"MAGEB3"
4726,"MAGEB4"
4727,"MAGEC1"
4728,"MAGEC2"
4729,"MAGEC3"
4730,"MAGED1"
4731,"MAGED2"
4732,"MAGEF1"
4733,"MAGEH1"
4734,"MAGEL2"
4735,"MAGI1"
4736,"MAGI2"
4737,"MAGOH"
4738,"MAK"
4739,"MAL"
4740,"MALL"
4741,"MALT1"
4742,"MAML1"
4743,"MAN1A1"
4744,"MAN1A2"
4745,"MAN1B1"
4746,"MAN1C1"
4747,"MAN2A1"
4748,"MAN2A2"
4749,"MAN2B1"
4750,"MAN2B2"
4751,"MAN2C1"
4752,"MANBA"
4753,"MANEA"
4754,"MANSC1"
4755,"MAOA"
4756,"MAOB"
4757,"MAP1A"
4758,"MAP1B"
4759,"MAP1LC3B"
4760,"MAP1S"
4761,"MAP2"
4762,"MAP2K1"
4763,"MAP2K2"
4764,"MAP2K3"
4765,"MAP2K4"
4766,"MAP2K5"
4767,"MAP2K6"
4768,"MAP2K7"
4769,"MAP3K10"
4770,"MAP3K11"
4771,"MAP3K12"
4772,"MAP3K13"
4773,"MAP3K14"
4774,"MAP3K2"
4775,"MAP3K3"
4776,"MAP3K4"
4777,"MAP3K5"
4778,"MAP3K6"
4779,"MAP3K7"
4780,"MAP3K8"
4781,"MAP3K9"
4782,"MAP4"
4783,"MAP4K1"
4784,"MAP4K2"
4785,"MAP4K3"
4786,"MAP4K4"
4787,"MAP4K5"
4788,"MAP6D1"
4789,"MAP7"
4790,"MAP7D1"
4791,"MAP7D3"
4792,"MAP9"
4793,"MAPK1"
4794,"MAPK10"
4795,"MAPK11"
4796,"MAPK12"
4797,"MAPK13"
4798,"MAPK14"
4799,"MAPK3"
4800,"MAPK4"
4801,"MAPK6"
4802,"MAPK7"
4803,"MAPK8"
4804,"MAPK8IP1"
4805,"MAPK8IP2"
4806,"MAPK8IP3"
4807,"MAPK9"
4808,"MAPKAP1"
4809,"MAPKAPK2"
4810,"MAPKAPK3"
4811,"MAPKAPK5"
4812,"MAPKBP1"
4813,"MAPRE1"
4814,"MAPRE2"
4815,"MAPRE3"
4816,"MAPT"
4817,"MARCKS"
4818,"MARCKSL1"
4819,"MARCO"
4820,"MARK1"
4821,"MARK2"
4822,"MARK3"
4823,"MARK4"
4824,"MAS1"
4825,"MASP1"
4826,"MASP2"
4827,"MAST1"
4828,"MAST2"
4829,"MAST3"
4830,"MAST4"
4831,"MAT1A"
4832,"MAT2A"
4833,"MAT2B"
4834,"MATK"
4835,"MATN1"
4836,"MATN2"
4837,"MATN3"
4838,"MATN4"
4839,"MATR3"
4840,"MAX"
4841,"MAZ"
4842,"MB"
4843,"MBD1"
4844,"MBD2"
4845,"MBD3"
4846,"MBD4"
4847,"MBD5"
4848,"MBD6"
4849,"MBIP"
4850,"MBL2"
4851,"MBNL1"
4852,"MBNL2"
4853,"MBNL3"
4854,"MBP"
4855,"MBTD1"
4856,"MBTPS1"
4857,"MBTPS2"
4858,"MC1R"
4859,"MC2R"
4860,"MC3R"
4861,"MC5R"
4862,"MCAM"
4863,"MCAT"
4864,"MCC"
4865,"MCCC1"
4866,"MCCC2"
4867,"MCF2"
4868,"MCF2L"
4869,"MCF2L2"
4870,"MCFD2"
4871,"MCHR1"
4872,"MCL1"
4873,"MCM10"
4874,"MCM2"
4875,"MCM3"
4876,"MCM3AP"
4877,"MCM4"
4878,"MCM5"
4879,"MCM6"
4880,"MCM7"
4881,"MCOLN1"
4882,"MCOLN3"
4883,"MCPH1"
4884,"MCRS1"
4885,"MCTP2"
4886,"MCTS1"
4887,"MDC1"
4888,"MDFI"
4889,"MDFIC"
4890,"MDH1"
4891,"MDH2"
4892,"MDK"
4893,"MDM1"
4894,"MDM2"
4895,"MDM4"
4896,"MDN1"
4897,"ME1"
4898,"ME2"
4899,"ME3"
4900,"MEA1"
4901,"MECP2"
4902,"MECR"
4903,"MED12"
4904,"MED25"
4905,"MED28"
4906,"MED4"
4907,"MED6"
4908,"MED8"
4909,"MED9"
4910,"MEF2A"
4911,"MEF2C"
4912,"MEF2D"
4913,"MEFV"
4914,"MEG3"
4915,"MEGF6"
4916,"MEGF8"
4917,"MEGF9"
4918,"MEIS1"
4919,"MEIS2"
4920,"MELK"
4921,"MEMO1"
4922,"MEN1"
4923,"MEOX1"
4924,"MEOX2"
4925,"MEP1A"
4926,"MEP1B"
4927,"MEPE"
4928,"MERTK"
4929,"MEST"
4930,"MET"
4931,"METAP1"
4932,"METAP2"
4933,"METRN"
4934,"METTL1"
4935,"METTL3"
4936,"METTL4"
4937,"METTL5"
4938,"METTL8"
4939,"METTL9"
4940,"MFAP1"
4941,"MFAP2"
4942,"MFAP3L"
4943,"MFAP4"
4944,"MFAP5"
4945,"MFGE8"
4946,"MFHAS1"
4947,"MFN1"
4948,"MFN2"
4949,"MFNG"
4950,"MFSD1"
4951,"MFSD5"
4952,"MGA"
4953,"MGAT1"
4954,"MGAT2"
4955,"MGAT3"
4956,"MGAT4A"
4957,"MGAT4B"
4958,"MGAT4C"
4959,"MGAT5"
4960,"MGLL"
4961,"MGMT"
4962,"MGP"
4963,"MGRN1"
4964,"MGST2"
4965,"MGST3"
4966,"MIA"
4967,"MIA2"
4968,"MIA3"
4969,"MICAL1"
4970,"MICAL2"
4971,"MICAL3"
4972,"MICALL1"
4973,"MICALL2"
4974,"MICB"
4975,"MID1"
4976,"MID1IP1"
4977,"MID2"
4978,"MIER2"
4979,"MINPP1"
4980,"MIP"
4981,"MIPEP"
4982,"MIS12"
4983,"MITF"
4984,"MKI67"
4985,"MKKS"
4986,"MKLN1"
4987,"MKNK1"
4988,"MKNK2"
4989,"MKRN1"
4990,"MKRN2"
4991,"MKRN3"
4992,"MKS1"
4993,"MLANA"
4994,"MLC1"
4995,"MLF1"
4996,"MLF2"
4997,"MLH1"
4998,"MLH3"
4999,"MLLT1"
5000,"MLLT10"
5001,"MLLT3"
5002,"MLN"
5003,"MLNR"
5004,"MLPH"
5005,"MLX"
5006,"MLXIP"
5007,"MLXIPL"
5008,"MLYCD"
5009,"MMACHC"
5010,"MMD"
5011,"MME"
5012,"MMP1"
5013,"MMP10"
5014,"MMP11"
5015,"MMP12"
5016,"MMP13"
5017,"MMP14"
5018,"MMP15"
5019,"MMP16"
5020,"MMP17"
5021,"MMP19"
5022,"MMP2"
5023,"MMP20"
5024,"MMP23B"
5025,"MMP24"
5026,"MMP25"
5027,"MMP26"
5028,"MMP27"
5029,"MMP28"
5030,"MMP3"
5031,"MMP7"
5032,"MMP8"
5033,"MMP9"
5034,"MMRN1"
5035,"MMRN2"
5036,"MN1"
5037,"MNAT1"
5038,"MNDA"
5039,"MNS1"
5040,"MNT"
5041,"MOAP1"
5042,"MOBP"
5043,"MOCOS"
5044,"MOCS1"
5045,"MOCS2"
5046,"MOCS3"
5047,"MOG"
5048,"MON1B"
5049,"MON2"
5050,"MORC1"
5051,"MORC2"
5052,"MORC3"
5053,"MORC4"
5054,"MORF4L1"
5055,"MORF4L2"
5056,"MORN1"
5057,"MOS"
5058,"MOSPD1"
5059,"MOSPD2"
5060,"MOSPD3"
5061,"MOXD1"
5062,"MPDU1"
5063,"MPDZ"
5064,"MPG"
5065,"MPHOSPH10"
5066,"MPHOSPH6"
5067,"MPHOSPH9"
5068,"MPI"
5069,"MPL"
5070,"MPO"
5071,"MPP1"
5072,"MPP2"
5073,"MPP3"
5074,"MPPE1"
5075,"MPPED2"
5076,"MPST"
5077,"MPV17"
5078,"MPZ"
5079,"MPZL1"
5080,"MR1"
5081,"MRAS"
5082,"MRC2"
5083,"MREG"
5084,"MRFAP1L1"
5085,"MRM1"
5086,"MRPL11"
5087,"MRPL12"
5088,"MRPL13"
5089,"MRPL15"
5090,"MRPL16"
5091,"MRPL17"
5092,"MRPL18"
5093,"MRPL19"
5094,"MRPL2"
5095,"MRPL22"
5096,"MRPL23"
5097,"MRPL24"
5098,"MRPL28"
5099,"MRPL3"
5100,"MRPL33"
5101,"MRPL34"
5102,"MRPL35"
5103,"MRPL39"
5104,"MRPL4"
5105,"MRPL40"
5106,"MRPL41"
5107,"MRPL42"
5108,"MRPL44"
5109,"MRPL46"
5110,"MRPL48"
5111,"MRPL49"
5112,"MRPL52"
5113,"MRPL9"
5114,"MRPS10"
5115,"MRPS11"
5116,"MRPS12"
5117,"MRPS14"
5118,"MRPS15"
5119,"MRPS16"
5120,"MRPS17"
5121,"MRPS18A"
5122,"MRPS18B"
5123,"MRPS2"
5124,"MRPS22"
5125,"MRPS27"
5126,"MRPS30"
5127,"MRPS31"
5128,"MRPS33"
5129,"MRPS34"
5130,"MRPS35"
5131,"MRPS7"
5132,"MRTO4"
5133,"MS4A1"
5134,"MS4A12"
5135,"MS4A2"
5136,"MS4A3"
5137,"MS4A4A"
5138,"MS4A5"
5139,"MS4A6A"
5140,"MSC"
5141,"MSH2"
5142,"MSH3"
5143,"MSH4"
5144,"MSH6"
5145,"MSI1"
5146,"MSLN"
5147,"MSMB"
5148,"MSN"
5149,"MSR1"
5150,"MSRA"
5151,"MSRB2"
5152,"MST1"
5153,"MST1R"
5154,"MSTN"
5155,"MSX1"
5156,"MSX2"
5157,"MT1E"
5158,"MT1G"
5159,"MT1X"
5160,"MTA1"
5161,"MTA2"
5162,"MTAP"
5163,"MTCH1"
5164,"MTCH2"
5165,"MTDH"
5166,"MTF1"
5167,"MTF2"
5168,"MTFR1"
5169,"MTG1"
5170,"MTHFD1"
5171,"MTHFD2"
5172,"MTHFD2L"
5173,"MTHFR"
5174,"MTHFS"
5175,"MTHFSD"
5176,"MTIF2"
5177,"MTM1"
5178,"MTMR1"
5179,"MTMR11"
5180,"MTMR12"
5181,"MTMR14"
5182,"MTMR2"
5183,"MTMR3"
5184,"MTMR4"
5185,"MTMR6"
5186,"MTMR8"
5187,"MTMR9"
5188,"MTNR1A"
5189,"MTNR1B"
5190,"MTO1"
5191,"MTR"
5192,"MTRF1"
5193,"MTRR"
5194,"MTSS1"
5195,"MTUS1"
5196,"MTX1"
5197,"MTX2"
5198,"MUC1"
5199,"MUC13"
5200,"MUC16"
5201,"MUC4"
5202,"MUC6"
5203,"MUC7"
5204,"MUS81"
5205,"MUSK"
5206,"MUTYH"
5207,"MVD"
5208,"MVK"
5209,"MVP"
5210,"MX1"
5211,"MX2"
5212,"MXD1"
5213,"MXD3"
5214,"MXD4"
5215,"MXI1"
5216,"MXRA5"
5217,"MXRA7"
5218,"MXRA8"
5219,"MYB"
5220,"MYBBP1A"
5221,"MYBL1"
5222,"MYBL2"
5223,"MYBPC1"
5224,"MYBPC2"
5225,"MYBPC3"
5226,"MYBPH"
5227,"MYC"
5228,"MYCBP"
5229,"MYCBP2"
5230,"MYCN"
5231,"MYCT1"
5232,"MYD88"
5233,"MYF6"
5234,"MYH1"
5235,"MYH10"
5236,"MYH11"
5237,"MYH13"
5238,"MYH14"
5239,"MYH15"
5240,"MYH2"
5241,"MYH3"
5242,"MYH4"
5243,"MYH6"
5244,"MYH7"
5245,"MYH8"
5246,"MYH9"
5247,"MYL1"
5248,"MYL2"
5249,"MYL3"
5250,"MYL4"
5251,"MYL5"
5252,"MYL6B"
5253,"MYL7"
5254,"MYL9"
5255,"MYLIP"
5256,"MYLK"
5257,"MYNN"
5258,"MYO10"
5259,"MYO15A"
5260,"MYO15B"
5261,"MYO16"
5262,"MYO1A"
5263,"MYO1B"
5264,"MYO1C"
5265,"MYO1D"
5266,"MYO1E"
5267,"MYO1F"
5268,"MYO3A"
5269,"MYO5A"
5270,"MYO5C"
5271,"MYO6"
5272,"MYO7A"
5273,"MYO7B"
5274,"MYO9A"
5275,"MYO9B"
5276,"MYOC"
5277,"MYOD1"
5278,"MYOG"
5279,"MYOM1"
5280,"MYOM2"
5281,"MYOT"
5282,"MYOZ1"
5283,"MYOZ2"
5284,"MYOZ3"
5285,"MYRIP"
5286,"MYT1"
5287,"MYT1L"
5288,"MZF1"
5289,"N4BP1"
5290,"N4BP3"
5291,"N6AMT1"
5292,"NAALAD2"
5293,"NAALADL1"
5294,"NAB1"
5295,"NAB2"
5296,"NACA"
5297,"NACAD"
5298,"NADK"
5299,"NADSYN1"
5300,"NAGA"
5301,"NAGK"
5302,"NAGLU"
5303,"NAGPA"
5304,"NAIP"
5305,"NANOG"
5306,"NANOS1"
5307,"NANS"
5308,"NAP1L1"
5309,"NAP1L2"
5310,"NAP1L3"
5311,"NAP1L4"
5312,"NAPA"
5313,"NAPG"
5314,"NARF"
5315,"NARS2"
5316,"NASP"
5317,"NAT1"
5318,"NAT10"
5319,"NAT2"
5320,"NAT8"
5321,"NAT9"
5322,"NAV2"
5323,"NAV3"
5324,"NBEA"
5325,"NBEAL2"
5326,"NBL1"
5327,"NBN"
5328,"NBR1"
5329,"NBR2"
5330,"NCALD"
5331,"NCAM1"
5332,"NCAM2"
5333,"NCAN"
5334,"NCAPD2"
5335,"NCAPD3"
5336,"NCAPG2"
5337,"NCAPH"
5338,"NCAPH2"
5339,"NCBP1"
5340,"NCBP2"
5341,"NCDN"
5342,"NCF2"
5343,"NCF4"
5344,"NCK1"
5345,"NCK2"
5346,"NCKAP1"
5347,"NCKAP1L"
5348,"NCKIPSD"
5349,"NCL"
5350,"NCLN"
5351,"NCOA1"
5352,"NCOA2"
5353,"NCOA3"
5354,"NCOA4"
5355,"NCOA6"
5356,"NCOR1"
5357,"NCOR2"
5358,"NCR1"
5359,"NCR2"
5360,"NCR3"
5361,"NCSTN"
5362,"NDC80"
5363,"NDE1"
5364,"NDEL1"
5365,"NDFIP1"
5366,"NDN"
5367,"NDOR1"
5368,"NDP"
5369,"NDRG1"
5370,"NDRG2"
5371,"NDRG3"
5372,"NDRG4"
5373,"NDST1"
5374,"NDST2"
5375,"NDST3"
5376,"NDST4"
5377,"NDUFA1"
5378,"NDUFA10"
5379,"NDUFA13"
5380,"NDUFA2"
5381,"NDUFA3"
5382,"NDUFA4"
5383,"NDUFA4L2"
5384,"NDUFA5"
5385,"NDUFA6"
5386,"NDUFA7"
5387,"NDUFA8"
5388,"NDUFA9"
5389,"NDUFAB1"
5390,"NDUFAF1"
5391,"NDUFB1"
5392,"NDUFB11"
5393,"NDUFB2"
5394,"NDUFB3"
5395,"NDUFB5"
5396,"NDUFB6"
5397,"NDUFB7"
5398,"NDUFB8"
5399,"NDUFC1"
5400,"NDUFC2"
5401,"NDUFS1"
5402,"NDUFS2"
5403,"NDUFS3"
5404,"NDUFS4"
5405,"NDUFS5"
5406,"NDUFS6"
5407,"NDUFS7"
5408,"NDUFS8"
5409,"NDUFV1"
5410,"NDUFV2"
5411,"NEB"
5412,"NEBL"
5413,"NECAP1"
5414,"NECAP2"
5415,"NEDD4"
5416,"NEDD4L"
5417,"NEDD8"
5418,"NEDD9"
5419,"NEFH"
5420,"NEFL"
5421,"NEFM"
5422,"NEIL1"
5423,"NEIL3"
5424,"NEK1"
5425,"NEK11"
5426,"NEK2"
5427,"NEK3"
5428,"NEK4"
5429,"NEK9"
5430,"NELL1"
5431,"NELL2"
5432,"NENF"
5433,"NEO1"
5434,"NES"
5435,"NET1"
5436,"NETO2"
5437,"NEU1"
5438,"NEU3"
5439,"NEUROD1"
5440,"NEUROD2"
5441,"NEUROD4"
5442,"NEUROD6"
5443,"NEUROG1"
5444,"NEUROG2"
5445,"NEUROG3"
5446,"NF1"
5447,"NF2"
5448,"NFASC"
5449,"NFAT5"
5450,"NFATC1"
5451,"NFATC2IP"
5452,"NFATC3"
5453,"NFATC4"
5454,"NFE2"
5455,"NFE2L1"
5456,"NFE2L2"
5457,"NFE2L3"
5458,"NFIB"
5459,"NFIC"
5460,"NFIL3"
5461,"NFIX"
5462,"NFKB1"
5463,"NFKB2"
5464,"NFKBIA"
5465,"NFKBIB"
5466,"NFKBIE"
5467,"NFKBIL1"
5468,"NFRKB"
5469,"NFS1"
5470,"NFU1"
5471,"NFX1"
5472,"NFYA"
5473,"NFYB"
5474,"NFYC"
5475,"NGB"
5476,"NGDN"
5477,"NGFR"
5478,"NGLY1"
5479,"NGRN"
5480,"NHEJ1"
5481,"NHLH1"
5482,"NHLH2"
5483,"NID1"
5484,"NID2"
5485,"NIF3L1"
5486,"NINJ1"
5487,"NINJ2"
5488,"NIP7"
5489,"NIPBL"
5490,"NIPSNAP1"
5491,"NIPSNAP3B"
5492,"NISCH"
5493,"NIT1"
5494,"NIT2"
5495,"NKG7"
5496,"NKIRAS2"
5497,"NKRF"
5498,"NKTR"
5499,"NKX2-2"
5500,"NKX2-5"
5501,"NKX2-8"
5502,"NKX6-1"
5503,"NLE1"
5504,"NLGN1"
5505,"NLGN3"
5506,"NLGN4X"
5507,"NLGN4Y"
5508,"NLK"
5509,"NLRP1"
5510,"NLRP2"
5511,"NLRP3"
5512,"NLRX1"
5513,"NMB"
5514,"NMBR"
5515,"NMD3"
5516,"NME3"
5517,"NME4"
5518,"NME5"
5519,"NME6"
5520,"NME7"
5521,"NMI"
5522,"NMNAT2"
5523,"NMT1"
5524,"NMT2"
5525,"NMU"
5526,"NMUR1"
5527,"NNAT"
5528,"NNMT"
5529,"NNT"
5530,"NOC2L"
5531,"NOC3L"
5532,"NOC4L"
5533,"NOD1"
5534,"NOD2"
5535,"NOL10"
5536,"NOL11"
5537,"NOL3"
5538,"NOL4"
5539,"NOL6"
5540,"NOL7"
5541,"NOL8"
5542,"NOLC1"
5543,"NONO"
5544,"NOS1"
5545,"NOS1AP"
5546,"NOS3"
5547,"NOSIP"
5548,"NOTCH1"
5549,"NOTCH2"
5550,"NOTCH3"
5551,"NOTCH4"
5552,"NOVA1"
5553,"NOVA2"
5554,"NOX1"
5555,"NOX3"
5556,"NOX4"
5557,"NOX5"
5558,"NPAS1"
5559,"NPAS2"
5560,"NPAS3"
5561,"NPAT"
5562,"NPBWR2"
5563,"NPC1"
5564,"NPC1L1"
5565,"NPC2"
5566,"NPDC1"
5567,"NPEPL1"
5568,"NPEPPS"
5569,"NPFFR1"
5570,"NPHP1"
5571,"NPHP4"
5572,"NPHS1"
5573,"NPHS2"
5574,"NPL"
5575,"NPLOC4"
5576,"NPM1"
5577,"NPM3"
5578,"NPPA"
5579,"NPPB"
5580,"NPPC"
5581,"NPR1"
5582,"NPR2"
5583,"NPR3"
5584,"NPTN"
5585,"NPTX1"
5586,"NPTX2"
5587,"NPTXR"
5588,"NPVF"
5589,"NPY"
5590,"NPY1R"
5591,"NPY2R"
5592,"NPY5R"
5593,"NPY6R"
5594,"NQO1"
5595,"NQO2"
5596,"NR0B1"
5597,"NR0B2"
5598,"NR1D2"
5599,"NR1H2"
5600,"NR1H3"
5601,"NR1H4"
5602,"NR1I2"
5603,"NR1I3"
5604,"NR2C1"
5605,"NR2C2"
5606,"NR2E1"
5607,"NR2E3"
5608,"NR2F1"
5609,"NR2F2"
5610,"NR2F6"
5611,"NR3C1"
5612,"NR3C2"
5613,"NR4A1"
5614,"NR4A2"
5615,"NR4A3"
5616,"NR5A1"
5617,"NR5A2"
5618,"NRAP"
5619,"NRAS"
5620,"NRBF2"
5621,"NRBP1"
5622,"NRCAM"
5623,"NRF1"
5624,"NRG1"
5625,"NRG2"
5626,"NRGN"
5627,"NRIP1"
5628,"NRIP2"
5629,"NRIP3"
5630,"NRL"
5631,"NRN1"
5632,"NRP1"
5633,"NRP2"
5634,"NRSN2"
5635,"NRTN"
5636,"NRXN1"
5637,"NRXN2"
5638,"NRXN3"
5639,"NSD1"
5640,"NSDHL"
5641,"NSF"
5642,"NSFL1C"
5643,"NSL1"
5644,"NSMAF"
5645,"NSMCE4A"
5646,"NSUN3"
5647,"NSUN5"
5648,"NT5C"
5649,"NT5C2"
5650,"NT5DC2"
5651,"NT5DC3"
5652,"NT5E"
5653,"NT5M"
5654,"NTF3"
5655,"NTHL1"
5656,"NTN1"
5657,"NTNG1"
5658,"NTRK1"
5659,"NTRK2"
5660,"NTRK3"
5661,"NTS"
5662,"NTSR1"
5663,"NTSR2"
5664,"NUAK1"
5665,"NUBP1"
5666,"NUBP2"
5667,"NUBPL"
5668,"NUCB1"
5669,"NUCB2"
5670,"NUCKS1"
5671,"NUDC"
5672,"NUDCD3"
5673,"NUDT1"
5674,"NUDT11"
5675,"NUDT13"
5676,"NUDT15"
5677,"NUDT18"
5678,"NUDT2"
5679,"NUDT21"
5680,"NUDT3"
5681,"NUDT4"
5682,"NUDT9"
5683,"NUFIP1"
5684,"NUMA1"
5685,"NUMB"
5686,"NUP107"
5687,"NUP133"
5688,"NUP153"
5689,"NUP155"
5690,"NUP160"
5691,"NUP188"
5692,"NUP205"
5693,"NUP210"
5694,"NUP214"
5695,"NUP37"
5696,"NUP43"
5697,"NUP50"
5698,"NUP54"
5699,"NUP62"
5700,"NUP62CL"
5701,"NUP85"
5702,"NUP88"
5703,"NUP93"
5704,"NUP98"
5705,"NUPR1"
5706,"NUS1"
5707,"NUSAP1"
5708,"NUTF2"
5709,"NVL"
5710,"NXF1"
5711,"NXF3"
5712,"NXN"
5713,"NXPH3"
5714,"NXPH4"
5715,"NXT1"
5716,"NXT2"
5717,"NYX"
5718,"OAS1"
5719,"OAS2"
5720,"OAS3"
5721,"OASL"
5722,"OAT"
5723,"OAZ1"
5724,"OAZ2"
5725,"OAZ3"
5726,"OBP2A"
5727,"OBSCN"
5728,"OBSL1"
5729,"OCA2"
5730,"OCEL1"
5731,"OCLN"
5732,"OCRL"
5733,"ODAM"
5734,"ODC1"
5735,"ODF1"
5736,"ODF2"
5737,"OFD1"
5738,"OGDH"
5739,"OGDHL"
5740,"OGFOD1"
5741,"OGFR"
5742,"OGFRL1"
5743,"OGG1"
5744,"OGN"
5745,"OGT"
5746,"OIP5"
5747,"OLAH"
5748,"OLFM1"
5749,"OLFM4"
5750,"OLFML1"
5751,"OLFML2A"
5752,"OLFML2B"
5753,"OLFML3"
5754,"OLIG2"
5755,"OLR1"
5756,"OMD"
5757,"OMG"
5758,"ONECUT1"
5759,"ONECUT2"
5760,"OPA1"
5761,"OPA3"
5762,"OPCML"
5763,"OPLAH"
5764,"OPN1SW"
5765,"OPRD1"
5766,"OPRK1"
5767,"OPRL1"
5768,"OPRM1"
5769,"OPTN"
5770,"OR10H1"
5771,"OR10H3"
5772,"OR10J1"
5773,"OR11A1"
5774,"OR12D2"
5775,"OR12D3"
5776,"OR1A1"
5777,"OR1D2"
5778,"OR1G1"
5779,"OR2B2"
5780,"OR2B6"
5781,"OR2C1"
5782,"OR2F1"
5783,"OR2H1"
5784,"OR2H2"
5785,"OR2S2"
5786,"OR2W1"
5787,"OR3A1"
5788,"OR3A2"
5789,"OR51E2"
5790,"OR52A1"
5791,"OR5I1"
5792,"OR6A2"
5793,"OR7A10"
5794,"OR7A17"
5795,"OR7A5"
5796,"OR7C2"
5797,"OR7E24"
5798,"ORM1"
5799,"ORMDL2"
5800,"OS9"
5801,"OSBP"
5802,"OSBP2"
5803,"OSBPL10"
5804,"OSBPL11"
5805,"OSBPL1A"
5806,"OSBPL2"
5807,"OSBPL3"
5808,"OSBPL7"
5809,"OSBPL8"
5810,"OSBPL9"
5811,"OSGEP"
5812,"OSGEPL1"
5813,"OSGIN1"
5814,"OSGIN2"
5815,"OSMR"
5816,"OSR2"
5817,"OSTF1"
5818,"OSTM1"
5819,"OTC"
5820,"OTOF"
5821,"OTOR"
5822,"OTUB1"
5823,"OTUB2"
5824,"OTUD3"
5825,"OTUD4"
5826,"OTUD7B"
5827,"OVGP1"
5828,"OVOL1"
5829,"OVOL2"
5830,"OXA1L"
5831,"OXCT1"
5832,"OXCT2"
5833,"OXR1"
5834,"OXSM"
5835,"OXSR1"
5836,"OXT"
5837,"OXTR"
5838,"P2RX1"
5839,"P2RX2"
5840,"P2RX3"
5841,"P2RX4"
5842,"P2RX5"
5843,"P2RX7"
5844,"P2RY1"
5845,"P2RY10"
5846,"P2RY13"
5847,"P2RY14"
5848,"P2RY2"
5849,"P2RY4"
5850,"P2RY6"
5851,"P4HA1"
5852,"P4HA2"
5853,"P4HB"
5854,"PA2G4"
5855,"PABPC1"
5856,"PABPC3"
5857,"PABPC4"
5858,"PABPN1"
5859,"PACRG"
5860,"PACS1"
5861,"PACS2"
5862,"PACSIN2"
5863,"PACSIN3"
5864,"PADI1"
5865,"PADI2"
5866,"PADI3"
5867,"PADI4"
5868,"PAEP"
5869,"PAF1"
5870,"PAFAH1B1"
5871,"PAFAH1B2"
5872,"PAFAH1B3"
5873,"PAFAH2"
5874,"PAGE1"
5875,"PAGE4"
5876,"PAH"
5877,"PAICS"
5878,"PAIP1"
5879,"PAIP2B"
5880,"PAK1"
5881,"PAK1IP1"
5882,"PAK2"
5883,"PAK3"
5884,"PAK4"
5885,"PAK6"
5886,"PALB2"
5887,"PALLD"
5888,"PALM"
5889,"PALMD"
5890,"PAM"
5891,"PANK2"
5892,"PANK3"
5893,"PANK4"
5894,"PANX1"
5895,"PAOX"
5896,"PAPOLA"
5897,"PAPOLB"
5898,"PAPOLG"
5899,"PAPPA"
5900,"PAPPA2"
5901,"PAPSS1"
5902,"PAPSS2"
5903,"PAQR3"
5904,"PAQR4"
5905,"PAQR5"
5906,"PAQR6"
5907,"PARD3"
5908,"PARD6A"
5909,"PARD6B"
5910,"PARG"
5911,"PARK7"
5912,"PARL"
5913,"PARN"
5914,"PARP1"
5915,"PARP11"
5916,"PARP12"
5917,"PARP16"
5918,"PARP2"
5919,"PARP3"
5920,"PARP4"
5921,"PARP6"
5922,"PARP8"
5923,"PART1"
5924,"PARVA"
5925,"PARVB"
5926,"PASK"
5927,"PATZ1"
5928,"PAWR"
5929,"PAX1"
5930,"PAX2"
5931,"PAX3"
5932,"PAX4"
5933,"PAX5"
5934,"PAX6"
5935,"PAX7"
5936,"PAX8"
5937,"PAX9"
5938,"PAXIP1"
5939,"PBK"
5940,"PBLD"
5941,"PBOV1"
5942,"PBRM1"
5943,"PBX1"
5944,"PBX2"
5945,"PBX3"
5946,"PBXIP1"
5947,"PC"
5948,"PCBD1"
5949,"PCBP1"
5950,"PCBP2"
5951,"PCBP3"
5952,"PCBP4"
5953,"PCCA"
5954,"PCCB"
5955,"PCDH1"
5956,"PCDH11X"
5957,"PCDH11Y"
5958,"PCDH12"
5959,"PCDH17"
5960,"PCDH7"
5961,"PCDH8"
5962,"PCDH9"
5963,"PCDHA5"
5964,"PCDHA9"
5965,"PCDHB1"
5966,"PCDHB12"
5967,"PCDHB6"
5968,"PCDHB8"
5969,"PCDHGA8"
5970,"PCDHGA9"
5971,"PCDHGC3"
5972,"PCF11"
5973,"PCGF1"
5974,"PCGF2"
5975,"PCGF3"
5976,"PCID2"
5977,"PCK1"
5978,"PCK2"
5979,"PCLO"
5980,"PCM1"
5981,"PCMT1"
5982,"PCNA"
5983,"PCNP"
5984,"PCNT"
5985,"PCOLCE"
5986,"PCOLCE2"
5987,"PCP4"
5988,"PCSK1"
5989,"PCSK1N"
5990,"PCSK2"
5991,"PCSK5"
5992,"PCSK6"
5993,"PCSK7"
5994,"PCTP"
5995,"PCYOX1"
5996,"PCYOX1L"
5997,"PCYT1A"
5998,"PCYT1B"
5999,"PCYT2"
6000,"PDAP1"
6001,"PDC"
6002,"PDCD1"
6003,"PDCD10"
6004,"PDCD11"
6005,"PDCD1LG2"
6006,"PDCD2"
6007,"PDCD4"
6008,"PDCD5"
6009,"PDCD6"
6010,"PDCD6IP"
6011,"PDCL"
6012,"PDCL3"
6013,"PDE10A"
6014,"PDE11A"
6015,"PDE1A"
6016,"PDE1B"
6017,"PDE1C"
6018,"PDE2A"
6019,"PDE3A"
6020,"PDE3B"
6021,"PDE4A"
6022,"PDE4B"
6023,"PDE4C"
6024,"PDE4D"
6025,"PDE4DIP"
6026,"PDE5A"
6027,"PDE6A"
6028,"PDE6B"
6029,"PDE6C"
6030,"PDE6D"
6031,"PDE6G"
6032,"PDE6H"
6033,"PDE7B"
6034,"PDE8A"
6035,"PDE8B"
6036,"PDE9A"
6037,"PDGFA"
6038,"PDGFB"
6039,"PDGFC"
6040,"PDGFD"
6041,"PDGFRA"
6042,"PDGFRB"
6043,"PDGFRL"
6044,"PDHA1"
6045,"PDHA2"
6046,"PDHB"
6047,"PDHX"
6048,"PDIA2"
6049,"PDIA3"
6050,"PDIA4"
6051,"PDIA5"
6052,"PDIA6"
6053,"PDK1"
6054,"PDK2"
6055,"PDK3"
6056,"PDK4"
6057,"PDLIM1"
6058,"PDLIM2"
6059,"PDLIM3"
6060,"PDLIM4"
6061,"PDLIM5"
6062,"PDLIM7"
6063,"PDPK1"
6064,"PDPN"
6065,"PDPR"
6066,"PDS5A"
6067,"PDSS1"
6068,"PDSS2"
6069,"PDX1"
6070,"PDXDC1"
6071,"PDXK"
6072,"PDYN"
6073,"PDZD2"
6074,"PDZD7"
6075,"PDZK1"
6076,"PDZK1IP1"
6077,"PDZRN3"
6078,"PDZRN4"
6079,"PEA15"
6080,"PEBP1"
6081,"PECR"
6082,"PEF1"
6083,"PEG10"
6084,"PEG3"
6085,"PELI1"
6086,"PELI2"
6087,"PELO"
6088,"PELP1"
6089,"PEMT"
6090,"PENK"
6091,"PEPD"
6092,"PER1"
6093,"PER2"
6094,"PER3"
6095,"PERP"
6096,"PES1"
6097,"PEX1"
6098,"PEX10"
6099,"PEX11A"
6100,"PEX11B"
6101,"PEX12"
6102,"PEX13"
6103,"PEX14"
6104,"PEX16"
6105,"PEX19"
6106,"PEX3"
6107,"PEX5"
6108,"PEX5L"
6109,"PEX6"
6110,"PEX7"
6111,"PF4"
6112,"PF4V1"
6113,"PFAS"
6114,"PFDN1"
6115,"PFDN2"
6116,"PFDN4"
6117,"PFDN5"
6118,"PFDN6"
6119,"PFKFB1"
6120,"PFKFB2"
6121,"PFKFB3"
6122,"PFKFB4"
6123,"PFKL"
6124,"PFKM"
6125,"PFKP"
6126,"PFN1"
6127,"PFN2"
6128,"PGAP1"
6129,"PGC"
6130,"PGD"
6131,"PGF"
6132,"PGGT1B"
6133,"PGK1"
6134,"PGK2"
6135,"PGLS"
6136,"PGLYRP1"
6137,"PGLYRP4"
6138,"PGM1"
6139,"PGM3"
6140,"PGM5"
6141,"PGPEP1"
6142,"PGR"
6143,"PGRMC1"
6144,"PGRMC2"
6145,"PGS1"
6146,"PHACTR1"
6147,"PHACTR2"
6148,"PHACTR4"
6149,"PHB2"
6150,"PHC2"
6151,"PHC3"
6152,"PHEX"
6153,"PHF1"
6154,"PHF10"
6155,"PHF11"
6156,"PHF14"
6157,"PHF2"
6158,"PHF20"
6159,"PHF20L1"
6160,"PHF21A"
6161,"PHF3"
6162,"PHF7"
6163,"PHF8"
6164,"PHGDH"
6165,"PHIP"
6166,"PHKA1"
6167,"PHKA2"
6168,"PHKB"
6169,"PHKG1"
6170,"PHKG2"
6171,"PHLDA1"
6172,"PHLDA2"
6173,"PHLDA3"
6174,"PHLDB1"
6175,"PHOX2A"
6176,"PHOX2B"
6177,"PHTF1"
6178,"PHTF2"
6179,"PHYH"
6180,"PHYHIP"
6181,"PI15"
6182,"PI3"
6183,"PIAS1"
6184,"PIAS2"
6185,"PIAS3"
6186,"PIAS4"
6187,"PICALM"
6188,"PICK1"
6189,"PID1"
6190,"PIGA"
6191,"PIGB"
6192,"PIGC"
6193,"PIGF"
6194,"PIGG"
6195,"PIGH"
6196,"PIGK"
6197,"PIGL"
6198,"PIGN"
6199,"PIGO"
6200,"PIGP"
6201,"PIGQ"
6202,"PIGR"
6203,"PIGT"
6204,"PIGV"
6205,"PIGZ"
6206,"PIH1D1"
6207,"PIK3C2B"
6208,"PIK3C2G"
6209,"PIK3C3"
6210,"PIK3CA"
6211,"PIK3CB"
6212,"PIK3CD"
6213,"PIK3CG"
6214,"PIK3IP1"
6215,"PIK3R1"
6216,"PIK3R2"
6217,"PIK3R3"
6218,"PIK3R4"
6219,"PIK3R5"
6220,"PILRA"
6221,"PILRB"
6222,"PIM1"
6223,"PIM2"
6224,"PIN1"
6225,"PIN4"
6226,"PINK1"
6227,"PIP"
6228,"PIP4K2A"
6229,"PIP5K1A"
6230,"PIP5K1B"
6231,"PIP5K1C"
6232,"PIPOX"
6233,"PIR"
6234,"PISD"
6235,"PITPNA"
6236,"PITPNB"
6237,"PITPNC1"
6238,"PITPNM1"
6239,"PITPNM3"
6240,"PITRM1"
6241,"PITX1"
6242,"PITX2"
6243,"PITX3"
6244,"PIWIL1"
6245,"PIWIL2"
6246,"PJA1"
6247,"PJA2"
6248,"PKD1"
6249,"PKD2"
6250,"PKD2L1"
6251,"PKDREJ"
6252,"PKIA"
6253,"PKIG"
6254,"PKLR"
6255,"PKMYT1"
6256,"PKN1"
6257,"PKN2"
6258,"PKNOX1"
6259,"PKNOX2"
6260,"PKP1"
6261,"PKP2"
6262,"PKP3"
6263,"PLA1A"
6264,"PLA2G10"
6265,"PLA2G12A"
6266,"PLA2G1B"
6267,"PLA2G2A"
6268,"PLA2G2D"
6269,"PLA2G2E"
6270,"PLA2G2F"
6271,"PLA2G3"
6272,"PLA2G4A"
6273,"PLA2G4C"
6274,"PLA2G5"
6275,"PLA2G6"
6276,"PLA2G7"
6277,"PLA2R1"
6278,"PLAA"
6279,"PLAC1"
6280,"PLAC4"
6281,"PLAC8"
6282,"PLAG1"
6283,"PLAGL1"
6284,"PLAGL2"
6285,"PLAT"
6286,"PLAU"
6287,"PLAUR"
6288,"PLCB1"
6289,"PLCB2"
6290,"PLCB3"
6291,"PLCB4"
6292,"PLCD1"
6293,"PLCE1"
6294,"PLCG1"
6295,"PLCG2"
6296,"PLCH1"
6297,"PLCH2"
6298,"PLCL1"
6299,"PLCL2"
6300,"PLD1"
6301,"PLD2"
6302,"PLD3"
6303,"PLEK"
6304,"PLEK2"
6305,"PLEKHA1"
6306,"PLEKHA4"
6307,"PLEKHA5"
6308,"PLEKHA6"
6309,"PLEKHB1"
6310,"PLEKHB2"
6311,"PLEKHF1"
6312,"PLEKHF2"
6313,"PLEKHG3"
6314,"PLEKHG6"
6315,"PLEKHH3"
6316,"PLEKHJ1"
6317,"PLEKHM1"
6318,"PLEKHM2"
6319,"PLEKHO1"
6320,"PLG"
6321,"PLK1"
6322,"PLK2"
6323,"PLK3"
6324,"PLK4"
6325,"PLLP"
6326,"PLN"
6327,"PLOD1"
6328,"PLOD2"
6329,"PLOD3"
6330,"PLP1"
6331,"PLP2"
6332,"PLS1"
6333,"PLS3"
6334,"PLSCR1"
6335,"PLSCR2"
6336,"PLSCR3"
6337,"PLSCR4"
6338,"PLTP"
6339,"PLVAP"
6340,"PLXDC1"
6341,"PLXNA1"
6342,"PLXNA2"
6343,"PLXNA3"
6344,"PLXNB1"
6345,"PLXNB2"
6346,"PLXNB3"
6347,"PLXNC1"
6348,"PLXND1"
6349,"PMAIP1"
6350,"PMF1"
6351,"PMFBP1"
6352,"PML"
6353,"PMM1"
6354,"PMP2"
6355,"PMP22"
6356,"PMPCA"
6357,"PMPCB"
6358,"PMS1"
6359,"PMVK"
6360,"PNKP"
6361,"PNLIPRP1"
6362,"PNLIPRP2"
6363,"PNMA1"
6364,"PNMA2"
6365,"PNMA3"
6366,"PNMT"
6367,"PNN"
6368,"PNO1"
6369,"PNOC"
6370,"PNPLA2"
6371,"PNPLA3"
6372,"PNPLA4"
6373,"PNPLA6"
6374,"PNPO"
6375,"PNRC1"
6376,"PODNL1"
6377,"PODXL"
6378,"PODXL2"
6379,"POF1B"
6380,"POFUT1"
6381,"POFUT2"
6382,"POGK"
6383,"POGZ"
6384,"POLA1"
6385,"POLA2"
6386,"POLB"
6387,"POLD1"
6388,"POLD2"
6389,"POLD3"
6390,"POLD4"
6391,"POLDIP2"
6392,"POLDIP3"
6393,"POLE"
6394,"POLE2"
6395,"POLE3"
6396,"POLG"
6397,"POLG2"
6398,"POLH"
6399,"POLI"
6400,"POLL"
6401,"POLM"
6402,"POLQ"
6403,"POLR1B"
6404,"POLR1C"
6405,"POLR1D"
6406,"POLR1E"
6407,"POLR2A"
6408,"POLR2B"
6409,"POLR2C"
6410,"POLR2D"
6411,"POLR2E"
6412,"POLR2F"
6413,"POLR2G"
6414,"POLR2H"
6415,"POLR2I"
6416,"POLR2J"
6417,"POLR2K"
6418,"POLR3B"
6419,"POLR3C"
6420,"POLR3D"
6421,"POLR3E"
6422,"POLR3F"
6423,"POLR3G"
6424,"POLR3K"
6425,"POLRMT"
6426,"POM121"
6427,"POMC"
6428,"POMGNT1"
6429,"POMP"
6430,"POMT1"
6431,"POMT2"
6432,"PON1"
6433,"PON2"
6434,"PON3"
6435,"POP4"
6436,"POP5"
6437,"POP7"
6438,"POPDC3"
6439,"POR"
6440,"PORCN"
6441,"POSTN"
6442,"POT1"
6443,"POU1F1"
6444,"POU2AF1"
6445,"POU2F1"
6446,"POU2F2"
6447,"POU2F3"
6448,"POU3F1"
6449,"POU3F2"
6450,"POU3F3"
6451,"POU4F1"
6452,"POU4F2"
6453,"POU4F3"
6454,"POU6F1"
6455,"PPA1"
6456,"PPA2"
6457,"PPARA"
6458,"PPARD"
6459,"PPARG"
6460,"PPARGC1A"
6461,"PPAT"
6462,"PPBP"
6463,"PPCDC"
6464,"PPCS"
6465,"PPEF1"
6466,"PPEF2"
6467,"PPFIA1"
6468,"PPFIA2"
6469,"PPFIA3"
6470,"PPFIA4"
6471,"PPFIBP1"
6472,"PPFIBP2"
6473,"PPIA"
6474,"PPIB"
6475,"PPIC"
6476,"PPID"
6477,"PPIE"
6478,"PPIF"
6479,"PPIG"
6480,"PPIH"
6481,"PPIL2"
6482,"PPL"
6483,"PPM1A"
6484,"PPM1B"
6485,"PPM1D"
6486,"PPM1E"
6487,"PPM1F"
6488,"PPM1G"
6489,"PPM1H"
6490,"PPME1"
6491,"PPOX"
6492,"PPP1CA"
6493,"PPP1CB"
6494,"PPP1CC"
6495,"PPP1R10"
6496,"PPP1R11"
6497,"PPP1R12A"
6498,"PPP1R12B"
6499,"PPP1R13B"
6500,"PPP1R13L"
6501,"PPP1R14B"
6502,"PPP1R14D"
6503,"PPP1R15A"
6504,"PPP1R16B"
6505,"PPP1R1A"
6506,"PPP1R2"
6507,"PPP1R3C"
6508,"PPP1R3D"
6509,"PPP1R7"
6510,"PPP1R8"
6511,"PPP1R9A"
6512,"PPP2CA"
6513,"PPP2CB"
6514,"PPP2R1A"
6515,"PPP2R1B"
6516,"PPP2R2A"
6517,"PPP2R2B"
6518,"PPP2R2D"
6519,"PPP2R3A"
6520,"PPP2R3C"
6521,"PPP2R5A"
6522,"PPP2R5B"
6523,"PPP2R5C"
6524,"PPP2R5D"
6525,"PPP2R5E"
6526,"PPP3CA"
6527,"PPP3CB"
6528,"PPP3CC"
6529,"PPP4C"
6530,"PPP4R1"
6531,"PPP4R2"
6532,"PPP5C"
6533,"PPP6C"
6534,"PPRC1"
6535,"PPT1"
6536,"PPT2"
6537,"PPWD1"
6538,"PPY"
6539,"PQBP1"
6540,"PRAF2"
6541,"PRAME"
6542,"PRAMEF10"
6543,"PRB1"
6544,"PRB3"
6545,"PRC1"
6546,"PRCC"
6547,"PRCP"
6548,"PRDM1"
6549,"PRDM10"
6550,"PRDM11"
6551,"PRDM12"
6552,"PRDM13"
6553,"PRDM14"
6554,"PRDM16"
6555,"PRDM2"
6556,"PRDM4"
6557,"PRDM5"
6558,"PRDM8"
6559,"PRDM9"
6560,"PRDX1"
6561,"PRDX2"
6562,"PRDX3"
6563,"PRDX4"
6564,"PRDX6"
6565,"PREB"
6566,"PRELP"
6567,"PREP"
6568,"PREPL"
6569,"PRF1"
6570,"PRG2"
6571,"PRG3"
6572,"PRIM1"
6573,"PRKAA1"
6574,"PRKAA2"
6575,"PRKAB1"
6576,"PRKAB2"
6577,"PRKACA"
6578,"PRKACB"
6579,"PRKACG"
6580,"PRKAG1"
6581,"PRKAG2"
6582,"PRKAR1A"
6583,"PRKAR2A"
6584,"PRKAR2B"
6585,"PRKCA"
6586,"PRKCD"
6587,"PRKCE"
6588,"PRKCG"
6589,"PRKCH"
6590,"PRKCI"
6591,"PRKCQ"
6592,"PRKCSH"
6593,"PRKD1"
6594,"PRKD2"
6595,"PRKD3"
6596,"PRKDC"
6597,"PRKG1"
6598,"PRKG2"
6599,"PRKRA"
6600,"PRKRIP1"
6601,"PRKX"
6602,"PRKY"
6603,"PRL"
6604,"PRLH"
6605,"PRLR"
6606,"PRM1"
6607,"PRM2"
6608,"PRMT1"
6609,"PRMT2"
6610,"PRMT3"
6611,"PRMT5"
6612,"PRMT7"
6613,"PRMT8"
6614,"PRND"
6615,"PRNP"
6616,"PROC"
6617,"PROCR"
6618,"PRODH"
6619,"PRODH2"
6620,"PROM1"
6621,"PROP1"
6622,"PROS1"
6623,"PROX1"
6624,"PROZ"
6625,"PRPF18"
6626,"PRPF19"
6627,"PRPF3"
6628,"PRPF31"
6629,"PRPF38B"
6630,"PRPF39"
6631,"PRPF4"
6632,"PRPF40A"
6633,"PRPF4B"
6634,"PRPF6"
6635,"PRPF8"
6636,"PRPH"
6637,"PRPH2"
6638,"PRPS1"
6639,"PRPS1L1"
6640,"PRPS2"
6641,"PRPSAP1"
6642,"PRPSAP2"
6643,"PRR13"
6644,"PRR14"
6645,"PRR16"
6646,"PRR3"
6647,"PRR5"
6648,"PRR7"
6649,"PRRC1"
6650,"PRRG1"
6651,"PRRG2"
6652,"PRRG3"
6653,"PRRG4"
6654,"PRRX1"
6655,"PRRX2"
6656,"PRSS1"
6657,"PRSS12"
6658,"PRSS16"
6659,"PRSS21"
6660,"PRSS22"
6661,"PRSS23"
6662,"PRSS3"
6663,"PRSS8"
6664,"PRTN3"
6665,"PRUNE2"
6666,"PRX"
6667,"PSAP"
6668,"PSAT1"
6669,"PSD"
6670,"PSD3"
6671,"PSD4"
6672,"PSEN1"
6673,"PSEN2"
6674,"PSENEN"
6675,"PSG1"
6676,"PSG11"
6677,"PSG2"
6678,"PSG3"
6679,"PSG4"
6680,"PSG5"
6681,"PSG6"
6682,"PSG9"
6683,"PSIP1"
6684,"PSKH1"
6685,"PSMA1"
6686,"PSMA2"
6687,"PSMA3"
6688,"PSMA4"
6689,"PSMA5"
6690,"PSMA7"
6691,"PSMB1"
6692,"PSMB2"
6693,"PSMB3"
6694,"PSMB4"
6695,"PSMB5"
6696,"PSMB6"
6697,"PSMB7"
6698,"PSMB8"
6699,"PSMB9"
6700,"PSMC1"
6701,"PSMC2"
6702,"PSMC3"
6703,"PSMC4"
6704,"PSMC5"
6705,"PSMC6"
6706,"PSMD1"
6707,"PSMD10"
6708,"PSMD11"
6709,"PSMD12"
6710,"PSMD13"
6711,"PSMD14"
6712,"PSMD2"
6713,"PSMD3"
6714,"PSMD4"
6715,"PSMD5"
6716,"PSMD6"
6717,"PSMD7"
6718,"PSMD8"
6719,"PSMD9"
6720,"PSME1"
6721,"PSME2"
6722,"PSME3"
6723,"PSME4"
6724,"PSMF1"
6725,"PSORS1C1"
6726,"PSORS1C2"
6727,"PSPH"
6728,"PSPN"
6729,"PSRC1"
6730,"PSTPIP1"
6731,"PSTPIP2"
6732,"PTAFR"
6733,"PTBP1"
6734,"PTBP2"
6735,"PTCD1"
6736,"PTCD2"
6737,"PTCD3"
6738,"PTCH1"
6739,"PTCH2"
6740,"PTCRA"
6741,"PTDSS1"
6742,"PTDSS2"
6743,"PTEN"
6744,"PTER"
6745,"PTGDR"
6746,"PTGDS"
6747,"PTGER1"
6748,"PTGER2"
6749,"PTGER3"
6750,"PTGER4"
6751,"PTGES"
6752,"PTGES2"
6753,"PTGES3"
6754,"PTGFR"
6755,"PTGIR"
6756,"PTGIS"
6757,"PTGS1"
6758,"PTGS2"
6759,"PTH"
6760,"PTHLH"
6761,"PTK2"
6762,"PTK2B"
6763,"PTK7"
6764,"PTMA"
6765,"PTMS"
6766,"PTN"
6767,"PTOV1"
6768,"PTP4A1"
6769,"PTP4A2"
6770,"PTPN1"
6771,"PTPN11"
6772,"PTPN12"
6773,"PTPN13"
6774,"PTPN14"
6775,"PTPN18"
6776,"PTPN2"
6777,"PTPN21"
6778,"PTPN22"
6779,"PTPN3"
6780,"PTPN4"
6781,"PTPN6"
6782,"PTPN7"
6783,"PTPN9"
6784,"PTPRA"
6785,"PTPRB"
6786,"PTPRC"
6787,"PTPRD"
6788,"PTPRE"
6789,"PTPRF"
6790,"PTPRG"
6791,"PTPRH"
6792,"PTPRJ"
6793,"PTPRK"
6794,"PTPRM"
6795,"PTPRN"
6796,"PTPRN2"
6797,"PTPRO"
6798,"PTPRR"
6799,"PTPRS"
6800,"PTPRT"
6801,"PTPRU"
6802,"PTPRZ1"
6803,"PTRH2"
6804,"PTS"
6805,"PTTG1"
6806,"PTTG1IP"
6807,"PTX3"
6808,"PUM1"
6809,"PUM2"
6810,"PURA"
6811,"PURG"
6812,"PUS1"
6813,"PUS3"
6814,"PUS7"
6815,"PUS7L"
6816,"PVALB"
6817,"PVR"
6818,"PVRIG"
6819,"PWP1"
6820,"PWP2"
6821,"PXDN"
6822,"PXMP2"
6823,"PXMP4"
6824,"PXN"
6825,"PYCARD"
6826,"PYCR1"
6827,"PYGB"
6828,"PYGL"
6829,"PYGM"
6830,"PYHIN1"
6831,"PYY"
6832,"PZP"
6833,"QDPR"
6834,"QKI"
6835,"QPCT"
6836,"QPRT"
6837,"QRICH1"
6838,"QRSL1"
6839,"QSER1"
6840,"QSOX1"
6841,"QTRT1"
6842,"R3HDM1"
6843,"R3HDM2"
6844,"RAB11A"
6845,"RAB11B"
6846,"RAB11FIP1"
6847,"RAB11FIP2"
6848,"RAB11FIP3"
6849,"RAB11FIP5"
6850,"RAB14"
6851,"RAB15"
6852,"RAB17"
6853,"RAB1A"
6854,"RAB1B"
6855,"RAB20"
6856,"RAB21"
6857,"RAB22A"
6858,"RAB23"
6859,"RAB25"
6860,"RAB26"
6861,"RAB27A"
6862,"RAB27B"
6863,"RAB28"
6864,"RAB2A"
6865,"RAB30"
6866,"RAB31"
6867,"RAB32"
6868,"RAB33A"
6869,"RAB33B"
6870,"RAB35"
6871,"RAB36"
6872,"RAB38"
6873,"RAB3A"
6874,"RAB3B"
6875,"RAB3D"
6876,"RAB3GAP1"
6877,"RAB3GAP2"
6878,"RAB3IL1"
6879,"RAB40B"
6880,"RAB40C"
6881,"RAB4A"
6882,"RAB4B"
6883,"RAB5A"
6884,"RAB5B"
6885,"RAB5C"
6886,"RAB6A"
6887,"RAB6B"
6888,"RAB7A"
6889,"RAB8A"
6890,"RAB8B"
6891,"RAB9A"
6892,"RABAC1"
6893,"RABEP1"
6894,"RABEP2"
6895,"RABEPK"
6896,"RABGAP1"
6897,"RABGAP1L"
6898,"RABGEF1"
6899,"RABGGTA"
6900,"RABGGTB"
6901,"RABIF"
6902,"RABL3"
6903,"RAC1"
6904,"RAC2"
6905,"RAC3"
6906,"RACGAP1"
6907,"RAD1"
6908,"RAD17"
6909,"RAD21"
6910,"RAD23A"
6911,"RAD23B"
6912,"RAD50"
6913,"RAD51"
6914,"RAD51AP1"
6915,"RAD51C"
6916,"RAD52"
6917,"RAD54B"
6918,"RAD54L"
6919,"RAD54L2"
6920,"RAD9A"
6921,"RAE1"
6922,"RAF1"
6923,"RAG1"
6924,"RAG2"
6925,"RAI14"
6926,"RAI2"
6927,"RALA"
6928,"RALB"
6929,"RALBP1"
6930,"RALGDS"
6931,"RALGPS1"
6932,"RALGPS2"
6933,"RALY"
6934,"RAMP1"
6935,"RAMP2"
6936,"RAMP3"
6937,"RAN"
6938,"RANBP1"
6939,"RANBP10"
6940,"RANBP17"
6941,"RANBP2"
6942,"RANBP3"
6943,"RANBP6"
6944,"RANBP9"
6945,"RANGAP1"
6946,"RAP1A"
6947,"RAP1GAP"
6948,"RAP1GDS1"
6949,"RAP2A"
6950,"RAP2B"
6951,"RAP2C"
6952,"RAPGEF1"
6953,"RAPGEF2"
6954,"RAPGEF3"
6955,"RAPGEF4"
6956,"RAPGEF5"
6957,"RAPGEF6"
6958,"RAPGEFL1"
6959,"RAPSN"
6960,"RARA"
6961,"RARB"
6962,"RARG"
6963,"RARRES1"
6964,"RARRES2"
6965,"RASA1"
6966,"RASA2"
6967,"RASAL1"
6968,"RASAL2"
6969,"RASGRF1"
6970,"RASGRP1"
6971,"RASGRP2"
6972,"RASGRP3"
6973,"RASIP1"
6974,"RASL10A"
6975,"RASL11B"
6976,"RASL12"
6977,"RASSF1"
6978,"RASSF2"
6979,"RASSF4"
6980,"RASSF7"
6981,"RASSF8"
6982,"RAX"
6983,"RB1"
6984,"RB1CC1"
6985,"RBBP4"
6986,"RBBP5"
6987,"RBBP6"
6988,"RBBP7"
6989,"RBBP8"
6990,"RBBP9"
6991,"RBCK1"
6992,"RBKS"
6993,"RBL2"
6994,"RBM10"
6995,"RBM12B"
6996,"RBM14"
6997,"RBM15"
6998,"RBM15B"
6999,"RBM19"
7000,"RBM22"
7001,"RBM23"
7002,"RBM25"
7003,"RBM26"
7004,"RBM28"
7005,"RBM3"
7006,"RBM34"
7007,"RBM38"
7008,"RBM39"
7009,"RBM4"
7010,"RBM42"
7011,"RBM4B"
7012,"RBM5"
7013,"RBM6"
7014,"RBM7"
7015,"RBM8A"
7016,"RBMS1"
7017,"RBMS2"
7018,"RBMS3"
7019,"RBMX"
7020,"RBMX2"
7021,"RBP1"
7022,"RBP4"
7023,"RBPJ"
7024,"RBPJL"
7025,"RBPMS"
7026,"RBX1"
7027,"RC3H2"
7028,"RCAN1"
7029,"RCAN2"
7030,"RCAN3"
7031,"RCBTB1"
7032,"RCBTB2"
7033,"RCE1"
7034,"RCHY1"
7035,"RCL1"
7036,"RCN1"
7037,"RCN2"
7038,"RCN3"
7039,"RCOR1"
7040,"RCOR3"
7041,"RCVRN"
7042,"RDH11"
7043,"RDH14"
7044,"RDH16"
7045,"RDH5"
7046,"RDH8"
7047,"RDX"
7048,"REC8"
7049,"RECK"
7050,"RECQL"
7051,"RECQL4"
7052,"RECQL5"
7053,"REEP1"
7054,"REEP2"
7055,"REEP4"
7056,"REEP5"
7057,"REG1A"
7058,"REG1B"
7059,"REG3A"
7060,"REL"
7061,"RELA"
7062,"RELB"
7063,"RELN"
7064,"REM1"
7065,"REN"
7066,"RENBP"
7067,"REPIN1"
7068,"REPS2"
7069,"RER1"
7070,"RERE"
7071,"REST"
7072,"RET"
7073,"RETN"
7074,"RETSAT"
7075,"REV1"
7076,"REV3L"
7077,"REXO2"
7078,"REXO4"
7079,"RFC1"
7080,"RFC2"
7081,"RFC3"
7082,"RFC4"
7083,"RFC5"
7084,"RFK"
7085,"RFNG"
7086,"RFPL1"
7087,"RFTN1"
7088,"RFWD3"
7089,"RFX1"
7090,"RFX2"
7091,"RFX3"
7092,"RFX5"
7093,"RFXANK"
7094,"RFXAP"
7095,"RGL1"
7096,"RGL2"
7097,"RGN"
7098,"RGR"
7099,"RGS1"
7100,"RGS10"
7101,"RGS11"
7102,"RGS12"
7103,"RGS13"
7104,"RGS14"
7105,"RGS16"
7106,"RGS17"
7107,"RGS19"
7108,"RGS2"
7109,"RGS20"
7110,"RGS3"
7111,"RGS4"
7112,"RGS5"
7113,"RGS6"
7114,"RGS7"
7115,"RGS9"
7116,"RGSL1"
7117,"RHAG"
7118,"RHBDD3"
7119,"RHBDF1"
7120,"RHBDF2"
7121,"RHBDL1"
7122,"RHBG"
7123,"RHCE"
7124,"RHCG"
7125,"RHEB"
7126,"RHO"
7127,"RHOA"
7128,"RHOB"
7129,"RHOBTB1"
7130,"RHOBTB2"
7131,"RHOBTB3"
7132,"RHOC"
7133,"RHOD"
7134,"RHOF"
7135,"RHOG"
7136,"RHOH"
7137,"RHOQ"
7138,"RHOT1"
7139,"RHOT2"
7140,"RIBC2"
7141,"RIC3"
7142,"RIC8A"
7143,"RIC8B"
7144,"RIF1"
7145,"RIMBP2"
7146,"RIMS1"
7147,"RIMS2"
7148,"RIMS3"
7149,"RIN1"
7150,"RIN2"
7151,"RIN3"
7152,"RING1"
7153,"RINT1"
7154,"RIOK2"
7155,"RIOK3"
7156,"RIPK1"
7157,"RIPK2"
7158,"RIPK4"
7159,"RIT1"
7160,"RIT2"
7161,"RLBP1"
7162,"RLF"
7163,"RLN1"
7164,"RLN2"
7165,"RMI1"
7166,"RMND1"
7167,"RMND5A"
7168,"RMND5B"
7169,"RNASE1"
7170,"RNASE3"
7171,"RNASE4"
7172,"RNASE6"
7173,"RNASEH1"
7174,"RNASEH2A"
7175,"RNASEH2B"
7176,"RNASEL"
7177,"RNASET2"
7178,"RND1"
7179,"RND2"
7180,"RND3"
7181,"RNF10"
7182,"RNF103"
7183,"RNF11"
7184,"RNF111"
7185,"RNF113A"
7186,"RNF121"
7187,"RNF122"
7188,"RNF123"
7189,"RNF125"
7190,"RNF126"
7191,"RNF128"
7192,"RNF13"
7193,"RNF130"
7194,"RNF138"
7195,"RNF139"
7196,"RNF14"
7197,"RNF141"
7198,"RNF146"
7199,"RNF167"
7200,"RNF17"
7201,"RNF170"
7202,"RNF185"
7203,"RNF186"
7204,"RNF2"
7205,"RNF207"
7206,"RNF24"
7207,"RNF25"
7208,"RNF31"
7209,"RNF32"
7210,"RNF34"
7211,"RNF38"
7212,"RNF39"
7213,"RNF4"
7214,"RNF40"
7215,"RNF41"
7216,"RNF43"
7217,"RNF44"
7218,"RNF5"
7219,"RNF6"
7220,"RNF7"
7221,"RNF8"
7222,"RNGTT"
7223,"RNH1"
7224,"RNMT"
7225,"RNPEP"
7226,"RNPEPL1"
7227,"RNPS1"
7228,"ROBO1"
7229,"ROBO3"
7230,"ROBO4"
7231,"ROCK1"
7232,"ROCK2"
7233,"ROGDI"
7234,"ROM1"
7235,"ROR1"
7236,"ROR2"
7237,"RORA"
7238,"RORB"
7239,"RORC"
7240,"ROS1"
7241,"RP2"
7242,"RPA1"
7243,"RPA2"
7244,"RPA3"
7245,"RPA4"
7246,"RPAP1"
7247,"RPE"
7248,"RPE65"
7249,"RPGR"
7250,"RPGRIP1"
7251,"RPGRIP1L"
7252,"RPH3A"
7253,"RPH3AL"
7254,"RPIA"
7255,"RPL10"
7256,"RPL10A"
7257,"RPL10L"
7258,"RPL12"
7259,"RPL13"
7260,"RPL13A"
7261,"RPL14"
7262,"RPL15"
7263,"RPL18"
7264,"RPL19"
7265,"RPL21"
7266,"RPL22"
7267,"RPL23"
7268,"RPL24"
7269,"RPL28"
7270,"RPL3"
7271,"RPL30"
7272,"RPL31"
7273,"RPL34"
7274,"RPL35"
7275,"RPL35A"
7276,"RPL36"
7277,"RPL36AL"
7278,"RPL37"
7279,"RPL37A"
7280,"RPL38"
7281,"RPL39"
7282,"RPL39L"
7283,"RPL3L"
7284,"RPL4"
7285,"RPL5"
7286,"RPL6"
7287,"RPL7A"
7288,"RPL8"
7289,"RPL9"
7290,"RPLP0"
7291,"RPLP1"
7292,"RPLP2"
7293,"RPN1"
7294,"RPN2"
7295,"RPP14"
7296,"RPP25"
7297,"RPP30"
7298,"RPP38"
7299,"RPP40"
7300,"RPRM"
7301,"RPS10"
7302,"RPS11"
7303,"RPS13"
7304,"RPS14"
7305,"RPS15"
7306,"RPS15A"
7307,"RPS16"
7308,"RPS17"
7309,"RPS19"
7310,"RPS2"
7311,"RPS20"
7312,"RPS21"
7313,"RPS23"
7314,"RPS24"
7315,"RPS25"
7316,"RPS27"
7317,"RPS27A"
7318,"RPS27L"
7319,"RPS28"
7320,"RPS29"
7321,"RPS3"
7322,"RPS3A"
7323,"RPS4X"
7324,"RPS5"
7325,"RPS6"
7326,"RPS6KA1"
7327,"RPS6KA2"
7328,"RPS6KA3"
7329,"RPS6KA4"
7330,"RPS6KA5"
7331,"RPS6KA6"
7332,"RPS6KB1"
7333,"RPS6KB2"
7334,"RPS6KC1"
7335,"RPS7"
7336,"RPS8"
7337,"RPS9"
7338,"RPUSD2"
7339,"RRAD"
7340,"RRAGA"
7341,"RRAGB"
7342,"RRAGC"
7343,"RRAGD"
7344,"RRAS"
7345,"RRAS2"
7346,"RRBP1"
7347,"RREB1"
7348,"RRH"
7349,"RRM1"
7350,"RRM2"
7351,"RRN3"
7352,"RRP1"
7353,"RRP12"
7354,"RRP15"
7355,"RRP1B"
7356,"RRP9"
7357,"RRS1"
7358,"RS1"
7359,"RSAD1"
7360,"RSAD2"
7361,"RSBN1"
7362,"RSF1"
7363,"RSL1D1"
7364,"RSRC1"
7365,"RSRC2"
7366,"RSU1"
7367,"RTEL1"
7368,"RTF1"
7369,"RTN1"
7370,"RTN2"
7371,"RTN3"
7372,"RTN4"
7373,"RTP4"
7374,"RUFY1"
7375,"RUFY3"
7376,"RUNX1"
7377,"RUNX1T1"
7378,"RUNX2"
7379,"RUNX3"
7380,"RUSC1"
7381,"RUSC2"
7382,"RUVBL1"
7383,"RUVBL2"
7384,"RWDD1"
7385,"RWDD3"
7386,"RXFP3"
7387,"RXRA"
7388,"RXRB"
7389,"RXRG"
7390,"RYBP"
7391,"RYK"
7392,"RYR1"
7393,"RYR2"
7394,"RYR3"
7395,"S100A1"
7396,"S100A10"
7397,"S100A11"
7398,"S100A12"
7399,"S100A13"
7400,"S100A14"
7401,"S100A2"
7402,"S100A3"
7403,"S100A4"
7404,"S100A5"
7405,"S100A6"
7406,"S100A7"
7407,"S100A8"
7408,"S100A9"
7409,"S100B"
7410,"S100G"
7411,"S100P"
7412,"S100PBP"
7413,"SAA4"
7414,"SAC3D1"
7415,"SACM1L"
7416,"SACS"
7417,"SAE1"
7418,"SAFB"
7419,"SAFB2"
7420,"SAG"
7421,"SAGE1"
7422,"SALL1"
7423,"SALL2"
7424,"SAMD4A"
7425,"SAMD4B"
7426,"SAMD9"
7427,"SAMHD1"
7428,"SAMM50"
7429,"SAMSN1"
7430,"SAP130"
7431,"SAP18"
7432,"SAP30"
7433,"SAP30BP"
7434,"SAP30L"
7435,"SAR1A"
7436,"SAR1B"
7437,"SARDH"
7438,"SARM1"
7439,"SARS2"
7440,"SART3"
7441,"SASH1"
7442,"SAT1"
7443,"SATB1"
7444,"SATB2"
7445,"SAV1"
7446,"SBF1"
7447,"SBNO2"
7448,"SCAMP1"
7449,"SCAMP2"
7450,"SCAMP3"
7451,"SCAMP4"
7452,"SCAMP5"
7453,"SCAND1"
7454,"SCAP"
7455,"SCARA3"
7456,"SCARB1"
7457,"SCARB2"
7458,"SCARF1"
7459,"SCCPDH"
7460,"SCD"
7461,"SCD5"
7462,"SCEL"
7463,"SCFD1"
7464,"SCG2"
7465,"SCG3"
7466,"SCG5"
7467,"SCGB1A1"
7468,"SCGB1D1"
7469,"SCGB1D2"
7470,"SCGB2A1"
7471,"SCGB2A2"
7472,"SCGN"
7473,"SCHIP1"
7474,"SCIN"
7475,"SCLY"
7476,"SCMH1"
7477,"SCML1"
7478,"SCML2"
7479,"SCN10A"
7480,"SCN11A"
7481,"SCN1A"
7482,"SCN1B"
7483,"SCN2A"
7484,"SCN2B"
7485,"SCN3A"
7486,"SCN3B"
7487,"SCN4A"
7488,"SCN5A"
7489,"SCN7A"
7490,"SCN8A"
7491,"SCN9A"
7492,"SCNM1"
7493,"SCNN1A"
7494,"SCNN1B"
7495,"SCNN1D"
7496,"SCO2"
7497,"SCP2"
7498,"SCPEP1"
7499,"SCRG1"
7500,"SCRIB"
7501,"SCRN1"
7502,"SCRN3"
7503,"SCT"
7504,"SCTR"
7505,"SCUBE2"
7506,"SCUBE3"
7507,"SCYL2"
7508,"SCYL3"
7509,"SDAD1"
7510,"SDC1"
7511,"SDC2"
7512,"SDC3"
7513,"SDC4"
7514,"SDCBP"
7515,"SDCCAG8"
7516,"SDF2"
7517,"SDF2L1"
7518,"SDF4"
7519,"SDHA"
7520,"SDHB"
7521,"SDHC"
7522,"SDHD"
7523,"SDK2"
7524,"SDS"
7525,"SEC11A"
7526,"SEC13"
7527,"SEC14L1"
7528,"SEC14L2"
7529,"SEC14L3"
7530,"SEC14L4"
7531,"SEC14L5"
7532,"SEC16A"
7533,"SEC22A"
7534,"SEC22B"
7535,"SEC23A"
7536,"SEC23B"
7537,"SEC23IP"
7538,"SEC24A"
7539,"SEC24B"
7540,"SEC24C"
7541,"SEC24D"
7542,"SEC31A"
7543,"SEC31B"
7544,"SEC61A1"
7545,"SEC61A2"
7546,"SEC61B"
7547,"SEC61G"
7548,"SEC63"
7549,"SECISBP2"
7550,"SECTM1"
7551,"SEH1L"
7552,"SEL1L"
7553,"SELE"
7554,"SELENBP1"
7555,"SELL"
7556,"SELP"
7557,"SELPLG"
7558,"SEMA3A"
7559,"SEMA3B"
7560,"SEMA3C"
7561,"SEMA3D"
7562,"SEMA3E"
7563,"SEMA3F"
7564,"SEMA3G"
7565,"SEMA4A"
7566,"SEMA4C"
7567,"SEMA4D"
7568,"SEMA4F"
7569,"SEMA4G"
7570,"SEMA5A"
7571,"SEMA6A"
7572,"SEMA6B"
7573,"SEMA6C"
7574,"SEMA6D"
7575,"SEMA7A"
7576,"SEMG1"
7577,"SEMG2"
7578,"SENP2"
7579,"SENP3"
7580,"SENP5"
7581,"SENP6"
7582,"SENP7"
7583,"SEPHS1"
7584,"SEPHS2"
7585,"SERBP1"
7586,"SERF2"
7587,"SERGEF"
7588,"SERINC1"
7589,"SERINC2"
7590,"SERINC3"
7591,"SERP1"
7592,"SERPINA1"
7593,"SERPINA10"
7594,"SERPINA3"
7595,"SERPINA4"
7596,"SERPINA5"
7597,"SERPINA6"
7598,"SERPINA7"
7599,"SERPINB1"
7600,"SERPINB10"
7601,"SERPINB13"
7602,"SERPINB2"
7603,"SERPINB3"
7604,"SERPINB5"
7605,"SERPINB6"
7606,"SERPINB7"
7607,"SERPINB8"
7608,"SERPINB9"
7609,"SERPINC1"
7610,"SERPIND1"
7611,"SERPINE1"
7612,"SERPINE2"
7613,"SERPINF1"
7614,"SERPINF2"
7615,"SERPING1"
7616,"SERPINH1"
7617,"SERPINI1"
7618,"SERPINI2"
7619,"SERTAD2"
7620,"SERTAD3"
7621,"SESN1"
7622,"SET"
7623,"SETBP1"
7624,"SETD1A"
7625,"SETD1B"
7626,"SETD2"
7627,"SETD3"
7628,"SETD4"
7629,"SETD5"
7630,"SETD6"
7631,"SETDB1"
7632,"SETMAR"
7633,"SETX"
7634,"SEZ6L"
7635,"SEZ6L2"
7636,"SF1"
7637,"SF3A1"
7638,"SF3A2"
7639,"SF3A3"
7640,"SF3B1"
7641,"SF3B2"
7642,"SF3B3"
7643,"SF3B4"
7644,"SF3B5"
7645,"SFI1"
7646,"SFMBT1"
7647,"SFN"
7648,"SFPQ"
7649,"SFRP1"
7650,"SFRP4"
7651,"SFRP5"
7652,"SFT2D2"
7653,"SFTPB"
7654,"SFTPC"
7655,"SFTPD"
7656,"SFXN1"
7657,"SFXN3"
7658,"SGCA"
7659,"SGCB"
7660,"SGCD"
7661,"SGCE"
7662,"SGCG"
7663,"SGK2"
7664,"SGK3"
7665,"SGMS1"
7666,"SGPL1"
7667,"SGPP1"
7668,"SGSH"
7669,"SGTA"
7670,"SH2B1"
7671,"SH2B3"
7672,"SH2D1A"
7673,"SH2D2A"
7674,"SH2D3A"
7675,"SH2D4A"
7676,"SH3BGR"
7677,"SH3BGRL"
7678,"SH3BGRL3"
7679,"SH3BP1"
7680,"SH3BP2"
7681,"SH3BP4"
7682,"SH3BP5"
7683,"SH3GL1"
7684,"SH3GL2"
7685,"SH3GL3"
7686,"SH3GLB1"
7687,"SH3GLB2"
7688,"SH3PXD2A"
7689,"SH3TC1"
7690,"SH3TC2"
7691,"SH3YL1"
7692,"SHANK1"
7693,"SHANK2"
7694,"SHARPIN"
7695,"SHB"
7696,"SHBG"
7697,"SHC1"
7698,"SHC2"
7699,"SHC3"
7700,"SHCBP1"
7701,"SHH"
7702,"SHMT1"
7703,"SHMT2"
7704,"SHOC2"
7705,"SHOX2"
7706,"SHQ1"
7707,"SHROOM2"
7708,"SI"
7709,"SIAH1"
7710,"SIAH2"
7711,"SIDT1"
7712,"SIDT2"
7713,"SIGIRR"
7714,"SIGLEC1"
7715,"SIGLEC5"
7716,"SIGLEC6"
7717,"SIGLEC7"
7718,"SIGLEC8"
7719,"SIGLEC9"
7720,"SIL1"
7721,"SIM2"
7722,"SIN3B"
7723,"SIPA1"
7724,"SIPA1L1"
7725,"SIPA1L3"
7726,"SIRPA"
7727,"SIRT1"
7728,"SIRT2"
7729,"SIRT3"
7730,"SIRT4"
7731,"SIRT5"
7732,"SIRT6"
7733,"SIRT7"
7734,"SIT1"
7735,"SIVA1"
7736,"SIX1"
7737,"SIX2"
7738,"SIX3"
7739,"SIX5"
7740,"SIX6"
7741,"SKAP1"
7742,"SKAP2"
7743,"SKIL"
7744,"SKP2"
7745,"SLA"
7746,"SLAMF1"
7747,"SLAMF7"
7748,"SLAMF8"
7749,"SLBP"
7750,"SLC10A1"
7751,"SLC10A2"
7752,"SLC10A3"
7753,"SLC11A1"
7754,"SLC11A2"
7755,"SLC12A1"
7756,"SLC12A2"
7757,"SLC12A3"
7758,"SLC12A4"
7759,"SLC12A5"
7760,"SLC12A6"
7761,"SLC12A7"
7762,"SLC12A8"
7763,"SLC12A9"
7764,"SLC13A1"
7765,"SLC13A2"
7766,"SLC13A3"
7767,"SLC13A4"
7768,"SLC14A1"
7769,"SLC14A2"
7770,"SLC15A1"
7771,"SLC15A2"
7772,"SLC15A3"
7773,"SLC16A1"
7774,"SLC16A2"
7775,"SLC16A3"
7776,"SLC16A4"
7777,"SLC16A6"
7778,"SLC16A7"
7779,"SLC16A8"
7780,"SLC17A1"
7781,"SLC17A2"
7782,"SLC17A3"
7783,"SLC17A4"
7784,"SLC17A5"
7785,"SLC17A6"
7786,"SLC17A7"
7787,"SLC18A1"
7788,"SLC18A2"
7789,"SLC18A3"
7790,"SLC19A1"
7791,"SLC19A2"
7792,"SLC19A3"
7793,"SLC1A1"
7794,"SLC1A2"
7795,"SLC1A3"
7796,"SLC1A4"
7797,"SLC1A5"
7798,"SLC1A6"
7799,"SLC1A7"
7800,"SLC20A1"
7801,"SLC20A2"
7802,"SLC22A1"
7803,"SLC22A11"
7804,"SLC22A13"
7805,"SLC22A14"
7806,"SLC22A17"
7807,"SLC22A18"
7808,"SLC22A18AS"
7809,"SLC22A2"
7810,"SLC22A3"
7811,"SLC22A4"
7812,"SLC22A5"
7813,"SLC22A6"
7814,"SLC22A7"
7815,"SLC22A8"
7816,"SLC23A2"
7817,"SLC24A1"
7818,"SLC24A2"
7819,"SLC24A3"
7820,"SLC25A1"
7821,"SLC25A10"
7822,"SLC25A11"
7823,"SLC25A12"
7824,"SLC25A13"
7825,"SLC25A14"
7826,"SLC25A15"
7827,"SLC25A16"
7828,"SLC25A17"
7829,"SLC25A20"
7830,"SLC25A21"
7831,"SLC25A22"
7832,"SLC25A23"
7833,"SLC25A24"
7834,"SLC25A28"
7835,"SLC25A3"
7836,"SLC25A30"
7837,"SLC25A31"
7838,"SLC25A32"
7839,"SLC25A36"
7840,"SLC25A37"
7841,"SLC25A38"
7842,"SLC25A4"
7843,"SLC25A40"
7844,"SLC25A42"
7845,"SLC25A44"
7846,"SLC25A46"
7847,"SLC25A5"
7848,"SLC26A1"
7849,"SLC26A2"
7850,"SLC26A3"
7851,"SLC26A4"
7852,"SLC26A6"
7853,"SLC27A2"
7854,"SLC27A3"
7855,"SLC27A5"
7856,"SLC27A6"
7857,"SLC28A1"
7858,"SLC28A2"
7859,"SLC28A3"
7860,"SLC29A1"
7861,"SLC29A2"
7862,"SLC29A3"
7863,"SLC2A1"
7864,"SLC2A10"
7865,"SLC2A11"
7866,"SLC2A2"
7867,"SLC2A3"
7868,"SLC2A4"
7869,"SLC2A4RG"
7870,"SLC2A5"
7871,"SLC2A6"
7872,"SLC2A8"
7873,"SLC2A9"
7874,"SLC30A10"
7875,"SLC30A3"
7876,"SLC30A4"
7877,"SLC30A5"
7878,"SLC30A9"
7879,"SLC31A1"
7880,"SLC31A2"
7881,"SLC33A1"
7882,"SLC34A1"
7883,"SLC34A2"
7884,"SLC35A1"
7885,"SLC35A2"
7886,"SLC35A3"
7887,"SLC35A5"
7888,"SLC35B1"
7889,"SLC35C1"
7890,"SLC35C2"
7891,"SLC35D1"
7892,"SLC35D2"
7893,"SLC35E1"
7894,"SLC35E3"
7895,"SLC35F2"
7896,"SLC36A1"
7897,"SLC37A1"
7898,"SLC37A4"
7899,"SLC38A1"
7900,"SLC38A2"
7901,"SLC38A3"
7902,"SLC38A4"
7903,"SLC38A6"
7904,"SLC39A1"
7905,"SLC39A14"
7906,"SLC39A2"
7907,"SLC39A4"
7908,"SLC39A6"
7909,"SLC39A7"
7910,"SLC39A8"
7911,"SLC39A9"
7912,"SLC41A3"
7913,"SLC43A1"
7914,"SLC43A3"
7915,"SLC44A4"
7916,"SLC45A2"
7917,"SLC46A3"
7918,"SLC47A1"
7919,"SLC4A1AP"
7920,"SLC4A2"
7921,"SLC4A3"
7922,"SLC4A4"
7923,"SLC4A5"
7924,"SLC4A7"
7925,"SLC4A8"
7926,"SLC5A1"
7927,"SLC5A3"
7928,"SLC5A4"
7929,"SLC5A5"
7930,"SLC5A6"
7931,"SLC5A7"
7932,"SLC6A1"
7933,"SLC6A11"
7934,"SLC6A12"
7935,"SLC6A13"
7936,"SLC6A14"
7937,"SLC6A15"
7938,"SLC6A16"
7939,"SLC6A2"
7940,"SLC6A20"
7941,"SLC6A3"
7942,"SLC6A4"
7943,"SLC6A5"
7944,"SLC6A6"
7945,"SLC6A7"
7946,"SLC6A8"
7947,"SLC6A9"
7948,"SLC7A1"
7949,"SLC7A10"
7950,"SLC7A11"
7951,"SLC7A2"
7952,"SLC7A4"
7953,"SLC7A5"
7954,"SLC7A6"
7955,"SLC7A7"
7956,"SLC7A8"
7957,"SLC7A9"
7958,"SLC8A1"
7959,"SLC8A2"
7960,"SLC9A1"
7961,"SLC9A2"
7962,"SLC9A3"
7963,"SLC9A5"
7964,"SLC9A6"
7965,"SLC9A7"
7966,"SLC9A8"
7967,"SLCO1A2"
7968,"SLCO1C1"
7969,"SLCO2A1"
7970,"SLCO2B1"
7971,"SLCO3A1"
7972,"SLCO4A1"
7973,"SLCO4C1"
7974,"SLCO5A1"
7975,"SLFN12"
7976,"SLIT1"
7977,"SLIT2"
7978,"SLIT3"
7979,"SLITRK3"
7980,"SLITRK5"
7981,"SLK"
7982,"SLN"
7983,"SLPI"
7984,"SLTM"
7985,"SLURP1"
7986,"SMAD1"
7987,"SMAD2"
7988,"SMAD3"
7989,"SMAD4"
7990,"SMAD5"
7991,"SMAD6"
7992,"SMAD7"
7993,"SMAD9"
7994,"SMARCA1"
7995,"SMARCA2"
7996,"SMARCA4"
7997,"SMARCA5"
7998,"SMARCAL1"
7999,"SMARCB1"
8000,"SMARCC1"
8001,"SMARCC2"
8002,"SMARCD1"
8003,"SMARCD2"
8004,"SMARCD3"
8005,"SMARCE1"
8006,"SMC1A"
8007,"SMC2"
8008,"SMC3"
8009,"SMC4"
8010,"SMC5"
8011,"SMC6"
8012,"SMCHD1"
8013,"SMCP"
8014,"SMG1"
8015,"SMG5"
8016,"SMG6"
8017,"SMG7"
8018,"SMNDC1"
8019,"SMO"
8020,"SMOX"
8021,"SMPD1"
8022,"SMPD2"
8023,"SMPD3"
8024,"SMPDL3A"
8025,"SMPDL3B"
8026,"SMPX"
8027,"SMR3B"
8028,"SMS"
8029,"SMTN"
8030,"SMU1"
8031,"SMUG1"
8032,"SMURF1"
8033,"SMURF2"
8034,"SMYD2"
8035,"SMYD3"
8036,"SMYD5"
8037,"SNAI1"
8038,"SNAI2"
8039,"SNAP23"
8040,"SNAP25"
8041,"SNAP29"
8042,"SNAP91"
8043,"SNAPC1"
8044,"SNAPC2"
8045,"SNAPC3"
8046,"SNAPC4"
8047,"SNCA"
8048,"SNCAIP"
8049,"SNCB"
8050,"SNCG"
8051,"SND1"
8052,"SNED1"
8053,"SNF8"
8054,"SNIP1"
8055,"SNN"
8056,"SNPH"
8057,"SNRK"
8058,"SNRPA"
8059,"SNRPA1"
8060,"SNRPB"
8061,"SNRPB2"
8062,"SNRPC"
8063,"SNRPD1"
8064,"SNRPD2"
8065,"SNRPD3"
8066,"SNRPE"
8067,"SNRPF"
8068,"SNRPG"
8069,"SNRPN"
8070,"SNTA1"
8071,"SNTB1"
8072,"SNTB2"
8073,"SNTG2"
8074,"SNUPN"
8075,"SNW1"
8076,"SNX1"
8077,"SNX10"
8078,"SNX11"
8079,"SNX13"
8080,"SNX15"
8081,"SNX16"
8082,"SNX17"
8083,"SNX19"
8084,"SNX2"
8085,"SNX24"
8086,"SNX27"
8087,"SNX3"
8088,"SNX4"
8089,"SNX5"
8090,"SNX6"
8091,"SNX7"
8092,"SOAT1"
8093,"SOAT2"
8094,"SOBP"
8095,"SOCS1"
8096,"SOCS2"
8097,"SOCS3"
8098,"SOCS5"
8099,"SOCS6"
8100,"SOCS7"
8101,"SOD1"
8102,"SOD3"
8103,"SOHLH2"
8104,"SON"
8105,"SORBS1"
8106,"SORBS2"
8107,"SORBS3"
8108,"SORCS3"
8109,"SORD"
8110,"SORL1"
8111,"SORT1"
8112,"SOS2"
8113,"SOSTDC1"
8114,"SOX1"
8115,"SOX10"
8116,"SOX11"
8117,"SOX12"
8118,"SOX13"
8119,"SOX14"
8120,"SOX15"
8121,"SOX17"
8122,"SOX18"
8123,"SOX2"
8124,"SOX21"
8125,"SOX3"
8126,"SOX30"
8127,"SOX4"
8128,"SOX5"
8129,"SOX9"
8130,"SP1"
8131,"SP100"
8132,"SP110"
8133,"SP140"
8134,"SP2"
8135,"SP3"
8136,"SP4"
8137,"SPACA1"
8138,"SPAG1"
8139,"SPAG16"
8140,"SPAG4"
8141,"SPAG5"
8142,"SPAG6"
8143,"SPAG7"
8144,"SPAG8"
8145,"SPAG9"
8146,"SPAM1"
8147,"SPARC"
8148,"SPARCL1"
8149,"SPAST"
8150,"SPATA1"
8151,"SPATA2"
8152,"SPATA20"
8153,"SPATA2L"
8154,"SPATA6"
8155,"SPATA7"
8156,"SPATS2"
8157,"SPC25"
8158,"SPCS1"
8159,"SPCS2"
8160,"SPCS3"
8161,"SPDEF"
8162,"SPEG"
8163,"SPEN"
8164,"SPG11"
8165,"SPG21"
8166,"SPG7"
8167,"SPHK1"
8168,"SPHK2"
8169,"SPI1"
8170,"SPIB"
8171,"SPIN1"
8172,"SPINK1"
8173,"SPINK2"
8174,"SPINK4"
8175,"SPINK5"
8176,"SPINT1"
8177,"SPINT2"
8178,"SPN"
8179,"SPO11"
8180,"SPOCK1"
8181,"SPOCK2"
8182,"SPOCK3"
8183,"SPON1"
8184,"SPON2"
8185,"SPOP"
8186,"SPP1"
8187,"SPP2"
8188,"SPPL2B"
8189,"SPR"
8190,"SPRED2"
8191,"SPRR1A"
8192,"SPRR1B"
8193,"SPRR3"
8194,"SPRY1"
8195,"SPRY2"
8196,"SPRY4"
8197,"SPSB1"
8198,"SPSB3"
8199,"SPTA1"
8200,"SPTAN1"
8201,"SPTB"
8202,"SPTBN1"
8203,"SPTBN2"
8204,"SPTBN4"
8205,"SPTBN5"
8206,"SPTLC1"
8207,"SPTLC2"
8208,"SQLE"
8209,"SQSTM1"
8210,"SRBD1"
8211,"SRC"
8212,"SRCAP"
8213,"SRD5A1"
8214,"SRD5A2"
8215,"SREBF1"
8216,"SREBF2"
8217,"SRF"
8218,"SRGAP3"
8219,"SRGN"
8220,"SRI"
8221,"SRM"
8222,"SRP14"
8223,"SRP19"
8224,"SRP54"
8225,"SRP72"
8226,"SRPK1"
8227,"SRPK2"
8228,"SRPK3"
8229,"SRPRB"
8230,"SRPX"
8231,"SRPX2"
8232,"SRR"
8233,"SRRM1"
8234,"SRRM2"
8235,"SS18"
8236,"SS18L1"
8237,"SS18L2"
8238,"SSB"
8239,"SSBP1"
8240,"SSBP2"
8241,"SSBP3"
8242,"SSH1"
8243,"SSH3"
8244,"SSNA1"
8245,"SSPN"
8246,"SSR1"
8247,"SSR2"
8248,"SSR3"
8249,"SSR4"
8250,"SSRP1"
8251,"SST"
8252,"SSTR1"
8253,"SSTR2"
8254,"SSTR3"
8255,"SSTR4"
8256,"SSX1"
8257,"SSX2"
8258,"SSX2IP"
8259,"SSX3"
8260,"SSX5"
8261,"ST13"
8262,"ST14"
8263,"ST18"
8264,"ST3GAL1"
8265,"ST3GAL2"
8266,"ST3GAL4"
8267,"ST3GAL5"
8268,"ST3GAL6"
8269,"ST6GAL1"
8270,"ST6GALNAC2"
8271,"ST6GALNAC4"
8272,"ST6GALNAC5"
8273,"ST7"
8274,"ST7L"
8275,"ST8SIA1"
8276,"ST8SIA2"
8277,"ST8SIA3"
8278,"ST8SIA4"
8279,"ST8SIA5"
8280,"STAB1"
8281,"STAB2"
8282,"STAC"
8283,"STAG1"
8284,"STAG2"
8285,"STAG3"
8286,"STAM"
8287,"STAM2"
8288,"STAMBP"
8289,"STAP2"
8290,"STAR"
8291,"STARD13"
8292,"STARD3"
8293,"STARD5"
8294,"STARD7"
8295,"STARD8"
8296,"STAT1"
8297,"STAT2"
8298,"STAT3"
8299,"STAT4"
8300,"STAT5A"
8301,"STAT5B"
8302,"STAT6"
8303,"STATH"
8304,"STAU1"
8305,"STAU2"
8306,"STC1"
8307,"STC2"
8308,"STEAP1"
8309,"STEAP3"
8310,"STEAP4"
8311,"STIL"
8312,"STIM1"
8313,"STIP1"
8314,"STK10"
8315,"STK11"
8316,"STK16"
8317,"STK17A"
8318,"STK17B"
8319,"STK19"
8320,"STK24"
8321,"STK25"
8322,"STK3"
8323,"STK32B"
8324,"STK38"
8325,"STK38L"
8326,"STK39"
8327,"STK4"
8328,"STMN1"
8329,"STMN2"
8330,"STMN3"
8331,"STMN4"
8332,"STOM"
8333,"STOML1"
8334,"STOML2"
8335,"STON1"
8336,"STRA6"
8337,"STRAP"
8338,"STRN"
8339,"STRN3"
8340,"STRN4"
8341,"STS"
8342,"STT3A"
8343,"STX10"
8344,"STX11"
8345,"STX12"
8346,"STX16"
8347,"STX17"
8348,"STX18"
8349,"STX1A"
8350,"STX2"
8351,"STX3"
8352,"STX4"
8353,"STX5"
8354,"STX6"
8355,"STX8"
8356,"STXBP1"
8357,"STXBP2"
8358,"STXBP3"
8359,"STXBP5L"
8360,"STXBP6"
8361,"STYK1"
8362,"STYXL1"
8363,"SUB1"
8364,"SUCLA2"
8365,"SUCLG1"
8366,"SUCLG2"
8367,"SULF1"
8368,"SULT1A1"
8369,"SULT1A2"
8370,"SULT1B1"
8371,"SULT1C2"
8372,"SULT1E1"
8373,"SULT2A1"
8374,"SULT2B1"
8375,"SULT4A1"
8376,"SUMO1"
8377,"SUMO2"
8378,"SUMO3"
8379,"SUOX"
8380,"SUPT16H"
8381,"SUPT3H"
8382,"SUPT4H1"
8383,"SUPT5H"
8384,"SUPT6H"
8385,"SUPT7L"
8386,"SUPV3L1"
8387,"SURF1"
8388,"SURF2"
8389,"SUSD4"
8390,"SUSD5"
8391,"SUV39H1"
8392,"SUV39H2"
8393,"SUZ12"
8394,"SV2A"
8395,"SV2B"
8396,"SV2C"
8397,"SVEP1"
8398,"SVIL"
8399,"SWAP70"
8400,"SYCP1"
8401,"SYCP2"
8402,"SYDE1"
8403,"SYF2"
8404,"SYK"
8405,"SYMPK"
8406,"SYN1"
8407,"SYN2"
8408,"SYN3"
8409,"SYNCRIP"
8410,"SYNE1"
8411,"SYNE2"
8412,"SYNGR1"
8413,"SYNGR2"
8414,"SYNGR3"
8415,"SYNGR4"
8416,"SYNJ1"
8417,"SYNJ2"
8418,"SYNJ2BP"
8419,"SYNPO"
8420,"SYNPO2L"
8421,"SYP"
8422,"SYPL1"
8423,"SYT1"
8424,"SYT11"
8425,"SYT13"
8426,"SYT17"
8427,"SYT5"
8428,"SYTL2"
8429,"TAAR2"
8430,"TAAR5"
8431,"TAC1"
8432,"TAC3"
8433,"TACC1"
8434,"TACC2"
8435,"TACC3"
8436,"TACR1"
8437,"TACR2"
8438,"TACR3"
8439,"TACSTD2"
8440,"TAF1"
8441,"TAF11"
8442,"TAF12"
8443,"TAF13"
8444,"TAF15"
8445,"TAF1A"
8446,"TAF1B"
8447,"TAF1C"
8448,"TAF2"
8449,"TAF4"
8450,"TAF4B"
8451,"TAF5"
8452,"TAF5L"
8453,"TAF6L"
8454,"TAF7"
8455,"TAF7L"
8456,"TAF9"
8457,"TAF9B"
8458,"TAGLN"
8459,"TAGLN2"
8460,"TAGLN3"
8461,"TAL1"
8462,"TANC2"
8463,"TANK"
8464,"TAOK2"
8465,"TAOK3"
8466,"TAP1"
8467,"TAP2"
8468,"TAPBP"
8469,"TAPBPL"
8470,"TARBP1"
8471,"TARBP2"
8472,"TARDBP"
8473,"TAS2R1"
8474,"TAS2R10"
8475,"TAS2R13"
8476,"TAS2R14"
8477,"TAS2R16"
8478,"TAS2R3"
8479,"TAS2R4"
8480,"TAS2R7"
8481,"TAS2R8"
8482,"TAS2R9"
8483,"TASP1"
8484,"TAT"
8485,"TATDN2"
8486,"TAX1BP1"
8487,"TAX1BP3"
8488,"TBC1D1"
8489,"TBC1D10B"
8490,"TBC1D12"
8491,"TBC1D13"
8492,"TBC1D15"
8493,"TBC1D17"
8494,"TBC1D19"
8495,"TBC1D2"
8496,"TBC1D22A"
8497,"TBC1D22B"
8498,"TBC1D2B"
8499,"TBC1D4"
8500,"TBC1D5"
8501,"TBC1D8"
8502,"TBC1D8B"
8503,"TBC1D9"
8504,"TBC1D9B"
8505,"TBCA"
8506,"TBCB"
8507,"TBCC"
8508,"TBCD"
8509,"TBCE"
8510,"TBK1"
8511,"TBKBP1"
8512,"TBL1X"
8513,"TBL1XR1"
8514,"TBL1Y"
8515,"TBL2"
8516,"TBL3"
8517,"TBP"
8518,"TBPL1"
8519,"TBR1"
8520,"TBRG4"
8521,"TBX1"
8522,"TBX10"
8523,"TBX19"
8524,"TBX2"
8525,"TBX21"
8526,"TBX3"
8527,"TBX4"
8528,"TBX5"
8529,"TBX6"
8530,"TBXA2R"
8531,"TBXAS1"
8532,"TCAP"
8533,"TCEA1"
8534,"TCEA2"
8535,"TCEAL1"
8536,"TCEAL2"
8537,"TCEAL4"
8538,"TCERG1"
8539,"TCF12"
8540,"TCF15"
8541,"TCF20"
8542,"TCF21"
8543,"TCF25"
8544,"TCF3"
8545,"TCF4"
8546,"TCF7"
8547,"TCF7L1"
8548,"TCF7L2"
8549,"TCFL5"
8550,"TCHH"
8551,"TCIRG1"
8552,"TCN1"
8553,"TCN2"
8554,"TCOF1"
8555,"TCP1"
8556,"TCP11"
8557,"TCP11L1"
8558,"TCTA"
8559,"TDG"
8560,"TDO2"
8561,"TDP1"
8562,"TDRD1"
8563,"TDRD3"
8564,"TDRD7"
8565,"TDRKH"
8566,"TEAD1"
8567,"TEAD3"
8568,"TEAD4"
8569,"TEC"
8570,"TECTA"
8571,"TEF"
8572,"TEK"
8573,"TEKT2"
8574,"TELO2"
8575,"TEP1"
8576,"TERF1"
8577,"TERF2"
8578,"TERF2IP"
8579,"TERT"
8580,"TES"
8581,"TESC"
8582,"TESK1"
8583,"TESK2"
8584,"TEX10"
8585,"TEX11"
8586,"TEX12"
8587,"TEX13A"
8588,"TEX13B"
8589,"TEX14"
8590,"TEX15"
8591,"TEX2"
8592,"TEX261"
8593,"TEX264"
8594,"TEX28"
8595,"TF"
8596,"TFAM"
8597,"TFAP2A"
8598,"TFAP2B"
8599,"TFAP2C"
8600,"TFAP4"
8601,"TFB2M"
8602,"TFCP2"
8603,"TFCP2L1"
8604,"TFDP1"
8605,"TFDP2"
8606,"TFDP3"
8607,"TFE3"
8608,"TFEB"
8609,"TFEC"
8610,"TFF1"
8611,"TFF2"
8612,"TFF3"
8613,"TFG"
8614,"TFIP11"
8615,"TFPI"
8616,"TFPI2"
8617,"TFPT"
8618,"TFR2"
8619,"TFRC"
8620,"TG"
8621,"TGDS"
8622,"TGFA"
8623,"TGFB1"
8624,"TGFB1I1"
8625,"TGFB2"
8626,"TGFB3"
8627,"TGFBI"
8628,"TGFBR1"
8629,"TGFBR2"
8630,"TGFBR3"
8631,"TGFBRAP1"
8632,"TGIF1"
8633,"TGIF2"
8634,"TGM1"
8635,"TGM2"
8636,"TGM3"
8637,"TGM4"
8638,"TGM5"
8639,"TGOLN2"
8640,"TGS1"
8641,"TH"
8642,"THADA"
8643,"THAP1"
8644,"THAP10"
8645,"THAP11"
8646,"THAP3"
8647,"THAP7"
8648,"THAP9"
8649,"THBD"
8650,"THBS1"
8651,"THBS2"
8652,"THBS3"
8653,"THBS4"
8654,"THG1L"
8655,"THNSL1"
8656,"THNSL2"
8657,"THOC1"
8658,"THOC2"
8659,"THOC5"
8660,"THOC6"
8661,"THOC7"
8662,"THOP1"
8663,"THPO"
8664,"THRA"
8665,"THRAP3"
8666,"THRB"
8667,"THSD4"
8668,"THSD7A"
8669,"THTPA"
8670,"THUMPD1"
8671,"THUMPD2"
8672,"THY1"
8673,"THYN1"
8674,"TIA1"
8675,"TIAL1"
8676,"TIAM1"
8677,"TICAM1"
8678,"TIE1"
8679,"TIGD6"
8680,"TIMELESS"
8681,"TIMM10"
8682,"TIMM13"
8683,"TIMM17A"
8684,"TIMM17B"
8685,"TIMM22"
8686,"TIMM44"
8687,"TIMM8A"
8688,"TIMM8B"
8689,"TIMM9"
8690,"TIMP1"
8691,"TIMP2"
8692,"TIMP3"
8693,"TIMP4"
8694,"TINAGL1"
8695,"TINF2"
8696,"TIPARP"
8697,"TIPIN"
8698,"TIPRL"
8699,"TJAP1"
8700,"TJP1"
8701,"TJP2"
8702,"TJP3"
8703,"TK1"
8704,"TK2"
8705,"TKT"
8706,"TKTL1"
8707,"TLE1"
8708,"TLE2"
8709,"TLE3"
8710,"TLE4"
8711,"TLE6"
8712,"TLK1"
8713,"TLK2"
8714,"TLL2"
8715,"TLN1"
8716,"TLN2"
8717,"TLR1"
8718,"TLR2"
8719,"TLR3"
8720,"TLR4"
8721,"TLR5"
8722,"TLR6"
8723,"TLR7"
8724,"TLR8"
8725,"TLX1"
8726,"TLX2"
8727,"TM2D1"
8728,"TM2D3"
8729,"TM4SF1"
8730,"TM4SF20"
8731,"TM4SF4"
8732,"TM4SF5"
8733,"TM6SF1"
8734,"TM7SF2"
8735,"TM7SF3"
8736,"TM9SF1"
8737,"TM9SF2"
8738,"TM9SF3"
8739,"TM9SF4"
8740,"TMBIM1"
8741,"TMBIM4"
8742,"TMC5"
8743,"TMC6"
8744,"TMC7"
8745,"TMCC1"
8746,"TMCC2"
8747,"TMCO1"
8748,"TMCO3"
8749,"TMCO6"
8750,"TMED1"
8751,"TMED10"
8752,"TMED2"
8753,"TMED3"
8754,"TMED5"
8755,"TMED7"
8756,"TMED9"
8757,"TMEFF1"
8758,"TMEM100"
8759,"TMEM106B"
8760,"TMEM106C"
8761,"TMEM109"
8762,"TMEM11"
8763,"TMEM115"
8764,"TMEM121"
8765,"TMEM123"
8766,"TMEM126B"
8767,"TMEM127"
8768,"TMEM131"
8769,"TMEM134"
8770,"TMEM135"
8771,"TMEM140"
8772,"TMEM144"
8773,"TMEM147"
8774,"TMEM14A"
8775,"TMEM14B"
8776,"TMEM156"
8777,"TMEM158"
8778,"TMEM161A"
8779,"TMEM165"
8780,"TMEM168"
8781,"TMEM176A"
8782,"TMEM176B"
8783,"TMEM177"
8784,"TMEM181"
8785,"TMEM185B"
8786,"TMEM186"
8787,"TMEM187"
8788,"TMEM30A"
8789,"TMEM30B"
8790,"TMEM33"
8791,"TMEM38B"
8792,"TMEM39A"
8793,"TMEM39B"
8794,"TMEM40"
8795,"TMEM41B"
8796,"TMEM43"
8797,"TMEM45A"
8798,"TMEM47"
8799,"TMEM50A"
8800,"TMEM50B"
8801,"TMEM51"
8802,"TMEM53"
8803,"TMEM59"
8804,"TMEM59L"
8805,"TMEM62"
8806,"TMEM63A"
8807,"TMEM70"
8808,"TMEM80"
8809,"TMEM87A"
8810,"TMEM97"
8811,"TMEM9B"
8812,"TMF1"
8813,"TMLHE"
8814,"TMOD2"
8815,"TMOD3"
8816,"TMPO"
8817,"TMPRSS11D"
8818,"TMPRSS2"
8819,"TMPRSS3"
8820,"TMPRSS4"
8821,"TMPRSS5"
8822,"TMPRSS6"
8823,"TMSB10"
8824,"TMUB2"
8825,"TNC"
8826,"TNF"
8827,"TNFAIP2"
8828,"TNFAIP3"
8829,"TNFAIP6"
8830,"TNFAIP8"
8831,"TNFRSF10B"
8832,"TNFRSF10C"
8833,"TNFRSF10D"
8834,"TNFRSF11A"
8835,"TNFRSF11B"
8836,"TNFRSF12A"
8837,"TNFRSF13B"
8838,"TNFRSF14"
8839,"TNFRSF17"
8840,"TNFRSF1A"
8841,"TNFRSF1B"
8842,"TNFRSF21"
8843,"TNFRSF25"
8844,"TNFRSF4"
8845,"TNFRSF8"
8846,"TNFRSF9"
8847,"TNFSF10"
8848,"TNFSF11"
8849,"TNFSF12"
8850,"TNFSF14"
8851,"TNFSF15"
8852,"TNFSF18"
8853,"TNFSF4"
8854,"TNFSF8"
8855,"TNFSF9"
8856,"TNIK"
8857,"TNIP1"
8858,"TNIP2"
8859,"TNIP3"
8860,"TNK2"
8861,"TNKS"
8862,"TNKS2"
8863,"TNMD"
8864,"TNN"
8865,"TNNC1"
8866,"TNNI1"
8867,"TNNI2"
8868,"TNNI3"
8869,"TNNI3K"
8870,"TNNT1"
8871,"TNNT2"
8872,"TNNT3"
8873,"TNP1"
8874,"TNP2"
8875,"TNPO1"
8876,"TNPO2"
8877,"TNPO3"
8878,"TNR"
8879,"TNRC6B"
8880,"TNS1"
8881,"TNS3"
8882,"TNS4"
8883,"TNXB"
8884,"TOB1"
8885,"TOB2"
8886,"TOE1"
8887,"TOLLIP"
8888,"TOM1"
8889,"TOM1L2"
8890,"TOMM20"
8891,"TOMM22"
8892,"TOMM34"
8893,"TOMM40"
8894,"TOP1"
8895,"TOP2A"
8896,"TOP2B"
8897,"TOP3A"
8898,"TOP3B"
8899,"TOPBP1"
8900,"TOPORS"
8901,"TOR1A"
8902,"TOR1AIP1"
8903,"TOR1B"
8904,"TOR3A"
8905,"TOX"
8906,"TOX3"
8907,"TOX4"
8908,"TP53"
8909,"TP53BP1"
8910,"TP53BP2"
8911,"TP53I11"
8912,"TP53I3"
8913,"TP73"
8914,"TPBG"
8915,"TPCN1"
8916,"TPD52"
8917,"TPD52L1"
8918,"TPD52L2"
8919,"TPI1"
8920,"TPK1"
8921,"TPM1"
8922,"TPM2"
8923,"TPM3"
8924,"TPM4"
8925,"TPMT"
8926,"TPO"
8927,"TPP1"
8928,"TPP2"
8929,"TPPP"
8930,"TPPP3"
8931,"TPR"
8932,"TPRKB"
8933,"TPSD1"
8934,"TPST1"
8935,"TPST2"
8936,"TPT1"
8937,"TPTE"
8938,"TPX2"
8939,"TRA2A"
8940,"TRABD"
8941,"TRADD"
8942,"TRAF1"
8943,"TRAF2"
8944,"TRAF3"
8945,"TRAF3IP1"
8946,"TRAF3IP2"
8947,"TRAF3IP3"
8948,"TRAF4"
8949,"TRAF5"
8950,"TRAF6"
8951,"TRAFD1"
8952,"TRAIP"
8953,"TRAK1"
8954,"TRAK2"
8955,"TRAM1"
8956,"TRAM2"
8957,"TRAP1"
8958,"TRAPPC2L"
8959,"TRAPPC3"
8960,"TRAPPC4"
8961,"TRAPPC6A"
8962,"TRAT1"
8963,"TRDMT1"
8964,"TREH"
8965,"TREM1"
8966,"TREM2"
8967,"TREML2"
8968,"TREX2"
8969,"TRH"
8970,"TRHDE"
8971,"TRHR"
8972,"TRIAP1"
8973,"TRIB1"
8974,"TRIB2"
8975,"TRIB3"
8976,"TRIM10"
8977,"TRIM13"
8978,"TRIM14"
8979,"TRIM15"
8980,"TRIM17"
8981,"TRIM2"
8982,"TRIM21"
8983,"TRIM22"
8984,"TRIM23"
8985,"TRIM24"
8986,"TRIM25"
8987,"TRIM26"
8988,"TRIM27"
8989,"TRIM28"
8990,"TRIM29"
8991,"TRIM3"
8992,"TRIM31"
8993,"TRIM32"
8994,"TRIM33"
8995,"TRIM36"
8996,"TRIM37"
8997,"TRIM38"
8998,"TRIM44"
8999,"TRIM45"
9000,"TRIM46"
9001,"TRIM48"
9002,"TRIM49"
9003,"TRIM5"
9004,"TRIM52"
9005,"TRIM58"
9006,"TRIM62"
9007,"TRIM66"
9008,"TRIM68"
9009,"TRIM8"
9010,"TRIM9"
9011,"TRIO"
9012,"TRIOBP"
9013,"TRIP10"
9014,"TRIP11"
9015,"TRIP12"
9016,"TRIP13"
9017,"TRIP4"
9018,"TRIP6"
9019,"TRIT1"
9020,"TRMT1"
9021,"TRMT11"
9022,"TRMT12"
9023,"TRMT5"
9024,"TRMU"
9025,"TRO"
9026,"TROAP"
9027,"TRPA1"
9028,"TRPC1"
9029,"TRPC3"
9030,"TRPC4"
9031,"TRPC4AP"
9032,"TRPC5"
9033,"TRPC6"
9034,"TRPC7"
9035,"TRPM1"
9036,"TRPM2"
9037,"TRPM3"
9038,"TRPM4"
9039,"TRPM6"
9040,"TRPM8"
9041,"TRPS1"
9042,"TRPV1"
9043,"TRPV2"
9044,"TRPV4"
9045,"TRPV5"
9046,"TRPV6"
9047,"TRRAP"
9048,"TSC1"
9049,"TSC2"
9050,"TSC22D1"
9051,"TSC22D2"
9052,"TSC22D3"
9053,"TSC22D4"
9054,"TSEN2"
9055,"TSEN34"
9056,"TSFM"
9057,"TSG101"
9058,"TSGA10"
9059,"TSHB"
9060,"TSHR"
9061,"TSKS"
9062,"TSKU"
9063,"TSN"
9064,"TSNAX"
9065,"TSNAXIP1"
9066,"TSPAN1"
9067,"TSPAN12"
9068,"TSPAN13"
9069,"TSPAN14"
9070,"TSPAN15"
9071,"TSPAN2"
9072,"TSPAN3"
9073,"TSPAN31"
9074,"TSPAN32"
9075,"TSPAN4"
9076,"TSPAN5"
9077,"TSPAN6"
9078,"TSPAN7"
9079,"TSPAN8"
9080,"TSPAN9"
9081,"TSPO"
9082,"TSPYL1"
9083,"TSPYL2"
9084,"TSPYL4"
9085,"TSPYL5"
9086,"TSR1"
9087,"TSR2"
9088,"TSSC4"
9089,"TST"
9090,"TTBK2"
9091,"TTC1"
9092,"TTC12"
9093,"TTC13"
9094,"TTC17"
9095,"TTC19"
9096,"TTC22"
9097,"TTC23"
9098,"TTC27"
9099,"TTC28"
9100,"TTC3"
9101,"TTC31"
9102,"TTC33"
9103,"TTC4"
9104,"TTC9"
9105,"TTF1"
9106,"TTF2"
9107,"TTK"
9108,"TTLL1"
9109,"TTLL12"
9110,"TTLL3"
9111,"TTLL4"
9112,"TTLL5"
9113,"TTLL7"
9114,"TTN"
9115,"TTPA"
9116,"TTR"
9117,"TTYH1"
9118,"TUB"
9119,"TUBA1A"
9120,"TUBA1B"
9121,"TUBA1C"
9122,"TUBA3C"
9123,"TUBA4A"
9124,"TUBA8"
9125,"TUBAL3"
9126,"TUBB"
9127,"TUBB1"
9128,"TUBB2A"
9129,"TUBB2B"
9130,"TUBB3"
9131,"TUBB6"
9132,"TUBD1"
9133,"TUBG1"
9134,"TUBG2"
9135,"TUBGCP2"
9136,"TUBGCP3"
9137,"TUBGCP5"
9138,"TUFM"
9139,"TUFT1"
9140,"TUG1"
9141,"TULP1"
9142,"TULP2"
9143,"TULP3"
9144,"TULP4"
9145,"TUSC2"
9146,"TUSC3"
9147,"TUT1"
9148,"TWF1"
9149,"TWF2"
9150,"TWIST1"
9151,"TWSG1"
9152,"TXK"
9153,"TXLNA"
9154,"TXN"
9155,"TXN2"
9156,"TXNDC5"
9157,"TXNDC9"
9158,"TXNIP"
9159,"TXNL1"
9160,"TXNL4A"
9161,"TXNL4B"
9162,"TXNRD1"
9163,"TXNRD2"
9164,"TYK2"
9165,"TYMS"
9166,"TYR"
9167,"TYRO3"
9168,"TYROBP"
9169,"TYRP1"
9170,"U2AF1"
9171,"U2AF2"
9172,"UAP1"
9173,"UAP1L1"
9174,"UBA52"
9175,"UBAC1"
9176,"UBAP1"
9177,"UBAP2"
9178,"UBAP2L"
9179,"UBASH3A"
9180,"UBC"
9181,"UBE2A"
9182,"UBE2B"
9183,"UBE2C"
9184,"UBE2D1"
9185,"UBE2D2"
9186,"UBE2D3"
9187,"UBE2D4"
9188,"UBE2E1"
9189,"UBE2E3"
9190,"UBE2G1"
9191,"UBE2G2"
9192,"UBE2H"
9193,"UBE2I"
9194,"UBE2J1"
9195,"UBE2L3"
9196,"UBE2L6"
9197,"UBE2M"
9198,"UBE2N"
9199,"UBE2NL"
9200,"UBE2O"
9201,"UBE2Q1"
9202,"UBE2S"
9203,"UBE2V2"
9204,"UBE2W"
9205,"UBE2Z"
9206,"UBE3A"
9207,"UBE3B"
9208,"UBE3C"
9209,"UBE4A"
9210,"UBE4B"
9211,"UBFD1"
9212,"UBIAD1"
9213,"UBL3"
9214,"UBL4A"
9215,"UBL5"
9216,"UBN1"
9217,"UBOX5"
9218,"UBP1"
9219,"UBQLN2"
9220,"UBQLN3"
9221,"UBR2"
9222,"UBR4"
9223,"UBR5"
9224,"UBTD1"
9225,"UBTF"
9226,"UCHL1"
9227,"UCHL3"
9228,"UCHL5"
9229,"UCK2"
9230,"UCKL1"
9231,"UCN"
9232,"UCP1"
9233,"UCP2"
9234,"UCP3"
9235,"UEVLD"
9236,"UFC1"
9237,"UFM1"
9238,"UGCG"
9239,"UGDH"
9240,"UGP2"
9241,"UGT2A1"
9242,"UGT2A3"
9243,"UGT2B15"
9244,"UGT2B4"
9245,"UGT8"
9246,"UIMC1"
9247,"ULBP1"
9248,"ULBP2"
9249,"ULK1"
9250,"ULK2"
9251,"ULK4"
9252,"UMOD"
9253,"UMPS"
9254,"UNC119"
9255,"UNC119B"
9256,"UNC13A"
9257,"UNC13B"
9258,"UNC45A"
9259,"UNC50"
9260,"UNC5C"
9261,"UNC93A"
9262,"UNC93B1"
9263,"UNG"
9264,"UNKL"
9265,"UPB1"
9266,"UPF1"
9267,"UPF2"
9268,"UPF3A"
9269,"UPF3B"
9270,"UPK1A"
9271,"UPK1B"
9272,"UPK2"
9273,"UPK3A"
9274,"UPK3B"
9275,"UPP1"
9276,"UQCRB"
9277,"UQCRC1"
9278,"UQCRC2"
9279,"UQCRFS1"
9280,"UQCRQ"
9281,"URB1"
9282,"URM1"
9283,"UROD"
9284,"UROS"
9285,"USF2"
9286,"USH1C"
9287,"USH2A"
9288,"USP1"
9289,"USP10"
9290,"USP11"
9291,"USP12"
9292,"USP13"
9293,"USP14"
9294,"USP15"
9295,"USP16"
9296,"USP18"
9297,"USP19"
9298,"USP2"
9299,"USP20"
9300,"USP21"
9301,"USP22"
9302,"USP24"
9303,"USP25"
9304,"USP29"
9305,"USP3"
9306,"USP32"
9307,"USP33"
9308,"USP34"
9309,"USP36"
9310,"USP39"
9311,"USP4"
9312,"USP46"
9313,"USP47"
9314,"USP48"
9315,"USP5"
9316,"USP6"
9317,"USP6NL"
9318,"USP7"
9319,"USP8"
9320,"USP9X"
9321,"USPL1"
9322,"UST"
9323,"UTF1"
9324,"UTP14A"
9325,"UTP15"
9326,"UTP18"
9327,"UTP20"
9328,"UTP6"
9329,"UTRN"
9330,"UTS2"
9331,"UTY"
9332,"UVRAG"
9333,"UXS1"
9334,"UXT"
9335,"VAC14"
9336,"VAMP1"
9337,"VAMP2"
9338,"VAMP3"
9339,"VAMP4"
9340,"VAMP5"
9341,"VAMP8"
9342,"VANGL1"
9343,"VAPA"
9344,"VAPB"
9345,"VASH1"
9346,"VASH2"
9347,"VASP"
9348,"VAT1"
9349,"VAV1"
9350,"VAV3"
9351,"VAX2"
9352,"VBP1"
9353,"VCAM1"
9354,"VCAN"
9355,"VCL"
9356,"VCP"
9357,"VCPIP1"
9358,"VDAC1"
9359,"VDAC2"
9360,"VDAC3"
9361,"VDR"
9362,"VEGFA"
9363,"VEGFB"
9364,"VEGFC"
9365,"VENTX"
9366,"VENTXP1"
9367,"VEZF1"
9368,"VGF"
9369,"VGLL1"
9370,"VGLL3"
9371,"VGLL4"
9372,"VIL1"
9373,"VILL"
9374,"VIM"
9375,"VIP"
9376,"VIPR1"
9377,"VIPR2"
9378,"VKORC1"
9379,"VLDLR"
9380,"VNN1"
9381,"VNN2"
9382,"VPREB1"
9383,"VPREB3"
9384,"VPS11"
9385,"VPS13A"
9386,"VPS13B"
9387,"VPS13C"
9388,"VPS13D"
9389,"VPS16"
9390,"VPS26A"
9391,"VPS28"
9392,"VPS33A"
9393,"VPS33B"
9394,"VPS35"
9395,"VPS37B"
9396,"VPS37C"
9397,"VPS39"
9398,"VPS41"
9399,"VPS45"
9400,"VPS4A"
9401,"VPS4B"
9402,"VPS52"
9403,"VPS53"
9404,"VPS54"
9405,"VPS72"
9406,"VPS8"
9407,"VRK1"
9408,"VRK3"
9409,"VSIG4"
9410,"VSNL1"
9411,"VSX1"
9412,"VTCN1"
9413,"VTN"
9414,"VWA1"
9415,"VWF"
9416,"WAC"
9417,"WARS2"
9418,"WAS"
9419,"WASF1"
9420,"WASF3"
9421,"WASL"
9422,"WBP11"
9423,"WBP4"
9424,"WDFY3"
9425,"WDHD1"
9426,"WDR1"
9427,"WDR12"
9428,"WDR13"
9429,"WDR18"
9430,"WDR19"
9431,"WDR25"
9432,"WDR26"
9433,"WDR3"
9434,"WDR37"
9435,"WDR4"
9436,"WDR41"
9437,"WDR44"
9438,"WDR45"
9439,"WDR46"
9440,"WDR47"
9441,"WDR48"
9442,"WDR59"
9443,"WDR5B"
9444,"WDR6"
9445,"WDR62"
9446,"WDR7"
9447,"WDR70"
9448,"WDR73"
9449,"WDR74"
9450,"WDR76"
9451,"WDR77"
9452,"WDR82"
9453,"WDR91"
9454,"WDTC1"
9455,"WEE1"
9456,"WFDC1"
9457,"WFDC2"
9458,"WFS1"
9459,"WIF1"
9460,"WIPF1"
9461,"WIPF2"
9462,"WIPI2"
9463,"WIZ"
9464,"WNK1"
9465,"WNT1"
9466,"WNT10B"
9467,"WNT11"
9468,"WNT16"
9469,"WNT2"
9470,"WNT2B"
9471,"WNT3"
9472,"WNT4"
9473,"WNT5A"
9474,"WNT5B"
9475,"WNT6"
9476,"WNT7A"
9477,"WNT7B"
9478,"WNT8B"
9479,"WRN"
9480,"WRNIP1"
9481,"WSB1"
9482,"WSB2"
9483,"WSCD1"
9484,"WT1"
9485,"WTAP"
9486,"WWC1"
9487,"WWC2"
9488,"WWC3"
9489,"WWOX"
9490,"WWP1"
9491,"WWP2"
9492,"WWTR1"
9493,"XAB2"
9494,"XAF1"
9495,"XBP1"
9496,"XCL1"
9497,"XCR1"
9498,"XDH"
9499,"XK"
9500,"XKR8"
9501,"XPA"
9502,"XPC"
9503,"XPNPEP1"
9504,"XPNPEP2"
9505,"XPNPEP3"
9506,"XPO1"
9507,"XPO4"
9508,"XPO6"
9509,"XPO7"
9510,"XPOT"
9511,"XRCC1"
9512,"XRCC2"
9513,"XRCC3"
9514,"XRCC4"
9515,"XRCC5"
9516,"XRCC6"
9517,"XYLB"
9518,"XYLT1"
9519,"XYLT2"
9520,"YAF2"
9521,"YAP1"
9522,"YARS2"
9523,"YBX1"
9524,"YBX2"
9525,"YEATS2"
9526,"YEATS4"
9527,"YES1"
9528,"YIF1A"
9529,"YIPF1"
9530,"YIPF2"
9531,"YIPF3"
9532,"YIPF4"
9533,"YIPF5"
9534,"YIPF6"
9535,"YKT6"
9536,"YLPM1"
9537,"YME1L1"
9538,"YOD1"
9539,"YPEL1"
9540,"YPEL5"
9541,"YRDC"
9542,"YTHDC1"
9543,"YTHDC2"
9544,"YTHDF1"
9545,"YTHDF2"
9546,"YTHDF3"
9547,"YWHAB"
9548,"YWHAE"
9549,"YWHAH"
9550,"YWHAQ"
9551,"YWHAZ"
9552,"YY1"
9553,"YY1AP1"
9554,"ZAP70"
9555,"ZBED2"
9556,"ZBED4"
9557,"ZBED5"
9558,"ZBP1"
9559,"ZBTB1"
9560,"ZBTB11"
9561,"ZBTB16"
9562,"ZBTB17"
9563,"ZBTB20"
9564,"ZBTB22"
9565,"ZBTB24"
9566,"ZBTB25"
9567,"ZBTB32"
9568,"ZBTB33"
9569,"ZBTB38"
9570,"ZBTB39"
9571,"ZBTB40"
9572,"ZBTB43"
9573,"ZBTB48"
9574,"ZBTB5"
9575,"ZBTB6"
9576,"ZBTB7A"
9577,"ZBTB7B"
9578,"ZBTB7C"
9579,"ZC3H11A"
9580,"ZC3H12A"
9581,"ZC3H13"
9582,"ZC3H14"
9583,"ZC3H15"
9584,"ZC3H3"
9585,"ZC3H7A"
9586,"ZC3H7B"
9587,"ZC3HAV1"
9588,"ZCCHC10"
9589,"ZCCHC14"
9590,"ZCCHC2"
9591,"ZCCHC4"
9592,"ZCCHC8"
9593,"ZCWPW1"
9594,"ZDHHC11"
9595,"ZDHHC13"
9596,"ZDHHC14"
9597,"ZDHHC17"
9598,"ZDHHC18"
9599,"ZDHHC24"
9600,"ZDHHC3"
9601,"ZDHHC4"
9602,"ZDHHC6"
9603,"ZDHHC7"
9604,"ZEB1"
9605,"ZEB2"
9606,"ZER1"
9607,"ZFAND1"
9608,"ZFAND3"
9609,"ZFAND5"
9610,"ZFHX4"
9611,"ZFP2"
9612,"ZFP30"
9613,"ZFP36"
9614,"ZFP36L1"
9615,"ZFP36L2"
9616,"ZFP37"
9617,"ZFP64"
9618,"ZFPL1"
9619,"ZFPM2"
9620,"ZFR"
9621,"ZFX"
9622,"ZFYVE16"
9623,"ZFYVE21"
9624,"ZFYVE26"
9625,"ZFYVE9"
9626,"ZHX2"
9627,"ZHX3"
9628,"ZIC1"
9629,"ZIC3"
9630,"ZIC4"
9631,"ZKSCAN1"
9632,"ZKSCAN3"
9633,"ZKSCAN4"
9634,"ZKSCAN5"
9635,"ZMAT3"
9636,"ZMAT4"
9637,"ZMAT5"
9638,"ZMIZ1"
9639,"ZMIZ2"
9640,"ZMPSTE24"
9641,"ZMYM1"
9642,"ZMYM2"
9643,"ZMYM3"
9644,"ZMYM4"
9645,"ZMYM5"
9646,"ZMYM6"
9647,"ZMYND10"
9648,"ZMYND11"
9649,"ZMYND8"
9650,"ZNF10"
9651,"ZNF117"
9652,"ZNF12"
9653,"ZNF124"
9654,"ZNF131"
9655,"ZNF132"
9656,"ZNF133"
9657,"ZNF134"
9658,"ZNF135"
9659,"ZNF136"
9660,"ZNF14"
9661,"ZNF140"
9662,"ZNF141"
9663,"ZNF142"
9664,"ZNF143"
9665,"ZNF146"
9666,"ZNF148"
9667,"ZNF154"
9668,"ZNF155"
9669,"ZNF157"
9670,"ZNF16"
9671,"ZNF165"
9672,"ZNF174"
9673,"ZNF175"
9674,"ZNF177"
9675,"ZNF180"
9676,"ZNF184"
9677,"ZNF185"
9678,"ZNF189"
9679,"ZNF195"
9680,"ZNF197"
9681,"ZNF20"
9682,"ZNF200"
9683,"ZNF202"
9684,"ZNF205"
9685,"ZNF207"
9686,"ZNF208"
9687,"ZNF211"
9688,"ZNF212"
9689,"ZNF214"
9690,"ZNF215"
9691,"ZNF217"
9692,"ZNF219"
9693,"ZNF22"
9694,"ZNF221"
9695,"ZNF222"
9696,"ZNF223"
9697,"ZNF224"
9698,"ZNF225"
9699,"ZNF226"
9700,"ZNF227"
9701,"ZNF230"
9702,"ZNF232"
9703,"ZNF235"
9704,"ZNF236"
9705,"ZNF239"
9706,"ZNF24"
9707,"ZNF248"
9708,"ZNF250"
9709,"ZNF253"
9710,"ZNF254"
9711,"ZNF257"
9712,"ZNF26"
9713,"ZNF263"
9714,"ZNF264"
9715,"ZNF266"
9716,"ZNF267"
9717,"ZNF273"
9718,"ZNF274"
9719,"ZNF281"
9720,"ZNF282"
9721,"ZNF286A"
9722,"ZNF287"
9723,"ZNF292"
9724,"ZNF3"
9725,"ZNF302"
9726,"ZNF304"
9727,"ZNF318"
9728,"ZNF32"
9729,"ZNF324"
9730,"ZNF329"
9731,"ZNF330"
9732,"ZNF331"
9733,"ZNF334"
9734,"ZNF335"
9735,"ZNF337"
9736,"ZNF33B"
9737,"ZNF34"
9738,"ZNF343"
9739,"ZNF345"
9740,"ZNF35"
9741,"ZNF350"
9742,"ZNF354A"
9743,"ZNF358"
9744,"ZNF365"
9745,"ZNF37A"
9746,"ZNF384"
9747,"ZNF394"
9748,"ZNF395"
9749,"ZNF407"
9750,"ZNF408"
9751,"ZNF410"
9752,"ZNF415"
9753,"ZNF419"
9754,"ZNF423"
9755,"ZNF426"
9756,"ZNF428"
9757,"ZNF43"
9758,"ZNF430"
9759,"ZNF432"
9760,"ZNF44"
9761,"ZNF442"
9762,"ZNF444"
9763,"ZNF446"
9764,"ZNF45"
9765,"ZNF451"
9766,"ZNF467"
9767,"ZNF468"
9768,"ZNF471"
9769,"ZNF473"
9770,"ZNF480"
9771,"ZNF492"
9772,"ZNF493"
9773,"ZNF500"
9774,"ZNF507"
9775,"ZNF510"
9776,"ZNF512B"
9777,"ZNF528"
9778,"ZNF532"
9779,"ZNF536"
9780,"ZNF544"
9781,"ZNF549"
9782,"ZNF551"
9783,"ZNF552"
9784,"ZNF556"
9785,"ZNF557"
9786,"ZNF562"
9787,"ZNF571"
9788,"ZNF573"
9789,"ZNF574"
9790,"ZNF576"
9791,"ZNF580"
9792,"ZNF586"
9793,"ZNF587"
9794,"ZNF589"
9795,"ZNF592"
9796,"ZNF606"
9797,"ZNF609"
9798,"ZNF611"
9799,"ZNF614"
9800,"ZNF623"
9801,"ZNF629"
9802,"ZNF638"
9803,"ZNF639"
9804,"ZNF646"
9805,"ZNF652"
9806,"ZNF654"
9807,"ZNF665"
9808,"ZNF667"
9809,"ZNF668"
9810,"ZNF669"
9811,"ZNF671"
9812,"ZNF672"
9813,"ZNF674"
9814,"ZNF675"
9815,"ZNF682"
9816,"ZNF688"
9817,"ZNF692"
9818,"ZNF695"
9819,"ZNF696"
9820,"ZNF7"
9821,"ZNF701"
9822,"ZNF706"
9823,"ZNF711"
9824,"ZNF74"
9825,"ZNF747"
9826,"ZNF750"
9827,"ZNF76"
9828,"ZNF764"
9829,"ZNF768"
9830,"ZNF770"
9831,"ZNF771"
9832,"ZNF780B"
9833,"ZNF787"
9834,"ZNF79"
9835,"ZNF8"
9836,"ZNF80"
9837,"ZNF804A"
9838,"ZNF81"
9839,"ZNF83"
9840,"ZNF84"
9841,"ZNF85"
9842,"ZNF91"
9843,"ZNHIT1"
9844,"ZNHIT2"
9845,"ZNHIT3"
9846,"ZNRF4"
9847,"ZP2"
9848,"ZPBP"
9849,"ZRSR2"
9850,"ZSCAN12"
9851,"ZSCAN16"
9852,"ZSCAN18"
9853,"ZSCAN2"
9854,"ZW10"
9855,"ZWINT"
9856,"ZXDC"
9857,"ZYX"
9858,"ZZEF1"
9859,"ZZZ3"
